gbifID,countryCode,stateProvince,decimalLatitude,decimalLongitude,year,month,day,eventDate,cluster,elevation,dist_to_water_km,season,season_encoded,ndvi_proxy
923926679,ZM,Southern,-16.030715,28.830077,2014,6,14,2014-06-14T13:40:18,0,415.0,14.951717975734821,dry,0,0.4575
899951488,ZW,Mashonaland West,-16.938582,28.413236,1990,7,5,1990-07-05,0,534.0,109.40335462859848,dry,0,0.4697
899950120,ZW,Manicaland,-21.028722,32.351383,1998,10,17,1998-10-17,1,371.0,348.39554213541476,dry,0,0.49
899950113,ZW,Mashonaland West,-16.904898,28.428448,1998,10,10,1998-10-10,0,514.0,105.3670051905866,dry,0,0.4726
899950092,ZW,Mashonaland West,-16.944438,28.493564,1998,10,10,1998-10-10,0,544.0,105.75541766842278,dry,0,0.4712
899949936,BW,Chobe,-18.743611,24.538534,1998,10,7,1998-10-07,0,960.0,112.92959585816587,dry,0,0.2774
891776853,ZM,Central,-12.553489,30.256496,2013,12,4,2013-12-04,2,1207.0,365.21291917369945,wet,1,0.6008
891727940,BW,North-West,-19.284425,22.645955,2007,9,26,2007-09-26T02:51:14,0,967.0,95.1257792809134,dry,0,0.3053
891076168,BW,Chobe,-18.605543,24.472674,2011,5,1,2011-05-01,0,955.0,111.38377802670007,dry,0,0.3349
891072833,BW,Chobe,-18.752899,24.488977,2011,7,22,2011-07-22T08:43,0,951.0,107.62120627273316,dry,0,0.281
891072831,BW,Chobe,-17.968286,25.096147,2011,7,22,2011-07-22T08:38,0,1041.0,80.65623043471291,dry,0,0.2859
891062169,ZM,Muchinga,-13.148463,31.648811,2007,11,12,2007-11-12T16:12,3,593.0,438.18363582226124,wet,1,0.5454
891062158,BW,North-West,-19.595253,23.228511,2007,11,26,2007-11-26T17:58,0,948.0,72.06099058269595,wet,1,0.2323
891062150,ZM,Muchinga,-13.190468,31.680375,2007,11,12,2007-11-12T13:23,3,532.0,436.95330216545955,wet,1,0.5456
891062123,BW,North-West,-19.196529,23.837842,2007,11,16,2007-11-16T17:27,0,940.0,41.68578804314995,wet,1,0.3088
891062102,BW,Chobe,-18.42257,24.01211,2007,11,16,2007-11-16T13:05,0,938.0,83.85378700565546,wet,1,0.3082
891062012,BW,North-West,-20.253259,25.194044,2007,11,29,2007-11-29T17:03,0,925.0,179.3876416542934,wet,1,0.2336
891061963,BW,Chobe,-17.946449,25.100015,2007,11,30,2007-11-30T15:52,0,1037.0,80.14141920008355,wet,1,0.2859
6236532449,BW,North-West,-19.6789,23.492939,2013,3,3,2013-03-03T16:32,0,942.0,75.49387079036387,wet,1,0.2384
6236421877,BW,Chobe,-18.515527,24.850458,2014,6,12,2014-06-12T08:16:23,0,1005.0,125.01315274298894,dry,0,0.2616
6236270276,BW,North-West,-19.722794,23.42145,2013,3,3,2013-03-03T16:32,0,943.0,80.79235579177671,wet,1,0.2354
6236171969,ZM,Muchinga,-12.930538,31.968662,2025,6,23,2025-06-23T07:57,3,536.0,479.3344768242613,dry,0,0.5576
6236081509,ZM,Muchinga,-13.045866,31.884278,2025,6,23,2025-06-23T10:06,3,526.0,463.70052450960225,dry,0,0.5715
6235964354,BW,North-West,-20.962738,23.590669,2026,4,17,2026-04-17T18:09:21,0,986.0,218.45205954082175,wet,1,0.2068
6235863863,ZW,Mashonaland West,-15.861149,28.964871,2026,4,26,2026-04-26T16:41:01,0,426.0,26.606551489732496,wet,1,0.3792
6235771927,BW,Chobe,-17.954105,25.022064,2026,1,1,2026-01-01T16:43:46,0,1029.0,88.41031740860858,wet,1,0.2725
6235697015,BW,North-West,-20.80368,23.627277,2026,4,14,2026-04-14T15:15:59,0,979.0,201.00100581564513,wet,1,0.2132
6235683936,ZM,Muchinga,-13.011028,31.834304,2025,6,23,2025-06-23T10:48,3,533.0,462.9387692013594,dry,0,0.5715
6235655035,ZM,Muchinga,-12.875074,31.970791,2025,6,23,2025-06-23T07:54,3,532.0,484.06708572209527,dry,0,0.5576
6235607262,BW,Chobe,-17.995394,25.076097,2025,9,12,2025-09-12T00:57,0,1039.0,82.99976725296365,dry,0,0.2859
6235575788,ZM,Muchinga,-13.106711,31.890164,2025,6,23,2025-06-23T10:09,3,535.0,459.1758163276291,dry,0,0.5677
6235281849,ZW,Matabeleland North,-17.107582,28.053894,2025,12,7,2025-12-07T10:28,0,487.0,147.2076972829369,wet,1,0.6021
6235279831,BW,Chobe,-17.813659,25.051914,2026,4,23,2026-04-23T15:48:21,0,930.0,86.10752000826567,wet,1,0.3079
6235208108,BW,North-West,-19.737106,23.054296,2013,3,2,2013-03-02T15:40,0,952.0,94.36019160126389,wet,1,0.2755
6235123843,BW,Chobe,-17.912463,25.101838,2025,9,12,2025-09-12T05:20,0,1033.0,79.92921567091689,dry,0,0.298
6235101868,ZM,Muchinga,-12.930949,31.977706,2025,6,23,2025-06-23T08:51,3,534.0,479.9610160259043,dry,0,0.5576
6235010895,BW,Chobe,-17.94942,25.108152,2026,4,25,2026-04-25T16:09:01,0,1039.0,79.29129310490332,wet,1,0.2859
6234876849,ZM,Muchinga,-12.88219,31.940834,2025,6,23,2025-06-23T07:54,3,535.0,481.3151611580995,dry,0,0.5576
6234851075,ZW,Mashonaland West,-16.867352,28.53179,2026,4,20,2026-04-20T07:22:30,0,534.0,96.27480625602425,wet,1,0.4609
6234832850,MZ,Sofala,-18.38971,35.719166,2026,4,24,2026-04-24T20:47:50,-1,9.0,447.78316876095346,wet,1,0.533
6234692815,BW,Chobe,-17.950622,24.867011,2026,4,4,2026-04-04T10:27,0,1020.0,104.79295239892572,wet,1,0.2662
6234661731,BW,North-West,-18.553415,23.581706,2026,3,24,2026-03-24T09:51,0,947.0,50.39747647355212,wet,1,0.3225
6195986173,BW,Central,-22.259003,28.829847,2026,4,7,2026-04-07T22:10:41,4,615.0,181.33822762584376,wet,1,0.2025
6195762106,ZW,Matabeleland North,-18.635617,26.837497,2026,4,10,2026-04-10T11:52:36,0,1106.0,77.68520616056777,wet,1,0.4331
6195717587,BW,Ghanzi,-21.601066,21.633281,2026,3,26,2026-03-26T19:47:11,-1,1162.0,348.6268882200279,wet,1,0.141
6195611433,BW,Chobe,-18.559645,24.23605,2026,4,12,2026-04-12T07:54:38,0,932.0,91.66192402601108,wet,1,0.3093
6195434187,ZM,Muchinga,-13.137971,31.609398,2026,3,24,2026-03-24T19:21:32,3,613.0,436.27035734628737,wet,1,0.6545
6188310718,ZW,Mashonaland West,-16.237334,29.459534,2025,8,15,2025-08-15T09:19:30,0,778.0,56.518653698400904,dry,0,0.4299
6188304578,ZW,Matabeleland North,-17.803535,25.774542,2026,3,31,2026-03-31T17:01,0,961.0,16.02658121740605,wet,1,0.3852
6188122291,BW,North-West,-19.373805,23.144692,2026,3,23,2026-03-23T16:43,0,958.0,55.85678917486683,wet,1,0.277
6188067816,BW,North-West,-19.159356,22.486397,2008,1,12,2008-01-12T18:47,0,972.0,107.97954387015817,wet,1,0.2686
6185995011,BW,Chobe,-17.808404,24.927487,2014,9,24,2014-09-24T09:42,0,931.0,99.23409544922929,dry,0,0.3088
6185918425,BW,Chobe,-17.805918,25.080673,2026,3,28,2026-03-28T18:04,0,930.0,83.22985528738043,wet,1,0.3079
6185911936,BW,North-West,-19.435141,23.446714,2026,1,14,2026-01-14T14:05:09,0,952.0,48.70787621142598,wet,1,0.2381
6185875497,ZW,Matabeleland North,-17.980016,25.767621,2026,1,6,2026-01-06T17:43:28,0,1010.0,11.32133705618641,wet,1,0.3628
6185845494,ZW,Matabeleland North,-19.092724,27.237865,2012,6,4,2012-06-04T17:49,0,1019.0,114.24179631146772,dry,0,0.3617
6185817943,BW,Chobe,-17.855095,25.137004,2026,3,21,2026-03-21T17:49,0,971.0,76.59761373486224,wet,1,0.3434
6185796415,BW,Chobe,-17.990332,25.051699,2026,3,21,2026-03-21T17:50,0,1037.0,85.5201745766535,wet,1,0.2643
6185691756,BW,Chobe,-17.80078,25.04867,2026,3,29,2026-03-29T12:05,0,928.0,86.66578233834896,wet,1,0.3079
6185663555,BW,Chobe,-17.93638,25.127571,2026,3,28,2026-03-28T13:08,0,1035.0,77.20226795115022,wet,1,0.2859
6185583106,BW,Chobe,-17.933882,25.036414,2026,3,28,2026-03-28T13:24,0,1026.0,86.84160595002433,wet,1,0.2725
6185582516,BW,Central,-20.107113,25.293795,2014,9,24,2014-09-24T07:51,0,934.0,160.10230818581266,dry,0,0.2523
6185557265,BW,North-West,-19.557962,23.384154,2013,1,10,2013-01-10T02:02,0,948.0,63.22277951195173,wet,1,0.225
6185383360,BW,Chobe,-17.885223,25.038576,2026,3,26,2026-03-26T15:04:08,0,1002.0,86.72714830553417,wet,1,0.298
6185327782,BW,Chobe,-17.894593,25.036531,2026,3,25,2026-03-25T06:54,0,1017.0,86.89512556015329,wet,1,0.298
6185324880,BW,Chobe,-17.990085,25.002665,2026,3,26,2026-03-26T15:29:36,0,1031.0,90.68667602260915,wet,1,0.2725
6185272285,BW,Chobe,-17.861701,25.063064,2025,6,18,2025-06-18T11:00:32,0,952.0,84.3205326072232,dry,0,0.298
6185185498,BW,North-West,-19.107677,22.508952,2013,1,10,2013-01-10T08:43,0,974.0,104.84764856008857,wet,1,0.2819
6185066958,BW,Chobe,-17.825756,25.056388,2026,2,5,2026-02-05T08:19,0,928.0,85.45319101256887,wet,1,0.3079
6184881262,ZW,Matabeleland North,-17.801279,25.635765,2026,2,3,2026-02-03T17:30,0,972.0,27.135688706245112,wet,1,0.3932
6184826982,BW,Chobe,-17.984814,25.190814,2026,3,25,2026-03-25T06:56,0,1051.0,70.81062131230993,wet,1,0.2937
6184817356,ZW,Matabeleland North,-17.988103,25.849896,2026,3,29,2026-03-29T20:00:40,0,929.0,7.136515031671021,wet,1,0.3944
6184761826,BW,Chobe,-17.982875,25.015527,2026,3,25,2026-03-25T06:54,0,1032.0,89.27039808338198,wet,1,0.2725
6184751270,BW,Chobe,-17.98815,25.027682,2026,3,26,2026-03-26T15:45:57,0,1034.0,88.03217357568337,wet,1,0.2726
6179310345,ZM,Lusaka,-15.726533,29.307532,2026,3,7,2026-03-07T18:03:19,0,381.0,56.44679170134859,wet,1,0.4691
6179283908,BW,Central,-19.753784,26.162694,2023,5,16,2023-05-16T15:19:56,0,938.0,92.16827168513606,dry,0,0.2594
6179271976,BW,Central,-20.162835,26.023092,2020,9,13,2020-09-13T08:21:24,0,914.0,138.46195551983865,dry,0,0.2413
6179085799,ZW,Matabeleland North,-18.761069,27.16935,2026,3,6,2026-03-06T12:23:16,0,1052.0,107.16875982507183,wet,1,0.4518
6179061822,BW,North-West,-19.489021,23.199976,2023,5,18,2023-05-18T08:50:39,0,956.0,62.84003228110248,dry,0,0.2323
6178869778,BW,Chobe,-17.941731,25.199937,2022,11,19,2022-11-19T11:20,0,1041.0,69.56063837979215,wet,1,0.2937
6178847080,BW,Central,-20.547159,25.195077,2020,9,16,2020-09-16T17:11,0,908.0,207.02854479717212,dry,0,0.189
6178827052,ZM,Southern,-17.856926,25.880921,2025,4,6,2025-04-06T17:15,0,909.0,7.900976381282459,wet,1,0.4185
6178788378,ZM,Central,-14.971152,25.926613,2025,4,14,2025-04-14T10:18,5,1077.0,222.73161008150194,wet,1,0.4156
6178508585,BW,North-West,-19.1595,23.92013,2023,5,18,2023-05-18T08:53:22,0,935.0,47.57904722853269,dry,0,0.3341
6178505632,ZW,Matabeleland North,-17.827885,25.935972,2023,6,23,2023-06-23T17:36:55,0,926.0,13.580453990287902,dry,0,0.4517
6178392557,BW,Chobe,-17.837065,25.14626,2022,11,19,2022-11-19T10:55,0,1000.0,75.85719615160502,wet,1,0.3434
6178326668,BW,Chobe,-17.8934,25.010261,2022,11,19,2022-11-19T10:26,0,1013.0,89.67800303527359,wet,1,0.2905
6170848858,BW,North-West,-19.279071,24.98896,2026,2,19,2026-02-19T11:26:41,0,984.0,129.77266334664392,wet,1,0.3282
6162964373,BW,Chobe,-18.011355,24.756262,2026,1,10,2026-01-10T18:00,0,1014.0,116.84980855165139,wet,1,0.2843
6162837818,ZW,Matabeleland North,-17.972607,25.632871,2025,3,21,2025-03-21T09:19,0,1044.0,24.3306515891071,wet,1,0.358
6159490435,BW,Chobe,-17.947225,25.008218,2025,11,24,2025-11-24T14:39,0,1029.0,89.85084355911845,wet,1,0.2725
6159413735,BW,Central,-22.47111,28.665727,2025,12,31,2025-12-31T13:20,4,710.0,160.3010496820292,wet,1,0.2129
6159306118,ZW,Matabeleland North,-17.812777,25.903767,2026,2,15,2026-02-15T15:39:41,0,967.0,13.344182282745471,wet,1,0.4517
6159284963,BW,Chobe,-18.427899,24.311879,2024,8,11,2024-08-11T16:54,0,964.0,106.57245665036838,dry,0,0.3232
6159272805,BW,Central,-22.47979,28.600248,2025,12,31,2025-12-31T13:20,4,753.0,153.5048840568464,wet,1,0.213
6159157816,BW,Chobe,-18.449161,24.338918,2026,1,23,2026-01-23T17:48,0,966.0,107.5015181532496,wet,1,0.3232
6147584743,BW,North-West,-19.371388,22.443418,2026,2,8,2026-02-08T10:44:23,0,970.0,118.39629716151603,wet,1,0.2802
6147462535,ZW,Mashonaland West,-16.038123,29.488142,2016,2,6,2016-02-06T00:00,0,514.0,57.910854283817315,wet,1,0.4008
6147220642,BW,North-West,-19.983481,23.574907,2020,1,24,2020-01-24,0,945.0,109.63961031658974,wet,1,0.249
6133406982,BW,North-West,-19.201709,22.601528,1997,8,20,1997-08-20T09:03,0,971.0,97.03276666469066,dry,0,0.2877
6133376994,BW,Central,-20.986072,24.232586,2014,11,3,2014-11-03,0,947.0,233.73055094369315,wet,1,0.2462
6133358674,BW,Chobe,-18.553917,24.595349,2010,10,14,2010-10-14T16:23,0,967.0,125.53009242334696,dry,0,0.282
6133332929,BW,North-West,-19.044548,23.129479,2025,10,19,2025-10-19T17:45,0,966.0,39.26391103984903,dry,0,0.2856
6133197948,BW,North-West,-19.104006,23.191013,2025,10,19,2025-10-19T08:57,0,958.0,34.473498994353086,dry,0,0.2638
6133197711,ZM,Muchinga,-13.007999,31.642431,2025,5,28,2025-05-28T16:25:12,3,656.0,449.6157450200836,dry,0,0.622
6133115678,BW,Chobe,-18.452948,24.469937,2010,10,15,2010-10-15T14:55,0,971.0,118.88311945433249,dry,0,0.333
6133025139,ZW,Matabeleland North,-18.073782,25.852697,2025,4,16,2025-04-16T12:14:33,0,1072.0,16.628460237559697,wet,1,0.38
6131695105,ZW,Matabeleland North,-18.960309,26.463422,2016,6,25,2016-06-25T07:03,0,1041.0,31.548473189972203,dry,0,0.416
6131629971,ZM,Muchinga,-13.128419,31.607949,2025,6,24,2025-06-24T10:47,3,625.0,436.9746594169066,dry,0,0.6545
6131627858,BW,North-West,-19.070459,23.983393,2016,6,21,2016-06-21T23:47,0,929.0,51.41210612608163,dry,0,0.3247
6131621837,BW,North-West,-18.425143,21.828049,2025,9,26,2025-09-26T09:04,0,1018.0,187.32674762997257,dry,0,0.3049
6131618962,BW,North-West,-19.036676,23.839012,2016,6,21,2016-06-21T23:39,0,939.0,35.87130104266633,dry,0,0.3195
6131585229,ZW,Matabeleland North,-18.890847,27.068147,2016,6,26,2016-06-26T23:10,0,1040.0,94.99772860909384,dry,0,0.3618
6131554636,ZW,Matabeleland North,-18.954268,26.445619,2016,6,25,2016-06-25T11:01,0,1035.0,29.61057618334299,dry,0,0.416
6131541188,ZW,Matabeleland North,-18.847605,27.000925,2016,6,26,2016-06-26T23:21,0,1059.0,88.28156197701608,dry,0,0.4116
6131537455,ZM,Muchinga,-12.874772,31.996321,2025,6,21,2025-06-21T10:01,3,540.0,485.9422166645987,dry,0,0.5576
6131525588,BW,Chobe,-17.800629,25.130094,2016,6,24,2016-06-24T10:09,0,922.0,78.17213175213215,dry,0,0.3434
6131520098,BW,North-West,-19.209715,23.031366,2013,10,10,2013-10-10T05:21,0,960.0,54.48227514025378,dry,0,0.2991
6131484745,ZW,Matabeleland North,-18.896942,26.585948,2016,6,25,2016-06-25T06:29,0,1052.0,44.305829070163895,dry,0,0.3985
6131445690,BW,North-West,-19.063322,23.752323,2025,11,29,2025-11-29T17:35,0,946.0,27.442072212399626,wet,1,0.3129
6131388448,ZW,Matabeleland North,-18.958638,27.024283,2016,6,26,2016-06-26T23:41,0,1017.0,90.36756554692813,dry,0,0.3955
6131362046,ZW,Matabeleland North,-18.888929,27.161235,2016,6,26,2016-06-26T23:56,0,1035.0,104.79154830718022,dry,0,0.374
6131343921,BW,Chobe,-17.939089,25.008404,2025,11,15,2025-11-15T17:23,0,1028.0,89.81211871443959,wet,1,0.2725
6131311539,BW,Central,-19.773969,26.105734,2025,12,21,2025-12-21T23:33,0,934.0,94.62223981666419,wet,1,0.2393
6131305936,BW,Central,-19.637566,26.050524,2026,1,5,2026-01-05T16:41:23,0,949.0,80.16315580586145,wet,1,0.2658
6131296514,ZM,Muchinga,-12.98382,31.954924,2025,6,21,2025-06-21T10:16,3,535.0,473.9597586985128,dry,0,0.5556
6131265182,ZW,Matabeleland North,-18.809936,26.585546,2016,6,25,2016-06-25T07:34,0,1074.0,45.97862414901658,dry,0,0.412
6131241593,BW,Central,-19.708309,26.023993,2026,1,5,2026-01-05T19:12:18,0,945.0,88.37290787465054,wet,1,0.2664
6131127388,ZW,Matabeleland North,-18.813902,27.178712,2012,4,30,2012-04-30T10:26:34,0,1041.0,107.28982229579638,wet,1,0.3981
6131114099,BW,North-West,-19.100331,23.888203,2025,11,28,2025-11-28T12:19,0,937.0,42.29982678848272,wet,1,0.3388
6131060505,ZM,Muchinga,-12.967502,31.852365,2025,6,21,2025-06-21T09:05,3,537.0,467.8559339993521,dry,0,0.5672
6131004900,ZM,North-Western,-14.373008,25.864345,2025,7,9,2025-07-09T19:23,5,1130.0,240.05969916792506,dry,0,0.5309
6130986939,BW,North-West,-19.550601,22.524597,2018,3,1,2018-03-01T10:31:26,0,964.0,119.28915606827015,wet,1,0.293
6130967230,BW,Chobe,-18.463252,24.110725,2016,6,23,2016-06-23T07:20,0,945.0,87.739389199152,dry,0,0.3032
6130963568,BW,Chobe,-17.900818,25.106562,2008,3,4,2008-03-04T17:57,0,1026.0,79.46409094570315,wet,1,0.298
6130901367,BW,Chobe,-17.951782,25.147643,2016,6,24,2016-06-24T06:35,0,1044.0,75.12599154263847,dry,0,0.2937
6130866981,BW,North-West,-19.115682,23.607713,2016,6,21,2016-06-21T08:04,0,947.0,17.135362223961977,dry,0,0.2783
6130863129,ZM,Muchinga,-12.85904,31.932367,2025,6,24,2025-06-24T16:59,3,538.0,482.63581723088936,dry,0,0.5896
6130834886,BW,North-West,-19.140488,23.780133,2016,6,21,2016-06-21T08:06,0,939.0,33.327720903113644,dry,0,0.3152
6130834783,BW,North-West,-19.150291,23.720107,2016,6,21,2016-06-21T08:12,0,944.0,28.536206154619354,dry,0,0.3152
6130777797,BW,North-West,-19.361081,23.768245,2016,6,21,2016-06-21T03:01,0,938.0,49.04787038633443,dry,0,0.2761
6130765256,BW,Chobe,-17.820799,25.119098,2008,3,3,2008-03-03T18:43,0,924.0,78.95568617466733,wet,1,0.3434
6130740193,BW,Chobe,-18.511666,24.000697,2016,6,23,2016-06-23T09:24,0,944.0,75.68178337852241,dry,0,0.3188
6130736357,ZM,North-Western,-14.333547,25.892128,2024,8,25,2024-08-25T16:12,5,1106.0,238.54757318690298,dry,0,0.5702
6130708101,BW,North-West,-19.154758,23.681042,2025,11,27,2025-11-27T14:57,0,942.0,25.65323029647398,wet,1,0.2882
6130607811,BW,North-West,-19.274981,23.490804,2016,6,21,2016-06-21T02:48,0,955.0,30.59174881594615,dry,0,0.2684
6130606607,BW,Chobe,-17.819944,24.880777,2025,12,2,2025-12-02T17:13,0,931.0,103.98330328738199,wet,1,0.2983
6130539632,ZW,Matabeleland North,-18.888819,27.103827,2016,6,27,2016-06-27T00:49,0,1035.0,98.75770341184293,dry,0,0.3618
6130501199,BW,Chobe,-17.917352,25.04989,2016,6,24,2016-06-24T08:41,0,1022.0,85.4168576588629,dry,0,0.298
6130474675,BW,North-West,-19.178544,23.602827,2016,6,21,2016-06-21T07:50,0,946.0,22.603074889978988,dry,0,0.2856
6130457827,ZW,Masvingo,-21.031661,31.927593,2025,8,21,2025-08-21T17:39:16,1,435.0,340.0701417094215,dry,0,0.3712
6130426048,BW,North-West,-19.189006,23.69273,2016,6,21,2016-06-21T07:36,0,944.0,29.185887846981426,dry,0,0.2737
6130425867,BW,Chobe,-17.892044,25.19205,2016,6,24,2016-06-24T06:51,0,1027.0,70.46921899937739,dry,0,0.2987
6130392424,ZW,Matabeleland North,-19.05876,27.053278,2016,6,27,2016-06-27T02:11,0,1012.0,94.49081060037948,dry,0,0.3512
6130388322,ZW,Matabeleland North,-18.994781,27.035609,2012,4,30,2012-04-30T10:18:14,0,1025.0,91.80039555197173,wet,1,0.3512
6130375458,BW,North-West,-19.44442,23.440818,2026,1,9,2026-01-09T14:45,0,948.0,49.806387622607474,wet,1,0.2381
6130371585,ZW,Matabeleland North,-18.904632,27.186237,2012,5,9,2012-05-09T17:33:17,0,1038.0,107.36389332765465,dry,0,0.374
6130349954,ZM,Muchinga,-13.187111,31.841322,2025,6,25,2025-06-25T06:54,3,549.0,449.04380388848546,dry,0,0.5248
6130325221,ZW,Masvingo,-21.077969,31.800776,2025,8,21,2025-08-21T17:38:59,1,342.0,343.7023054228538,dry,0,0.3899
6130294051,ZW,Matabeleland North,-19.185963,27.121721,2016,6,27,2016-06-27T01:58,0,1007.0,104.5784394580293,dry,0,0.3446
6130284175,ZW,Matabeleland North,-18.901133,27.006907,2016,6,27,2016-06-27T07:52,0,1047.0,88.51685679757527,dry,0,0.4116
6130283311,ZW,Matabeleland North,-18.881737,27.03586,2016,6,26,2016-06-26T12:36,0,1042.0,91.65405811218376,dry,0,0.4117
6130267075,BW,Ghanzi,-22.083523,23.964036,2026,1,21,2026-01-21T19:23:31,0,979.0,330.2414741599768,wet,1,0.1651
6130247404,ZW,Masvingo,-21.055569,31.903908,2025,8,21,2025-08-21T17:39:40,1,379.0,342.3895287851345,dry,0,0.3712
6130227313,BW,Chobe,-17.913895,25.015403,2016,6,24,2016-06-24T07:50,0,1028.0,89.07046412201792,dry,0,0.2905
6130194459,ZM,Muchinga,-12.890351,31.993754,2025,6,22,2025-06-22T11:18,3,537.0,484.4708155755196,dry,0,0.5576
6130176773,ZW,Matabeleland North,-19.097354,27.019326,2016,6,27,2016-06-27T02:50,0,1020.0,91.75705092281507,dry,0,0.3523
6130174381,ZW,Matabeleland North,-18.837365,26.527747,2016,6,25,2016-06-25T08:07,0,1063.0,39.305311197877344,dry,0,0.412
6130164385,ZW,Matabeleland North,-18.961227,26.465801,2016,6,25,2016-06-25T11:00,0,1043.0,31.809454087195277,dry,0,0.416
6130157672,BW,Chobe,-18.975802,23.887818,2016,6,22,2016-06-22T04:16,0,940.0,40.86560257092999,dry,0,0.3195
6130150512,BW,Chobe,-17.859712,25.143377,2016,6,24,2016-06-24T08:10,0,999.0,75.87538451371763,dry,0,0.2987
6130132575,BW,Chobe,-18.529033,24.129598,2016,6,23,2016-06-23T07:14,0,932.0,84.47760572989611,dry,0,0.2815
6130103098,ZW,Matabeleland North,-18.824322,27.378584,2023,9,22,2023-09-22T18:05:24,0,1050.0,128.09297807201986,dry,0,0.4291
6130068192,BW,North-West,-19.495735,21.892203,2024,1,5,2024-01-05T23:05:14,0,970.0,177.55737486288942,wet,1,0.2555
6130062242,BW,North-West,-19.070587,23.828667,2025,11,30,2025-11-30T08:25,0,942.0,35.42805904498974,wet,1,0.321
6130050041,BW,Chobe,-17.95866,24.944898,2025,12,2,2025-12-02T15:21,0,1029.0,96.58582806851855,wet,1,0.2708
6130027270,ZW,Matabeleland North,-18.895143,27.199351,2016,6,27,2016-06-27T02:05,0,1041.0,108.77312244301989,dry,0,0.374
6130001310,BW,Chobe,-17.893155,25.190465,2026,1,20,2026-01-20T08:37:37,0,1029.0,70.63032115993485,wet,1,0.2987
6129999758,BW,North-West,-19.115086,23.726494,2016,6,21,2016-06-21T09:46,0,945.0,27.026328350110695,dry,0,0.3129
6129994789,ZW,Matabeleland North,-18.847344,26.423526,2016,6,25,2016-06-25T10:45,0,1052.0,28.45335098415523,dry,0,0.371
6129993622,BW,Chobe,-18.568277,24.203635,2016,6,23,2016-06-23T23:23,0,931.0,88.2686188256142,dry,0,0.2736
6129954028,ZW,Matabeleland North,-17.966513,25.930201,2026,1,20,2026-01-20T10:05:52,0,939.0,9.037059813078779,wet,1,0.3944
6129933909,ZW,Matabeleland North,-18.874658,27.172979,2016,6,27,2016-06-27T02:52,0,1034.0,106.1022948188732,dry,0,0.374
6129909761,BW,Chobe,-17.814547,25.063976,2016,6,24,2016-06-24T08:20,0,928.0,84.82981386154725,dry,0,0.3079
6129891421,BW,North-West,-19.369978,23.438373,2016,6,20,2016-06-20T05:30,0,951.0,41.645648026273975,dry,0,0.2615
6129890361,BW,Chobe,-18.460745,24.099498,2016,6,22,2016-06-22T11:08,0,955.0,87.06861232230243,dry,0,0.3032
6129881678,BW,Chobe,-18.470287,24.018747,2016,6,23,2016-06-23T09:25,0,942.0,80.33247786382734,dry,0,0.302
6129869524,BW,North-West,-19.415987,23.712397,2025,12,21,2025-12-21T09:09,0,944.0,51.351648362132906,wet,1,0.2915
6129855396,BW,Chobe,-17.844485,25.05996,2016,6,24,2016-06-24T08:23,0,953.0,84.8308104275902,dry,0,0.3079
6129851444,BW,Chobe,-18.562394,24.075606,2016,6,23,2016-06-23T07:34,0,934.0,77.71529927917545,dry,0,0.2737
6129846063,BW,North-West,-19.108784,23.901468,2025,11,28,2025-11-28T07:05,0,938.0,43.894854439132125,wet,1,0.3388
6129819890,ZM,Southern,-15.83707,28.968622,2026,1,16,2026-01-16T07:36,0,450.0,29.304181320997856,wet,1,0.3793
6129814380,BW,Chobe,-17.91319,24.850008,2008,3,5,2008-03-05T11:11,0,1016.0,106.56923637173807,wet,1,0.2783
5995533010,ZW,,-18.6291,25.9864,1995,4,9,1995-04-09,0,968.0,37.92827449863872,wet,1,0.3427
5938645128,BW,Central,-20.332772,24.401855,2025,11,21,2025-11-21T09:26,0,934.0,175.72517125036305,wet,1,0.2238
5938577708,BW,North-West,-19.85755,24.709729,2025,11,20,2025-11-20T11:40,0,927.0,158.69637029915899,wet,1,0.2812
5938453113,ZW,Matabeleland North,-17.89349,25.913153,2026,1,4,2026-01-04T07:26:47,0,978.0,6.840029143689667,wet,1,0.4149
5938353211,BW,North-West,-20.244749,24.406297,2025,11,20,2025-11-20T15:17,0,931.0,167.83078699505793,wet,1,0.2162
5938335102,BW,Central,-19.645672,26.189636,2025,12,29,2025-12-29T15:00,0,957.0,80.185224214916,wet,1,0.2608
5938298522,BW,Chobe,-17.976976,25.071881,2025,12,30,2025-12-30T12:08:14,0,1039.0,83.27896213161361,wet,1,0.2859
5938296188,BW,Chobe,-17.967252,25.066317,2025,12,30,2025-12-30T11:16:43,0,1036.0,83.7998086824302,wet,1,0.2859
5938254590,BW,Chobe,-17.839799,25.076758,2025,12,30,2025-12-30T14:59:46,0,939.0,83.12155330922612,wet,1,0.3079
5938102738,ZW,Matabeleland North,-19.14888,27.249077,2026,1,2,2026-01-02T09:08:01,0,1020.0,116.5586934011529,wet,1,0.3664
5938075426,BW,Chobe,-17.89711,25.043188,2025,12,30,2025-12-30T12:09:17,0,1026.0,86.18040114445391,wet,1,0.298
5938036715,BW,North-West,-20.296083,24.479549,2025,11,20,2025-11-20T15:17,0,927.0,176.89479602656363,wet,1,0.2336
5936402308,ZM,Muchinga,-12.836909,31.992689,2025,10,13,2025-10-13T12:31:01,3,542.0,488.81348876930093,dry,0,0.5841
5936301515,BW,Chobe,-17.837751,25.184267,2024,8,12,2024-08-12T15:35,0,1002.0,71.85961869865505,dry,0,0.3434
5936257333,BW,Chobe,-17.827026,25.00701,2024,8,12,2024-08-12T15:37,0,927.0,90.62077550389589,dry,0,0.3088
5936230766,BW,Chobe,-18.455844,24.001461,2024,8,13,2024-08-13T15:16:28,0,937.0,80.31040839797497,dry,0,0.302
5936182661,BW,Chobe,-17.957172,25.006909,2024,8,12,2024-08-12T15:37,0,1031.0,90.02486223468405,dry,0,0.2725
5936128050,ZW,Matabeleland North,-17.880945,25.711101,2025,8,4,2025-08-04T12:14:22,0,988.0,16.193122297546005,dry,0,0.3615
5936125920,MZ,Manica,-19.77732,33.226502,2023,12,7,2023-12-07,6,797.0,268.4148061106397,wet,1,1.7023
5936078710,BW,North-West,-19.17545,23.699945,2023,9,20,2023-09-20T20:20,0,943.0,28.671359447121223,dry,0,0.2882
5936015531,BW,North-West,-19.563192,23.653946,2023,9,25,2023-09-25T20:21,0,943.0,64.6749497134199,dry,0,0.2499
5936014198,BW,Chobe,-18.516644,24.469437,2018,2,25,2018-02-25T15:59:45,0,964.0,115.35610029061756,wet,1,0.3322
5935991057,BW,Chobe,-17.857057,25.183848,2024,8,12,2024-08-12T15:35,0,1009.0,71.64397597634535,dry,0,0.2987
5935985412,BW,Chobe,-17.955184,25.174664,2019,6,16,2019-06-16T11:31,0,1045.0,72.28620094706437,dry,0,0.2937
5935924564,BW,Chobe,-17.837874,25.025867,2024,8,12,2024-08-12T16:11,0,932.0,88.49802494837486,dry,0,0.3079
5935902500,BW,Chobe,-17.840984,25.194549,2024,8,12,2024-08-12T15:36,0,1000.0,70.7328784032723,dry,0,0.3331
5935890769,BW,Chobe,-17.903135,25.040059,2024,8,12,2024-08-12T15:36,0,1038.0,86.48897440493147,dry,0,0.298
5935884637,ZW,Matabeleland North,-17.858288,25.925256,2025,12,28,2025-12-28T17:16:07,0,937.0,10.283020405707292,wet,1,0.4517
5935670149,BW,North-West,-19.306265,23.363121,2023,9,24,2023-09-24T19:54,0,952.0,36.965786465386046,dry,0,0.2753
5935660728,BW,Chobe,-17.847438,25.175009,2025,10,1,2025-10-01T14:25:39,0,1004.0,72.69417990404695,dry,0,0.3434
5935620038,BW,North-West,-19.119282,23.763953,2023,9,19,2023-09-19T19:35,0,944.0,30.748937815513273,dry,0,0.3152
5935608407,ZW,Masvingo,-21.283879,31.929168,2025,12,14,2025-12-14T16:59:48,1,467.0,367.90523684070143,wet,1,0.3431
5935554486,BW,North-West,-19.111347,23.61959,2023,9,22,2023-09-22T19:31,0,948.0,17.643043484468432,dry,0,0.2783
5935544769,ZW,Matabeleland North,-17.980854,25.89054,2025,12,28,2025-12-28T17:08:07,0,717.0,7.20994836819173,wet,1,0.3844
5935496540,BW,North-West,-19.510751,23.578778,2025,3,20,2025-03-20T06:33,0,942.0,57.391835016823386,wet,1,0.2567
5935481122,ZM,Central,-15.035922,26.063842,2025,7,26,2025-07-26T18:04:49,5,1108.0,207.97530040855267,dry,0,0.4086
5935385138,BW,Chobe,-17.889585,25.017151,2024,8,12,2024-08-12T15:37,0,1003.0,88.96788408946409,dry,0,0.2905
5935372495,BW,North-West,-19.230231,23.706598,2023,9,22,2023-09-22T19:36,0,941.0,33.56390824582844,dry,0,0.2737
5935364775,BW,Chobe,-18.456613,24.10299,2023,9,18,2023-09-18T19:03,0,959.0,87.65225250413097,dry,0,0.3032
5935339211,BW,Chobe,-17.929413,25.018697,2024,8,12,2024-08-12T15:53,0,1020.0,88.71237797086529,dry,0,0.2725
5935291879,BW,Chobe,-17.83367,25.015465,2024,8,12,2024-08-12T15:39,0,928.0,89.64476472311401,dry,0,0.3079
5935273451,ZW,Matabeleland North,-17.823657,25.667704,2025,12,29,2025-12-29T17:24:02,0,909.0,22.965195056554958,wet,1,0.3932
5935268344,BW,Chobe,-17.998625,25.1142,2024,8,12,2024-08-12T14:39,0,1042.0,79.02467121411226,dry,0,0.2835
5935219346,BW,Chobe,-17.938686,25.165969,2024,8,12,2024-08-12T15:52,0,1039.0,73.14531491476208,dry,0,0.2937
5935218600,BW,Chobe,-17.90163,25.083959,2024,8,12,2024-08-12T16:00,0,994.0,81.85132444627229,dry,0,0.298
5935182679,BW,Chobe,-17.870064,25.135017,2024,8,12,2024-08-12T14:42,0,999.0,76.65473118060372,dry,0,0.2987
5935162292,BW,Chobe,-17.812527,25.075527,2024,8,12,2024-08-12T16:04,0,930.0,83.65380875098096,dry,0,0.3079
5932824775,BW,North-West,-19.421882,22.857829,2024,2,25,2024-02-25T09:11:57,0,962.0,82.14255842884354,wet,1,0.3094
5932716712,BW,North-West,-19.00077,23.024813,2025,11,25,2025-11-25T00:58,0,962.0,49.95961580139107,wet,1,0.3193
5932670719,BW,Chobe,-18.512278,24.218599,2023,5,14,2023-05-14T07:00,0,934.0,93.0897884499171,dry,0,0.3093
5932653940,BW,Chobe,-18.996368,23.831783,2023,5,10,2023-05-10T00:00,0,941.0,34.88533897270516,dry,0,0.3195
5932651317,ZM,North-Western,-14.310842,25.804265,2025,7,8,2025-07-08T12:03,5,1110.0,248.32776342955256,dry,0,0.5713
5932609439,ZW,Matabeleland North,-18.095313,25.921832,2023,5,13,2023-05-13T12:00,0,1051.0,20.206728450863505,dry,0,0.4613
5932570255,BW,North-West,-19.010139,23.025947,2025,11,19,2025-11-19T03:49,0,961.0,49.85166408164025,wet,1,0.3193
5932554496,BW,North-West,-19.214321,23.567833,2023,5,10,2023-05-10T00:00,0,950.0,24.874326129874444,dry,0,0.2652
5932537823,BW,Chobe,-17.925444,24.957984,2023,9,15,2023-09-15T20:20,0,1020.0,95.13490882713887,dry,0,0.2905
5932514661,BW,Central,-19.75,26.045793,2025,12,10,2025-12-10T18:07:35,0,936.0,92.60690223951735,wet,1,0.2451
5932492715,MZ,Sofala,-18.904624,34.262259,2025,12,12,2025-12-12T16:54,7,60.0,308.226649547593,wet,1,0.7703
5932489267,MZ,Sofala,-19.013687,34.509521,2025,11,9,2025-11-09T08:35,7,28.0,336.75275370809965,wet,1,0.6563
5932403569,BW,North-West,-19.09746,23.098253,2025,11,25,2025-11-25T00:47,0,959.0,43.59447941248015,wet,1,0.2897
5932359987,BW,North-West,-19.49955,23.353688,2025,11,23,2025-11-23T08:01,0,949.0,57.631850393879674,wet,1,0.2133
5932322687,ZM,North-Western,-14.386682,25.989203,2025,7,8,2025-07-08T16:13,5,1110.0,226.7739966752391,dry,0,0.507
5932303040,BW,North-West,-19.097575,23.10888,2025,11,24,2025-11-24T11:24,0,961.0,42.516734906909235,wet,1,0.2897
5932296112,BW,North-West,-19.000485,23.105288,2025,11,23,2025-11-23T02:09,0,962.0,41.49874956575891,wet,1,0.3053
5932294642,BW,North-West,-19.161233,23.006689,2025,11,19,2025-11-19T03:47,0,962.0,54.85257092761198,wet,1,0.3137
5932264822,BW,Chobe,-17.893193,24.906664,2025,12,12,2025-12-12T09:43:49,0,1005.0,100.63295356813319,wet,1,0.2874
5932258808,BW,Chobe,-17.971471,25.029955,2023,9,14,2023-09-14T14:04,0,1031.0,87.6661552210367,dry,0,0.2725
5932232378,ZW,Mashonaland East,-18.467037,31.542313,2025,12,9,2025-12-09T07:45:46,8,1391.0,52.12405638950938,wet,1,0.6331
5932200920,BW,Central,-20.423348,24.898009,2025,11,28,2025-11-28T05:59,0,914.0,213.02870076651615,wet,1,0.2312
5931975624,BW,,-18.748384,24.391787,2025,11,20,2025-11-20T00:00,0,929.0,97.91266464339716,wet,1,0.2926
5920335847,BW,North-West,-18.973877,22.9135,2025,11,19,2025-11-19T07:47,0,971.0,61.735956459560995,wet,1,0.3347
5920220864,BW,North-West,-18.967582,22.869817,2025,11,20,2025-11-20T12:35,0,969.0,66.35985987294394,wet,1,0.3217
5920112517,BW,North-West,-19.002635,23.922711,2024,6,14,2024-06-14T17:12,0,940.0,44.44311413252914,dry,0,0.321
5920102737,BW,North-West,-18.826902,22.82169,2025,11,19,2025-11-19T07:46,0,969.0,73.90280460763961,wet,1,0.3229
5920094697,ZM,Central,-14.315025,28.249281,2025,5,29,2025-05-29T00:00,-1,1187.0,80.74865523606103,dry,0,0.4551
5920049315,BW,North-West,-19.214636,23.092612,2017,10,1,2017-10-01,0,958.0,49.00783821325838,dry,0,0.2991
5920031851,BW,North-West,-19.903967,23.444981,2016,5,17,2016-05-17T01:32,0,939.0,100.68193407776893,dry,0,0.2345
5909380666,BW,North-West,-19.510362,23.205218,2025,11,17,2025-11-17T08:24,0,950.0,64.63810926647635,wet,1,0.2323
5909295908,BW,North-West,-19.432487,23.247177,2025,11,15,2025-11-15T01:27,0,954.0,54.930714170649935,wet,1,0.2492
5909245335,BW,North-West,-20.20979,25.02183,2025,11,28,2025-11-28T14:25:46,0,924.0,186.48777813760168,wet,1,0.2269
5909193855,BW,North-West,-19.510405,23.391618,2025,11,17,2025-11-17T06:24,0,948.0,57.88359209178368,wet,1,0.2333
5909164060,BW,Central,-19.739678,26.165399,2023,5,16,2023-05-16T20:43:03,0,941.0,90.59918971135441,dry,0,0.2594
5909146552,BW,North-West,-19.480968,23.308781,2025,11,16,2025-11-16T07:11,0,950.0,57.1247638823177,wet,1,0.2133
5909143208,BW,North-West,-19.449276,23.277403,2025,11,17,2025-11-17T09:27,0,951.0,55.15378875333143,wet,1,0.2402
5909137137,BW,Central,-19.771531,26.083163,2023,5,16,2023-05-16T15:31:58,0,935.0,94.53944104980522,dry,0,0.2393
5909112443,BW,North-West,-19.456368,23.353515,2025,11,17,2025-11-17T09:47,0,954.0,53.02519506357865,wet,1,0.2403
5909085308,BW,North-West,-19.55155,23.252128,2025,11,18,2025-11-18T10:03,0,953.0,66.61975577334613,wet,1,0.2323
5908996499,BW,Chobe,-17.991081,25.156267,2025,10,31,2025-10-31T16:45:29,0,1045.0,74.51417210259413,dry,0,0.2937
5908931878,ZW,Matabeleland North,-18.752788,27.045413,2025,12,1,2025-12-01T18:17:08,0,1068.0,94.52643948313076,wet,1,0.4317
5908854094,BW,Central,-19.790547,26.072477,2023,5,16,2023-05-16T16:37:43,0,932.0,96.75216436654293,dry,0,0.2393
5908772982,ZM,Muchinga,-13.133794,31.793322,2025,8,23,2025-08-23T14:45:02,3,532.0,449.8364610866391,dry,0,0.5755
5908717370,BW,North-West,-19.430094,23.341667,2025,11,17,2025-11-17T17:00,0,951.0,50.63151078563878,wet,1,0.2402
5908690861,BW,North-West,-19.552195,23.359523,2025,11,16,2025-11-16T18:25,0,948.0,63.14680855406577,wet,1,0.225
5908664619,BW,North-West,-19.440066,23.280342,2025,11,17,2025-11-17T09:28,0,952.0,54.09591325705982,wet,1,0.2402
5904090777,BW,North-West,-18.887556,22.974044,2025,11,18,2025-11-18T18:59:36,0,965.0,56.711453589416095,wet,1,0.3439
5904014708,BW,North-West,-18.740581,22.984407,2025,9,7,2025-09-07T09:55,0,963.0,61.44220335666222,dry,0,0.2775
5904007969,BW,Chobe,-17.831281,25.02608,2025,10,31,2025-10-31T17:06:06,0,934.0,88.55986560574779,dry,0,0.3079
5903979041,BW,North-West,-19.114681,23.124945,2025,9,2,2025-09-02T10:43,0,960.0,41.42980794401596,dry,0,0.2897
5903967986,BW,Central,-20.56967,25.043957,2025,9,9,2025-09-09T04:30,0,904.0,217.32902396445274,dry,0,0.209
5903915662,ZW,Mashonaland West,-16.163924,28.823417,2025,11,8,2025-11-08T17:10,0,385.0,15.275658105515783,wet,1,0.397
5903897305,BW,Chobe,-17.86836,25.191138,2025,9,23,2025-09-23T12:58,0,1010.0,70.75303850981955,dry,0,0.2987
5903891913,BW,Chobe,-18.249642,23.934625,2025,8,31,2025-08-31T00:00,0,941.0,95.17828100428777,dry,0,0.3178
5903876906,BW,North-West,-18.792023,22.813973,2025,9,6,2025-09-06T10:43,0,969.0,75.78620803397453,dry,0,0.3229
5903873142,ZM,Muchinga,-13.050342,31.646982,2025,10,12,2025-10-12T07:58:39,3,677.0,446.3265684059082,dry,0,0.6637
5903849718,ZM,Muchinga,-13.124315,31.769275,2025,10,11,2025-10-11T17:03:19,3,528.0,448.8620129126713,dry,0,0.5754
5903841054,BW,Central,-20.451779,25.020442,2025,9,9,2025-09-09T10:32,0,913.0,207.85437252556133,dry,0,0.2004
5903822543,BW,North-West,-19.295099,23.096072,2015,11,13,2015-11-13T16:25,0,957.0,53.63785095824919,wet,1,0.2925
5903794348,BW,Chobe,-17.852105,25.084203,2025,10,31,2025-10-31T17:08:57,0,967.0,82.19107284121462,dry,0,0.298
5903764561,BW,Chobe,-18.373535,23.912873,2025,9,2,2025-09-02T01:28,0,944.0,82.12043341272746,dry,0,0.3046
5903750198,BW,Chobe,-17.991946,25.101034,2023,8,26,2023-08-26T15:36:17,0,1042.0,80.33837703411524,dry,0,0.2859
5903730853,BW,Chobe,-18.345543,23.838513,2025,9,1,2025-09-01T00:35,0,943.0,81.03947105693042,dry,0,0.3083
5903714463,BW,North-West,-19.069092,23.104506,2025,9,4,2025-09-04T10:44,0,960.0,42.27627844417487,dry,0,0.2897
5897788152,ZW,Matabeleland North,-17.974841,25.69019,2024,7,8,2024-07-08,0,1052.0,18.539118976998076,dry,0,0.4011
5897757625,BW,North-West,-19.144955,23.092754,2025,10,19,2025-10-19T17:47,0,959.0,45.732430335141174,dry,0,0.2829
5897756861,ZM,Southern,-17.920241,25.92876,2025,11,19,2025-11-19T06:40:58,0,932.0,7.584430374918372,wet,1,0.4148
5897742355,BW,Chobe,-17.860961,25.094101,2024,7,1,2024-07-01,0,987.0,81.05524756697132,dry,0,0.298
5897730416,BW,Chobe,-17.967212,25.082015,2024,7,3,2024-07-03,0,1040.0,82.14170196014922,dry,0,0.2859
5897703153,MZ,Maputo,-26.421041,32.972938,2025,10,20,2025-10-20,9,0.0,725.5967844519328,dry,0,0.6917
5897679643,BW,Chobe,-18.532391,24.474814,2022,7,12,2022-07-12T22:08:43,0,962.0,115.05124569851111,dry,0,0.3322
5897559223,BW,North-West,-19.092049,23.009093,2025,10,20,2025-10-20T09:08,0,962.0,52.6034962302477,dry,0,0.3181
5897542263,ZW,Matabeleland North,-17.941517,25.838057,2024,7,8,2024-07-08,0,904.0,2.7868431640403037,dry,0,0.3629
5897490611,ZW,Matabeleland North,-17.914335,25.634968,2024,7,8,2024-07-08,0,1038.0,23.538448339360436,dry,0,0.3852
5897462954,MZ,Sofala,-18.84086,34.252387,2025,11,18,2025-11-18T10:48:35,7,76.0,305.0466915012233,wet,1,0.8437
5897444269,BW,North-West,-19.314023,23.551623,2025,11,6,2025-11-06T06:58:05,0,949.0,35.336269370003876,wet,1,0.2684
5897358628,ZW,Matabeleland North,-17.872429,25.977222,2011,3,17,2011-03-17T16:58,0,983.0,13.948330197057484,wet,1,0.4149
5897338632,ZW,Matabeleland North,-17.980334,25.664023,2024,7,7,2024-07-07,0,986.0,21.363291636393882,dry,0,0.358
5897318293,BW,North-West,-18.864204,22.693275,2011,3,22,2011-03-22T10:10,0,971.0,86.1840767307714,wet,1,0.3125
5897117417,ZW,Mashonaland West,-16.144538,28.854441,2025,11,7,2025-11-07T13:01,0,374.0,11.34570695200765,wet,1,0.3969
5892987457,ZW,Matabeleland North,-18.495006,26.542437,2019,7,25,2019-07-25T13:38,0,836.0,62.116750504234595,dry,0,0.3475
5892969518,ZW,Mashonaland West,-16.285884,29.437888,2025,10,14,2025-10-14T09:26:22,0,994.0,56.04877848627056,dry,0,0.416
5892962366,BW,Zambezi,-18.103659,23.312813,2025,10,24,2025-10-24T13:00,0,966.0,101.60310690982686,dry,0,0.2846
5892949295,ZM,Central,-12.409761,30.334833,2012,11,26,2012-11-26T17:29,2,1204.0,382.8354703076666,wet,1,0.6458
5892939707,ZM,Central,-12.535407,30.299438,2012,11,19,2012-11-19T09:21,2,1213.0,369.8167237608074,wet,1,0.6007
5892877727,ZM,Muchinga,-13.004276,31.440918,2013,8,10,2013-08-10T16:41,3,646.0,432.49172843489896,dry,0,0.5645
5892875949,BW,North-West,-19.578965,23.778005,2019,8,1,2019-08-01T15:45,0,937.0,70.68119264241112,dry,0,0.2675
5892866619,ZM,Central,-12.563226,30.341979,2012,11,19,2012-11-19T09:18,2,1245.0,370.6396886584763,wet,1,0.6138
5892617896,ZM,Central,-12.521718,30.336297,2012,11,19,2012-11-19T09:18,2,1199.0,373.62713634342674,wet,1,0.614
5892490035,ZM,Central,-12.405424,30.279252,2013,6,22,2013-06-22T15:37,2,1202.0,379.2754207835912,dry,0,0.6458
5892482534,BW,North-West,-19.585524,23.779535,2019,8,3,2019-08-03T10:15,0,940.0,71.41169073209588,dry,0,0.2675
5892368555,ZM,Muchinga,-13.057832,31.540446,2013,11,16,2013-11-16T08:09,3,710.0,438.31375350768826,wet,1,0.6521
5892354888,BW,Chobe,-17.852269,24.663942,2019,7,31,2019-07-31T10:48,0,936.0,126.5234580253575,dry,0,0.301
5892353582,ZM,Muchinga,-13.090667,31.588669,2013,8,10,2013-08-10T08:35,3,664.0,438.82798214642594,dry,0,0.7056
5890377286,ZM,Southern,-17.888542,25.879283,2025,9,22,2025-09-22T12:44,0,917.0,4.611833217313795,dry,0,0.4185
5890222125,ZW,Mashonaland West,-16.819049,28.365107,2024,8,6,2024-08-06T17:28:28,0,498.0,101.40477104739007,dry,0,0.5728
5890135453,BW,North-West,-20.376437,23.578264,2025,10,26,2025-10-26T17:30:44,0,966.0,153.27197078456555,dry,0,0.2395
5889788880,ZW,Matabeleland North,-17.8137,25.67425,2025,10,24,2025-10-24T18:09:30,0,908.0,22.9373652719749,dry,0,0.3932
5889726485,ZW,Mashonaland West,-16.646714,28.659322,2025,10,25,2025-10-25T18:16,0,487.0,68.24459884354566,dry,0,0.5185
5889609024,BW,North-West,-19.316566,23.290473,2016,9,14,2016-09-14T14:04,0,953.0,41.51417493894355,dry,0,0.2664
5889411369,BW,North-West,-19.323046,23.248888,2015,6,10,2015-06-10T04:42,0,955.0,44.564365324595734,dry,0,0.2665
5889233727,BW,Chobe,-18.443752,24.258893,2019,11,20,2019-11-20T18:06:35,0,961.0,101.05840939167345,wet,1,0.2983
5889230680,ZW,Masvingo,-20.586668,32.027589,2025,10,25,2025-10-25T11:48,1,532.0,292.90434343117784,dry,0,0.5413
5868306760,BW,Chobe,-17.876622,25.081988,2022,7,22,2022-07-22T08:19:45,0,996.0,82.19796726649894,dry,0,0.298
5868092686,MZ,Maputo,-26.583325,32.760613,2025,10,7,2025-10-07T14:21:03,9,24.0,718.7124631122771,dry,0,0.7124
5868080003,MZ,Maputo,-26.52883,32.974327,2025,10,11,2025-10-11T10:22:06,9,0.0,732.4876788427184,dry,0,0.6917
5867946122,MZ,Maputo,-26.25434,32.809336,2025,10,8,2025-10-08T06:47:06,9,0.0,701.7337074086225,dry,0,0.685
5867899878,BW,Chobe,-17.807331,25.195595,2022,7,20,2022-07-20T16:43:18,0,991.0,71.2172285031418,dry,0,0.3331
5867871691,ZM,Southern,-17.847177,25.961737,2022,7,18,2022-07-18T16:35:18,0,963.0,13.99695662233449,dry,0,0.4517
5867819249,MZ,Maputo,-26.672857,32.865526,2025,10,7,2025-10-07T09:04:42,9,9.0,733.0114151521875,dry,0,0.7235
5867817338,ZM,Muchinga,-13.172341,31.619433,2025,9,14,2025-09-14T16:46,3,587.0,434.0914702399639,dry,0,0.6507
5867732210,BW,Chobe,-17.888339,24.868847,2022,7,27,2022-07-27T10:22:41,0,990.0,104.6526418556088,dry,0,0.2873
5844579698,BW,North-West,-19.216723,23.290387,2025,2,13,2025-02-13T18:25,0,957.0,32.64626351016067,wet,1,0.2753
5844533108,BW,North-West,-19.475848,23.442151,2025,2,12,2025-02-12T08:35,0,946.0,53.25929273704974,wet,1,0.2333
5844522569,BW,Chobe,-17.926768,24.98973,2025,2,10,2025-02-10T07:09,0,1028.0,91.7762491387601,wet,1,0.2905
5844497245,ZW,Matabeleland North,-19.117036,26.45478,2025,2,2,2025-02-02T18:25,0,1018.0,37.13897156451862,wet,1,0.3647
5844456243,ZM,Central,-12.46905,30.086922,2015,12,2,2015-12-02T11:03,2,1249.0,360.563722370096,wet,1,0.7048
5844433082,ZW,Matabeleland North,-18.601985,26.967782,2025,9,21,2025-09-21T08:43,0,1094.0,91.75429868150309,dry,0,0.4526
5844397222,BW,North-West,-19.308181,23.397473,2025,2,13,2025-02-13T07:49,0,955.0,35.92054408964526,wet,1,0.2687
5844383743,ZW,Matabeleland North,-19.061413,26.473711,2025,2,4,2025-02-04T14:38,0,1016.0,35.75614847261056,wet,1,0.3647
5844372232,BW,Chobe,-17.940454,24.884347,2025,2,10,2025-02-10T12:17,0,1021.0,102.93672975400939,wet,1,0.2708
5844311131,ZW,Matabeleland North,-19.100638,26.420756,2025,2,3,2025-02-03T17:35,0,1006.0,33.170304186747,wet,1,0.361
5844297574,ZW,Matabeleland North,-18.636808,25.882351,2025,9,25,2025-09-25T16:28,0,1016.0,43.779240123631446,dry,0,0.3309
5844277906,BW,Chobe,-17.917152,25.093373,2025,10,11,2025-10-11T15:31:25,0,1026.0,80.81682490688499,dry,0,0.298
5844240326,ZM,Southern,-17.909765,25.907906,2025,2,15,2025-02-15T17:10,0,942.0,5.602978287148612,wet,1,0.4148
5844160979,MZ,Sofala,-18.926673,34.387009,2025,7,13,2025-07-13T12:39,7,26.0,321.45153304615843,dry,0,0.6729
5844117032,BW,North-West,-19.449418,23.552627,2025,2,12,2025-02-12T06:49,0,946.0,50.27755045157853,wet,1,0.2537
5843978797,ZW,Matabeleland North,-18.809373,26.978552,2025,9,22,2025-09-22T17:29,0,1070.0,86.47754839944758,dry,0,0.4107
5843952601,BW,Chobe,-17.845974,25.001854,2025,10,8,2025-10-08T08:25:33,0,973.0,90.93182148737282,dry,0,0.3089
5840517659,BW,Chobe,-18.624773,24.265793,2019,7,25,2019-07-25T10:19:02,0,934.0,90.76181799507498,dry,0,0.2868
5840508942,BW,North-West,-19.148834,23.889464,2025,9,26,2025-09-26T10:54:18,0,938.0,44.14797329528837,dry,0,0.3341
5840334207,ZW,Mashonaland East,-18.365349,31.488642,2025,9,18,2025-09-18T14:06,8,1431.0,40.64267110972727,dry,0,0.5534
5840187873,BW,North-West,-19.172498,23.953069,2025,9,25,2025-09-25T13:24:48,0,932.0,51.328053264097704,dry,0,0.3341
5840113721,MZ,Gaza,-23.381986,31.751756,2025,10,2,2025-10-02T07:59,11,215.0,481.2748719473861,dry,0,0.3709
5840054834,ZW,Manicaland,-21.067895,32.315963,2025,10,6,2025-10-06T14:03,1,362.0,351.6844956399395,dry,0,0.49
5840034208,BW,North-West,-19.215496,23.919433,2025,9,26,2025-09-26T16:39:59,0,936.0,50.16247854003996,dry,0,0.316
5839999709,BW,North-West,-19.060024,23.854812,2025,9,25,2025-09-25T13:49:49,0,938.0,37.889568048220724,dry,0,0.3195
5839855954,BW,North-West,-19.284523,23.833638,2025,9,26,2025-09-26T16:58:07,0,938.0,47.21503733393927,dry,0,0.2876
5839814447,BW,North-West,-19.169553,23.782205,2025,9,24,2025-09-24T16:34:40,0,942.0,35.140716976638444,dry,0,0.3152
5838397331,BW,North-West,-19.458558,23.759033,2025,2,12,2025-02-12T08:40:07,0,943.0,57.78873162091192,wet,1,0.2915
5838338830,ZM,Muchinga,-13.081812,31.654872,2017,7,28,2017-07-28T04:53,3,624.0,444.2163970274257,dry,0,0.6545
5838311081,ZW,Matabeleland North,-19.082669,26.628444,2025,2,2,2025-02-02T18:08:13,0,1039.0,51.706778663474985,wet,1,0.3436
5838089700,ZM,Muchinga,-13.027152,31.771343,2017,7,28,2017-07-28T13:52,3,544.0,457.0750424125301,dry,0,0.5831
5837990177,ZM,Muchinga,-13.140458,31.796413,2017,7,28,2017-07-28T15:18,3,530.0,449.5168450353661,dry,0,0.5754
5837947817,ZM,Muchinga,-13.14652,31.633153,2017,7,28,2017-07-28T05:07,3,584.0,437.2324559937888,dry,0,0.6546
5837919147,BW,Chobe,-17.966302,25.023233,2025,9,20,2025-09-20T16:21,0,1031.0,88.345007102508,dry,0,0.2725
5837851417,BW,Chobe,-17.986896,25.137065,2025,9,21,2025-09-21T06:36,0,1044.0,76.49262519561596,dry,0,0.2859
5837838399,ZM,Muchinga,-13.064711,31.750781,2017,7,28,2017-07-28T07:45,3,530.0,452.4683729087706,dry,0,0.5831
5837781223,MZ,Manica,-19.621837,33.209415,2025,8,30,2025-08-30,6,390.0,254.74036900163205,dry,0,0.9083
5837770976,ZM,Muchinga,-13.196391,31.722229,2017,7,28,2017-07-28T04:17,3,531.0,439.5053445162034,dry,0,0.5069
5837724516,ZM,Eastern,-13.059187,31.644922,2017,7,27,2017-07-27T18:57,3,646.0,445.4318122039467,dry,0,0.6638
5837631186,BW,Central,-22.058109,29.106805,2012,8,11,2012-08-11T05:50,4,621.0,214.97948441905302,dry,0,0.2441
5831027348,BW,Chobe,-17.935321,25.094089,2012,7,16,2012-07-16T17:23,0,1030.0,80.74232314773336,dry,0,0.2859
5830981399,BW,Chobe,-17.944551,25.103938,2012,7,16,2012-07-16T16:51,0,1038.0,79.72078433506826,dry,0,0.2859
5830974449,BW,North-West,-19.065178,23.61169,2018,6,29,2018-06-29T16:16,0,946.0,13.79722841425942,dry,0,0.2783
5830968359,BW,Chobe,-17.970235,25.149053,2025,9,20,2025-09-20T16:26:04,0,1044.0,75.08467570451468,dry,0,0.2937
5830891339,BW,Chobe,-18.00198,25.332017,2012,7,17,2012-07-17T07:14,0,1058.0,56.218593066584994,dry,0,0.3075
5830832702,BW,Chobe,-17.883565,25.056024,2012,7,16,2012-07-16T16:26,0,967.0,84.89338783745548,dry,0,0.298
5830722009,ZW,Matabeleland South,-22.080496,29.738429,2025,9,18,2025-09-18T16:06:48,4,546.0,276.92637584500943,dry,0,0.2472
5830720773,BW,North-West,-19.840879,23.570862,2025,9,19,2025-09-19T08:13:19,0,942.0,93.79630939858858,dry,0,0.2528
5830685178,ZW,Matabeleland North,-17.847147,25.886568,2025,8,27,2025-08-27T11:31,0,920.0,9.12456757469579,dry,0,0.4517
5830676547,BW,North-West,-20.026858,24.363407,2025,9,19,2025-09-19T10:54:16,0,952.0,145.69113534174576,dry,0,0.2617
5830671950,ZW,Matabeleland North,-17.820371,25.625325,2012,7,14,2012-07-14T17:00,0,919.0,27.124094495213594,dry,0,0.3932
5830670398,BW,Chobe,-17.988227,25.192939,2018,7,5,2018-07-05T14:23,0,1048.0,70.62337250162204,dry,0,0.2937
5830637532,BW,Chobe,-17.910847,25.156219,2025,9,17,2025-09-17T17:06:31,0,1015.0,74.1802201071744,dry,0,0.2987
5830610929,BW,Chobe,-17.915586,25.083143,2025,9,17,2025-09-17T17:04:26,0,1017.0,81.90134285654342,dry,0,0.298
5830545024,ZM,Southern,-17.980482,25.901725,2025,9,19,2025-09-19T12:20:17,0,849.0,7.823691260434763,dry,0,0.3945
5830492478,BW,Chobe,-17.863146,24.844227,2025,9,22,2025-09-22T09:53:25,0,986.0,107.40430720484919,dry,0,0.2782
5830439118,BW,North-West,-19.109316,23.609459,2018,6,29,2018-06-29T11:58,0,948.0,16.736317723781074,dry,0,0.2783
5830385514,BW,Chobe,-18.568629,24.479885,2024,1,15,2024-01-15T18:03:30,0,962.0,113.76111186574325,wet,1,0.3349
5830335442,ZM,Central,-12.518394,30.336055,2021,5,15,2021-05-15T17:25,2,1208.0,373.88336398333985,dry,0,0.614
5828880423,ZW,Mashonaland West,-15.622261,30.227049,2025,9,7,2025-09-07T09:24:39,0,466.0,146.56039630313757,dry,0,0.473
5828843665,ZW,Mashonaland West,-15.92042,28.89925,2024,8,19,2024-08-19T17:33:47,0,406.0,20.69200225731628,dry,0,0.3004
5828806407,BW,North-West,-19.549238,23.825213,2025,8,27,2025-08-27T09:14,0,941.0,69.96454202797747,dry,0,0.2675
5828797204,BW,Chobe,-18.131113,24.859751,2022,8,7,2022-08-07T11:46:05,0,1014.0,107.94414723358507,dry,0,0.2503
5828725657,ZM,Lusaka,-15.723712,30.217515,2025,9,8,2025-09-08T12:06:31,0,635.0,141.8517703324891,dry,0,0.4633
5828300855,BW,North-West,-19.420525,23.113361,2025,8,31,2025-08-31T16:45:23,0,954.0,61.92526064997435,dry,0,0.2772
5828289439,BW,Chobe,-17.798465,25.077232,2025,9,8,2025-09-08T08:16:19,0,929.0,83.72567388315753,dry,0,0.3079
5828074857,BW,North-West,-19.850417,23.250744,2025,8,31,2025-08-31T11:58:57,0,942.0,98.10798266031823,dry,0,0.2521
5828054879,BW,Central,-21.678525,27.448447,2012,12,19,2012-12-19T11:57,-1,920.0,113.29624358785435,wet,1,0.2466
5828016357,ZM,Lusaka,-15.603115,29.551167,2025,7,6,2025-07-06T10:43,0,384.0,84.78056483183516,dry,0,0.485
5827998223,ZW,Matabeleland North,-19.004026,26.553664,2023,8,3,2023-08-03T14:28,0,1044.0,41.725672597461234,dry,0,0.3828
5827870563,BW,North-West,-19.973385,23.336193,2025,8,31,2025-08-31T12:15:06,0,941.0,109.58903590218371,dry,0,0.2268
5827861636,BW,North-West,-19.374885,23.407339,2025,8,26,2025-08-26T13:35,0,952.0,42.806052897188785,dry,0,0.2534
5827799803,ZM,Lusaka,-15.698919,29.532935,2025,7,5,2025-07-05T16:11,0,365.0,76.64991816480395,dry,0,0.4317
5827791851,ZM,Lusaka,-15.706593,29.427538,2025,7,6,2025-07-06T09:36,0,355.0,67.24196779686419,dry,0,0.4333
5827671726,ZM,Lusaka,-15.658031,30.134529,2025,9,8,2025-09-08T10:30:15,0,914.0,135.88530826232662,dry,0,0.4472
5827630937,BW,Chobe,-17.977988,25.111974,2025,9,8,2025-09-08T12:33:22,0,1041.0,79.05710314289334,dry,0,0.2859
5827617072,BW,Chobe,-17.885271,25.080013,2025,8,28,2025-08-28T17:33:49,0,979.0,82.34823154208671,dry,0,0.298
5827607082,BW,North-West,-19.675364,23.727828,2025,9,12,2025-09-12T08:38:38,0,943.0,78.80966767306792,dry,0,0.2415
5827528592,ZM,Southern,-17.998636,25.870391,2023,7,31,2023-07-31T15:59,0,922.0,8.382723131230952,dry,0,0.3944
5827487525,ZM,Lusaka,-15.700813,29.506368,2025,7,5,2025-07-05T18:02,0,366.0,74.23128261755674,dry,0,0.4317
5827385537,ZM,Muchinga,-13.126332,31.755259,2024,4,25,2024-04-25T10:54:21,3,525.0,447.6779155005018,wet,1,0.5762
5827380972,BW,Central,-22.000886,29.147912,2018,9,18,2018-09-18T09:55,4,597.0,221.04335586705596,dry,0,0.2733
5761101003,MZ,Sofala,-18.843479,34.402394,2025,8,23,2025-08-23T12:57:28,7,24.0,320.22940163208153,dry,0,0.6702
5761100829,BW,Ghanzi,-21.402073,22.608388,2023,6,29,2023-06-29T16:20,0,1050.0,282.83727972379165,dry,0,0.1319
5761078006,BW,Chobe,-17.974801,25.063156,2025,8,24,2025-08-24T23:02,0,1039.0,84.18368655423555,dry,0,0.2859
5761011773,BW,Chobe,-17.674612,25.182705,2025,7,25,2025-07-25T14:05,0,935.0,76.61762300507088,dry,0,0.3579
5760922654,MZ,Sofala,-18.629753,34.43763,2011,12,7,2011-12-07T22:50:19,7,52.0,317.9054995993456,wet,1,0.7105
5760866024,BW,Chobe,-18.578102,24.230557,2019,4,21,2019-04-21T16:59:55,0,932.0,90.08444256659936,wet,1,0.2868
5760811299,BW,Chobe,-18.451635,24.830716,2019,4,21,2019-04-21T16:59,0,1000.0,123.27515070646253,wet,1,0.2742
5760774550,BW,Chobe,-17.828876,25.042899,2025,9,1,2025-09-01T14:33:09,0,928.0,86.82527149015434,dry,0,0.3079
5760662229,ZM,Lusaka,-15.713957,29.499638,2025,7,4,2025-07-04T17:27,0,373.0,72.78269902164853,dry,0,0.4317
5760544229,MZ,Sofala,-18.971898,34.452629,2025,8,23,2025-08-23T13:07:30,7,34.0,329.5896173848139,dry,0,0.7011
5760537708,BW,Chobe,-18.433043,24.570319,2019,4,19,2019-04-19T17:55,0,968.0,129.1513830022826,wet,1,0.2929
5760504254,BW,Central,-19.614677,26.186868,2022,6,9,2022-06-09T14:33:47,0,960.0,76.73157544818162,dry,0,0.2924
5760360413,ZM,Lusaka,-15.638585,29.410221,2025,7,4,2025-07-04T12:53,0,465.0,71.10121549906906,dry,0,0.4866
5760357014,BW,Chobe,-18.502712,24.324675,2024,7,19,2024-07-19T06:41,0,958.0,102.94387197208187,dry,0,0.3194
5760297914,ZW,Matabeleland North,-18.140817,25.960006,2025,4,28,2025-04-28T09:38:17,0,1045.0,26.41573039504687,wet,1,0.4487
5760271240,MZ,Sofala,-18.999937,34.510668,2025,8,23,2025-08-23T04:16,7,25.0,336.3703945030052,dry,0,0.6564
5760182317,BW,Chobe,-17.97348,25.011941,2025,7,25,2025-07-25T16:07:28,0,1034.0,89.58125200649597,dry,0,0.2725
5760174514,BW,North-West,-19.95999,24.745657,2025,8,10,2025-08-10T11:40:05,0,937.0,168.6587531148628,dry,0,0.2588
5760082774,ZM,Lusaka,-15.742375,29.581041,2025,7,5,2025-07-05T08:56,0,397.0,78.32273002025427,dry,0,0.4511
5760059633,ZM,Southern,-17.837531,25.983016,2025,8,31,2025-08-31T13:50:17,0,963.0,16.44264523621377,dry,0,0.4512
5760059417,BW,Chobe,-18.428068,24.562935,2019,4,19,2019-04-19T17:54,0,974.0,128.74702714704839,wet,1,0.2929
5759889988,BW,North-West,-19.058743,23.576143,2025,8,2,2025-08-02T15:57:21,0,948.0,10.331040258738772,dry,0,0.2811
5759801937,BW,Central,-22.228128,28.932862,2023,5,18,2023-05-18T07:27:35,4,565.0,192.46035577140466,dry,0,0.1943
5759694736,MZ,Sofala,-18.93925,34.56291,2025,8,23,2025-08-23T13:07:18,7,34.0,339.49257026027345,dry,0,0.5969
5759587845,BW,North-West,-19.031002,23.225459,2025,8,2,2025-08-02T13:06,0,957.0,29.066830829417853,dry,0,0.2726
5293323515,ZW,Matabeleland North,-17.947664,25.892674,2025,8,5,2025-08-05T19:49,0,911.0,4.564330800997447,dry,0,0.3944
5293307709,ZM,Lusaka,-15.734825,29.403456,2025,7,4,2025-07-04T16:15,0,368.0,63.24524579933402,dry,0,0.4333
5293281601,BW,Chobe,-17.849054,25.157963,2015,4,21,2015-04-21T15:59,0,1001.0,74.46505276942429,wet,1,0.3434
5293088453,ZM,Lusaka,-15.71481,29.46535,2025,7,4,2025-07-04T16:05,0,360.0,69.79680133238314,dry,0,0.4333
5292977156,BW,North-West,-20.129218,24.026929,2025,7,9,2025-07-09T15:11:41,0,940.0,137.16428428408048,dry,0,0.2573
5292701248,BW,Chobe,-17.805758,24.783382,2015,4,23,2015-04-23T08:46,0,931.0,114.40739668117777,wet,1,0.2935
5292685460,BW,Chobe,-18.589577,24.584568,2023,3,20,2023-03-20T19:15:19,0,968.0,122.95097848655419,wet,1,0.2727
5292461534,BW,Chobe,-18.783938,24.014378,2015,4,24,2015-04-24T10:14,0,934.0,59.208432939293694,wet,1,0.3131
5292285730,ZM,Lusaka,-15.625512,29.405846,2025,7,4,2025-07-04T10:15,0,873.0,71.83986443559571,dry,0,0.6667
5292254310,ZM,Southern,-15.913735,28.806703,2024,4,18,2024-04-18T20:06,0,421.0,25.75963420373977,wet,1,0.3269
5292122248,ZW,Matabeleland North,-18.954888,27.013723,2025,8,4,2025-08-04T13:34,0,1037.0,89.24235288544506,dry,0,0.3955
5291995318,ZM,Lusaka,-15.661615,29.583268,2025,7,4,2025-07-04T12:15,0,342.0,83.44653936185483,dry,0,0.4849
5291901932,ZW,Matabeleland North,-18.462895,26.8357,2025,8,2,2025-08-02T17:18,0,961.0,87.2798997663605,dry,0,0.4588
5291884748,BW,Chobe,-17.866653,25.168383,2015,4,22,2015-04-22T10:31,0,1012.0,73.16856353368023,wet,1,0.2987
5291872480,ZM,Central,-12.572758,30.345596,2015,2,7,2015-02-07T00:23:43,2,1262.0,370.12929210193266,wet,1,0.6137
5291845001,ZW,Matabeleland North,-17.818818,25.688927,2025,7,27,2025-07-27T16:17,0,911.0,21.323789393924415,dry,0,0.3932
5291810777,BW,Chobe,-17.9126,24.834942,2025,7,29,2025-07-29T15:15,0,1013.0,108.16407628095538,dry,0,0.2783
5291788907,ZM,Lusaka,-15.750709,29.577757,2025,7,4,2025-07-04T12:46,0,381.0,77.55097682591452,dry,0,0.4387
5291750829,ZM,Lusaka,-15.746006,29.504424,2025,7,4,2025-07-04T09:42,0,389.0,71.16135793117144,dry,0,0.4317
5291746758,BW,Chobe,-18.5656,24.411241,2025,8,6,2025-08-06T15:55:31,0,944.0,107.40370408569362,dry,0,0.3349
5282620602,BW,North-West,-19.717744,23.522666,2025,8,1,2025-08-01T15:54,0,941.0,79.84490574164536,dry,0,0.2384
5282583176,BW,North-West,-19.61439,23.588224,2025,8,1,2025-08-01T15:54,0,942.0,68.94153428206184,dry,0,0.2499
5282556684,BW,North-West,-19.513766,23.530091,2025,8,1,2025-08-01T15:54,0,947.0,57.21543299722186,dry,0,0.2383
5282548619,ZW,Mashonaland West,-16.023636,29.559573,2016,10,11,2016-10-11T02:32:26,0,538.0,65.68660790693458,dry,0,0.4475
5282458466,BW,North-West,-19.42252,23.536923,2025,8,1,2025-08-01T15:54,0,944.0,47.141775755294994,dry,0,0.2537
5282396560,BW,North-West,-19.362788,23.773317,2025,8,1,2025-08-01T15:54,0,939.0,49.510191938664995,dry,0,0.2931
5282366539,BW,North-West,-19.627009,23.526378,2025,8,1,2025-08-01T15:54,0,940.0,69.77514564549405,dry,0,0.2436
5282345395,ZM,Lusaka,-15.681975,29.450212,2025,7,3,2025-07-03T15:25,0,348.0,70.8685113234458,dry,0,0.4333
5282332937,BW,North-West,-19.474455,23.656835,2025,8,1,2025-08-01T15:54,0,942.0,55.26671840931107,dry,0,0.2603
5282327362,BW,North-West,-19.756411,23.282336,2025,8,1,2025-08-01T15:54,0,943.0,87.15288102506057,dry,0,0.2332
5282213755,ZM,Lusaka,-15.727826,29.579363,2025,7,3,2025-07-03T17:00,0,386.0,79.00554886318184,dry,0,0.4511
5282206974,BW,Chobe,-17.833003,25.077623,2022,10,29,2022-10-29T07:02:11,0,928.0,83.12107597424239,dry,0,0.3079
5282193899,ZM,Lusaka,-15.741151,29.535957,2025,7,3,2025-07-03T15:52,0,382.0,74.28306798837436,dry,0,0.4317
5282181317,BW,Ghanzi,-22.245636,24.275294,2024,4,9,2024-04-09T16:01,0,983.0,295.4458600385774,wet,1,0.1835
5282145877,ZW,Matabeleland North,-17.940687,25.903928,2025,7,29,2025-07-29T17:26,0,917.0,5.268625380995285,dry,0,0.3944
5282137065,BW,North-West,-19.969045,23.559607,2025,8,4,2025-08-04T10:17:51,0,948.0,107.9338978065622,dry,0,0.249
5282063279,BW,North-West,-19.345582,23.671702,2025,8,1,2025-08-01T15:54,0,943.0,42.448005594008514,dry,0,0.26
5282029314,BW,North-West,-19.657368,23.441477,2025,8,1,2025-08-01T15:54,0,950.0,73.35346283708905,dry,0,0.2298
5282007527,BW,North-West,-18.231007,21.915225,2022,10,25,2022-10-25T14:17:25,0,1026.0,187.61593519929514,dry,0,0.3179
5282005190,BW,North-West,-19.454283,23.754287,2025,8,1,2025-08-01T15:54,0,942.0,57.13537568961803,dry,0,0.2915
5281975136,ZM,Lusaka,-15.749502,29.580508,2025,7,3,2025-07-03T16:52,0,398.0,77.87298090576884,dry,0,0.4511
5281957620,BW,North-West,-19.456864,23.581139,2025,8,1,2025-08-01T15:54,0,942.0,51.510279874192456,dry,0,0.2537
5281951552,BW,North-West,-19.5389,23.423537,2025,8,1,2025-08-01T15:54,0,947.0,60.45804379756117,dry,0,0.2333
5281849360,BW,North-West,-19.460551,23.504346,2025,8,1,2025-08-01T15:54,0,948.0,51.21296736974119,dry,0,0.2381
5238435835,ZW,Matabeleland South,-22.164617,29.630813,2023,5,29,2023-05-29T17:06,4,509.0,264.02065029721894,dry,0,0.1844
5238313656,BW,Central,-19.639353,26.03594,2022,10,19,2022-10-19T12:15:24,0,966.0,80.60424628161785,dry,0,0.2658
5238269577,ZW,Matabeleland North,-17.906765,25.962464,2025,7,5,2025-07-05T06:45:22,0,958.0,11.30665597027481,dry,0,0.4148
5238234598,BW,Chobe,-17.886926,25.000577,2024,9,29,2024-09-29T11:21,0,1005.0,90.7336673045954,dry,0,0.2905
5238188813,ZM,Lusaka,-15.615474,29.393886,2025,7,19,2025-07-19T12:25,0,967.0,71.8122218529412,dry,0,0.6711
5238100259,ZM,Lusaka,-15.728978,29.584489,2025,7,3,2025-07-03T10:24,0,387.0,79.40619771485751,dry,0,0.4511
5238086713,BW,Central,-20.027793,25.916258,2022,10,20,2022-10-20T11:23:35,0,917.0,125.39511058809268,dry,0,0.2346
5238069634,MZ,Sofala,-18.883698,34.297232,2025,7,26,2025-07-26T16:14:57,7,39.0,310.98990042284936,dry,0,0.7705
5237890058,ZM,Lusaka,-15.653312,29.2339,2025,7,3,2025-07-03T09:05,0,886.0,58.21528869695697,dry,0,0.6578
5237880324,BW,North-West,-19.730991,23.369648,2025,7,26,2025-07-26T18:51:23,0,945.0,82.42469020387821,dry,0,0.2354
5237833803,ZM,Lusaka,-15.720597,29.497941,2025,7,3,2025-07-03T06:35,0,386.0,72.20156817130894,dry,0,0.4317
5237815906,ZW,Matabeleland North,-18.823212,26.304261,2025,7,18,2025-07-18T10:54:41,0,1046.0,18.441500828647165,dry,0,0.3716
5237786978,BW,Central,-20.537029,26.833006,2024,9,4,2024-09-04T18:08:09,0,1050.0,192.38165163982688,dry,0,0.2104
5237714246,BW,North-West,-20.058629,24.880063,2016,6,8,2016-06-08T17:26,0,932.0,184.54122483919343,dry,0,0.2611
5237625674,ZM,Lusaka,-15.651742,29.419374,2022,7,11,2022-07-11T02:18,0,389.0,70.7429997182365,dry,0,0.4345
5237598748,BW,North-West,-19.768785,23.76129,2022,10,21,2022-10-21T08:56:14,0,940.0,89.77092635653976,dry,0,0.2549
5237578818,BW,North-West,-19.26558,23.598911,2022,10,22,2022-10-22T13:11:46,0,946.0,31.30588716724298,dry,0,0.2614
5237567808,ZM,Lusaka,-15.636757,29.440263,2025,7,3,2025-07-03T11:08,0,396.0,73.50484154489885,dry,0,0.4776
5231913057,BW,Chobe,-17.824689,25.118278,2025,6,27,2025-06-27T16:29,0,922.0,78.97887170733387,dry,0,0.3434
5231899267,BW,Chobe,-17.973442,25.193859,2025,7,3,2025-07-03T17:04,0,1048.0,70.38278627149035,dry,0,0.2937
5231827342,BW,Chobe,-17.855985,25.025636,2025,7,3,2025-07-03T16:20,0,976.0,88.32192133836858,dry,0,0.3079
5231826001,BW,Zambezi,-17.897879,25.092095,2025,6,27,2025-06-27T16:50,0,1010.0,81.00582182172062,dry,0,0.298
5231805771,BW,Chobe,-18.996891,25.610157,2009,6,26,2009-06-26T21:48,0,1041.0,58.97803400939527,dry,0,0.3352
5231774283,BW,Chobe,-17.903244,25.105073,2025,7,3,2025-07-03T16:22,0,1026.0,79.61261527605193,dry,0,0.298
5231768996,BW,North-West,-19.006742,23.699933,2025,6,25,2025-06-25T11:04,0,945.0,21.03326691285128,dry,0,0.2987
5231751988,BW,North-West,-19.932332,23.482934,2024,9,22,2024-09-22T14:50,0,938.0,103.68602584676363,dry,0,0.2345
5231689404,BW,North-West,-19.889716,24.7772,2023,5,23,2023-05-23T17:00:53,0,930.0,166.4959891072779,dry,0,0.2699
5231684283,BW,Chobe,-17.983512,25.160277,2025,7,3,2025-07-03T17:37,0,1047.0,74.01408615421285,dry,0,0.2937
5231596952,BW,North-West,-19.124467,23.809775,2025,6,25,2025-06-25T13:16,0,937.0,35.376234612509265,dry,0,0.321
5231571022,BW,North-West,-19.024762,23.970216,2025,6,25,2025-06-25T14:46,0,927.0,49.509965305750804,dry,0,0.321
5231394965,BW,Chobe,-17.992885,25.248948,2025,6,27,2025-06-27T16:59,0,1050.0,64.78972676422099,dry,0,0.3015
5231368995,BW,North-West,-19.442588,23.133506,2025,7,20,2025-07-20T11:03:44,0,956.0,62.471680500069255,dry,0,0.2772
5231342627,BW,North-West,-19.417275,23.68007,2025,6,24,2025-06-24T10:19,0,945.0,50.10359056918395,dry,0,0.2603
5231341821,BW,Chobe,-17.914647,24.845852,2009,6,28,2009-06-28T04:39,0,1017.0,107.0067278762458,dry,0,0.2783
5231197613,BW,North-West,-19.205558,23.713341,2025,6,30,2025-06-30T13:11,0,942.0,32.014436507890714,dry,0,0.2737
5231176772,BW,Chobe,-17.801929,24.877277,2009,6,28,2009-06-28T03:41,0,930.0,104.59830259734679,dry,0,0.2983
5231143024,BW,North-West,-19.129837,23.819412,2025,6,25,2025-06-25T13:09,0,936.0,36.54175984838991,dry,0,0.3382
5231141062,BW,Chobe,-17.83838,25.03257,2025,6,27,2025-06-27T16:32,0,932.0,87.78665411161487,dry,0,0.3079
5231121554,ZM,Lusaka,-15.657907,29.541034,2025,7,2,2025-07-02T15:51,0,352.0,80.07694348366334,dry,0,0.4849
5231077111,BW,North-West,-19.74492,23.420201,2024,9,23,2024-09-23T12:36,0,942.0,83.25321802371163,dry,0,0.2354
5231055462,BW,Chobe,-18.21959,24.276086,2025,6,29,2025-06-29T17:58,0,935.0,119.24321980392752,dry,0,0.3006
5230999126,BW,Chobe,-17.862047,24.91304,2025,7,3,2025-07-03T10:45,0,995.0,100.14715220395861,dry,0,0.2873
5230995063,BW,North-West,-18.606117,23.124515,2025,7,6,2025-07-06T19:09,0,959.0,58.99465216438853,dry,0,0.2881
5230958036,BW,North-West,-18.66777,23.06593,2025,7,5,2025-07-05T23:28,0,960.0,58.750154699838276,dry,0,0.2634
5230925130,BW,Chobe,-17.84466,25.046853,2025,6,28,2025-06-28T11:28,0,957.0,86.20828059904338,dry,0,0.3079
5230841206,BW,North-West,-19.587463,23.095957,2025,7,20,2025-07-20T17:27:57,0,953.0,77.87927728660911,dry,0,0.2921
5230828279,BW,Chobe,-17.886196,24.934653,2025,6,28,2025-06-28T14:15,0,1010.0,97.70589671686032,dry,0,0.2874
5230705900,BW,North-West,-19.041226,23.875008,2025,6,26,2025-06-26T08:05,0,938.0,39.687903304510456,dry,0,0.3195
5230679948,BW,North-West,-19.117044,23.764632,2025,6,25,2025-06-25T11:37,0,943.0,30.70720795812714,dry,0,0.3152
5230652518,BW,North-West,-19.205834,23.513779,2024,6,21,2024-06-21T17:45,0,953.0,22.933441168068974,dry,0,0.2805
5230652276,BW,Chobe,-18.636242,24.009375,2021,8,19,2021-08-19T08:16,0,941.0,67.15887353942502,dry,0,0.2852
5230643611,ZM,Lusaka,-15.641981,29.501151,2025,7,2,2025-07-02T17:30,0,375.0,77.90225875052573,dry,0,0.4815
5230606920,BW,North-West,-19.073076,23.939877,2025,6,25,2025-06-25T14:46,0,939.0,46.94568126768905,dry,0,0.3388
5230589973,BW,North-West,-19.015381,23.83442,2025,6,25,2025-06-25T14:52,0,939.0,35.199815200196944,dry,0,0.3195
5230535632,BW,North-West,-19.128024,23.996022,2025,7,1,2025-07-01T09:38,0,924.0,54.03885109495757,dry,0,0.3155
5230518025,BW,North-West,-19.14546,23.967867,2025,6,25,2025-06-25T13:11,0,927.0,51.76053488548212,dry,0,0.3155
5230476298,BW,Chobe,-17.918304,25.183862,2025,7,16,2025-07-16T08:51:28,0,1034.0,71.24207720856418,dry,0,0.2987
5230466081,BW,North-West,-18.797962,23.025473,2025,7,6,2025-07-06T23:24,0,961.0,54.74261467474062,dry,0,0.2849
5230433473,ZW,Matabeleland North,-17.89718,25.747284,2025,7,11,2025-07-11T07:19:33,0,942.0,12.014392881223884,dry,0,0.3676
5230432216,BW,Chobe,-17.968325,24.871633,2025,6,28,2025-06-28T14:47,0,1026.0,104.3727584927848,dry,0,0.2662
5230418549,ZM,Southern,-17.948751,25.844101,2025,7,17,2025-07-17T15:02:23,0,905.0,3.0516109336006676,dry,0,0.3629
5230254620,ZM,Lusaka,-15.677267,29.575357,2025,7,2,2025-07-02T17:45,0,356.0,81.74618066274529,dry,0,0.4849
5230200982,BW,North-West,-19.075732,23.917673,2025,6,25,2025-06-25T12:55,0,936.0,44.70313831284341,dry,0,0.3388
5230195956,BW,North-West,-19.019542,23.839525,2025,6,25,2025-06-25T17:25,0,940.0,35.760573666184456,dry,0,0.3195
5230145965,BW,North-West,-19.052482,23.963104,2025,6,25,2025-06-25T14:50,0,928.0,49.03013768650505,dry,0,0.3209
5230133257,BW,North-West,-18.436915,21.926877,2024,10,17,2024-10-17T12:50,0,995.0,177.1065089775116,dry,0,0.3277
5230123118,BW,North-West,-19.661051,23.563309,2024,9,23,2024-09-23T11:09,0,944.0,73.80506029567077,dry,0,0.2436
5230122944,BW,Ghanzi,-22.373437,24.797447,2014,3,28,2014-03-28T14:30,0,1022.0,240.21221999091534,wet,1,0.1701
5230025074,BW,North-West,-18.636644,23.043284,2025,7,4,2025-07-04T22:59,0,960.0,62.79435793695052,dry,0,0.2634
5217565150,BW,Chobe,-17.942703,25.032603,2025,7,4,2025-07-04T15:36:33,0,1030.0,87.2600774803512,dry,0,0.2725
5217529341,BW,North-West,-18.506791,23.543434,2018,4,24,2018-04-24T16:47,0,944.0,55.03268529688714,wet,1,0.3015
5217500086,ZM,Muchinga,-12.822778,31.814514,2025,6,24,2025-06-24T16:50,3,556.0,477.37842072386604,dry,0,0.5866
5217493594,ZW,Matabeleland North,-17.932498,25.858869,2025,6,9,2025-06-09T02:13,0,811.0,0.9285196520425174,dry,0,0.4109
5217487510,BW,Central,-22.069143,29.00724,2025,6,28,2025-06-28T07:50,4,616.0,204.85880703507092,dry,0,0.239
5217480609,ZW,Matabeleland North,-17.908267,25.271191,2025,7,4,2025-07-04T10:49:20,0,1042.0,62.02696532990718,dry,0,0.3264
5217396702,BW,Chobe,-18.441418,24.332198,2025,6,10,2025-06-10T07:59,0,964.0,107.41787176625989,dry,0,0.3232
5217245790,BW,Chobe,-17.810005,25.099018,2007,7,12,2007-07-12T03:17,0,929.0,81.24012293358176,dry,0,0.3434
5216922318,ZW,Masvingo,-21.53723,32.112513,2025,6,10,2025-06-10T16:02,1,316.0,398.5078461056916,dry,0,0.3481
5216884257,BW,North-West,-18.551911,23.426702,2018,4,22,2018-04-22T17:11,0,948.0,50.419232515379946,wet,1,0.2835
5216743245,BW,Chobe,-18.687352,24.062805,2015,10,3,2015-10-03T09:45,0,929.0,68.6761247861979,dry,0,0.2852
5216726165,ZW,Masvingo,-21.679579,31.606019,2025,6,9,2025-06-09T11:46,1,505.0,409.3006888928051,dry,0,0.4433
5216671193,BW,Central,-20.557768,24.473105,2015,4,28,2015-04-28T16:01,0,925.0,200.9236789345969,wet,1,0.2384
5216541699,BW,Chobe,-17.886299,24.95168,2025,6,9,2025-06-09T09:39,0,1023.0,95.90548004694135,dry,0,0.2905
5216437974,BW,North-West,-19.352442,23.476139,2025,6,30,2025-06-30T11:12:02,0,947.0,39.26980382024671,dry,0,0.2615
5216422911,ZM,Muchinga,-13.122828,31.966287,2025,6,20,2025-06-20T07:15,3,556.0,463.566115832624,dry,0,0.5506
5216387342,BW,Chobe,-17.968268,25.207271,2025,6,19,2025-06-19T19:36:30,0,1048.0,68.92620048186987,dry,0,0.2937
5216347592,ZW,Matabeleland North,-17.906767,25.302731,2025,7,4,2025-07-04T10:49:30,0,1049.0,58.69695872793602,dry,0,0.3281
5216336931,ZM,Muchinga,-13.0929,31.808085,2025,6,20,2025-06-20T07:10,3,530.0,454.27319749514686,dry,0,0.5755
5216332578,BW,North-West,-20.125835,24.118437,2025,6,28,2025-06-28T11:03:07,0,938.0,140.96218210128106,dry,0,0.2591
5216315119,ZM,Muchinga,-12.980343,31.954627,2025,6,24,2025-06-24T16:46,3,534.0,474.2223569981839,dry,0,0.5556
5216286307,ZW,Masvingo,-21.410965,32.15182,2025,6,10,2025-06-10T15:46,1,216.0,385.3685056604956,dry,0,0.3588
5216198744,BW,Chobe,-17.860758,25.061549,2007,7,12,2007-07-12T01:49,0,947.0,84.4892252883647,dry,0,0.298
5215878459,ZW,Matabeleland North,-17.809229,25.773897,2025,7,3,2025-07-03,0,984.0,15.538480989422856,dry,0,0.3852
5215846004,BW,North-West,-19.745889,23.785146,2025,6,29,2025-06-29T10:03:51,0,942.0,88.16786230997467,dry,0,0.2501
5215804282,BW,North-West,-18.416707,23.54988,2018,4,22,2018-04-22T17:28,0,947.0,65.07162280893846,wet,1,0.3037
5215800243,BW,Chobe,-17.952659,25.119943,2013,8,9,2013-08-09T11:02,0,1039.0,78.05771350305588,dry,0,0.2859
5215784974,BW,North-West,-19.005802,22.721141,2018,2,5,2018-02-05T07:25,0,970.0,81.88784322613577,wet,1,0.2833
5206801580,BW,Chobe,-17.872534,25.071217,2025,6,12,2025-06-12T02:06,0,986.0,83.36643511792403,dry,0,0.298
5206794620,BW,Chobe,-17.858705,25.036202,2025,6,12,2025-06-12T02:21,0,978.0,87.1815562776969,dry,0,0.3079
5206756437,ZW,Masvingo,-21.665917,31.629107,2025,6,8,2025-06-08T15:17,1,516.0,407.8549019589203,dry,0,0.4433
5206693808,ZM,Muchinga,-13.005787,31.439462,2024,11,6,2024-11-06T04:39,3,647.0,432.26968220907315,wet,1,0.5645
5206688661,BW,Chobe,-17.864018,25.164026,2025,6,12,2025-06-12T06:29,0,1004.0,73.65446671479205,dry,0,0.2987
5206681613,BW,Chobe,-17.878174,25.192164,2025,6,12,2025-06-12T06:53,0,1009.0,70.55524234431593,dry,0,0.2987
5206626812,ZM,Muchinga,-11.513582,32.327826,2024,10,30,2024-10-30T16:03,3,750.0,607.956890516456,dry,0,0.6259
5206609766,ZW,Masvingo,-21.654641,31.766695,2025,6,8,2025-06-08T17:01,1,452.0,407.3335086443014,dry,0,0.4228
5206587578,BW,Chobe,-17.838067,25.181717,2025,6,13,2025-06-13T02:24,0,1001.0,72.1223040441798,dry,0,0.3434
5206583791,ZM,Muchinga,-13.014845,31.549848,2024,11,2,2024-11-02T06:35,3,666.0,442.023965543963,wet,1,0.6524
5206523673,BW,Chobe,-17.865496,25.185726,2025,6,12,2025-06-12T06:56,0,1011.0,71.35255643699564,dry,0,0.2987
5206521644,BW,Chobe,-17.829291,25.070248,2025,6,13,2025-06-13T02:14,0,930.0,83.94755396479249,dry,0,0.3079
5206519767,BW,North-West,-20.918013,23.581374,2025,6,8,2025-06-08T16:06,0,987.0,213.44280448681943,dry,0,0.2121
5206490676,ZM,Southern,-17.999404,25.836855,2025,6,12,2025-06-12T17:26:18,0,1003.0,8.624000561758837,dry,0,0.4156
5206476802,ZM,Muchinga,-12.837663,31.795925,2024,11,6,2024-11-06T13:50,3,561.0,474.8161506969418,wet,1,0.3079
5206473661,BW,Chobe,-17.893645,25.094141,2025,6,13,2025-06-13T07:28,0,1001.0,80.80893934828768,dry,0,0.298
5206473660,BW,Chobe,-17.813869,25.149434,2025,6,14,2025-06-14T02:35,0,989.0,75.90329105732634,dry,0,0.3434
5206469792,ZM,Muchinga,-13.180057,31.550963,2024,11,7,2024-11-07T07:56,3,625.0,428.60133892242504,wet,1,0.6506
5206459818,ZM,Muchinga,-11.433787,32.098985,2024,10,29,2024-10-29T14:28,3,1264.0,595.0216289669113,dry,0,0.9256
5206459814,ZM,Muchinga,-13.131458,31.421546,2024,11,3,2024-11-03T06:13,3,602.0,423.49926044584885,wet,1,0.5763
5206457795,ZM,Muchinga,-11.559029,32.066681,2024,10,31,2024-10-31T05:26,3,1216.0,583.1084109994238,dry,0,0.8712
5206424594,BW,Chobe,-17.867474,25.195933,2025,6,11,2025-06-11T08:14,0,1011.0,70.25660277918549,dry,0,0.2987
5206360562,BW,Chobe,-17.856564,25.158647,2025,6,11,2025-06-11T07:06,0,1004.0,74.30228904012476,dry,0,0.2987
5206311420,MZ,Sofala,-18.932427,34.40958,2025,6,9,2025-06-09T08:51:57,7,30.0,323.9066037445662,dry,0,0.6729
5206292596,BW,Chobe,-17.957024,25.143564,2025,6,12,2025-06-12T02:06,0,1042.0,75.58185313555309,dry,0,0.2859
5206286801,ZM,Muchinga,-13.151215,31.424374,2024,11,2,2024-11-02T07:25,3,586.0,422.33472515420124,wet,1,0.5964
5206276603,BW,Chobe,-17.892916,25.029871,2025,6,14,2025-06-14T02:37,0,1008.0,87.60693550877174,dry,0,0.2905
5206275816,ZM,Muchinga,-13.104616,31.423431,2024,11,3,2024-11-03T06:14,3,628.0,425.1664199989639,wet,1,0.5761
5206259639,BW,Chobe,-17.864433,25.112671,2025,6,11,2025-06-11T07:05,0,993.0,79.06364048940583,dry,0,0.298
5206258748,ZM,Muchinga,-13.103645,31.64454,2024,11,6,2024-11-06T08:55,3,598.0,441.6455310145191,wet,1,0.6546
5206239748,ZM,Muchinga,-11.469596,32.390896,2024,10,31,2024-10-31T06:25,3,717.0,616.3646267800152,dry,0,0.626
5206199630,BW,Chobe,-17.991793,25.163684,2025,6,14,2025-06-14T02:38,0,1049.0,73.74143328381463,dry,0,0.2937
5206113797,ZM,Muchinga,-11.429322,32.329445,2024,10,30,2024-10-30T17:08,3,843.0,614.1661648556034,dry,0,0.6959
5206060800,ZM,Muchinga,-13.241926,31.509199,2024,11,2,2024-11-02T08:46,3,573.0,420.4340913881899,wet,1,0.6083
5206057771,ZM,Muchinga,-13.131401,31.459633,2024,11,2,2024-11-02T05:34,3,577.0,426.4461282640637,wet,1,0.6391
5206039823,ZM,Muchinga,-13.091547,31.519058,2024,11,7,2024-11-07T04:57,3,634.0,433.94452469990614,wet,1,0.7057
5205970786,ZM,Muchinga,-13.21915,31.496758,2024,11,6,2024-11-06T04:38,3,569.0,421.4897769946003,wet,1,0.6724
5205933624,BW,Chobe,-17.836574,25.072774,2025,6,12,2025-06-12T02:08,0,928.0,83.58230393770381,dry,0,0.3079
5205919601,BW,Chobe,-17.991095,25.029028,2025,6,14,2025-06-14T02:38,0,1033.0,87.91659141904633,dry,0,0.2725
5205854816,ZM,Muchinga,-13.009505,31.759104,2024,11,6,2024-11-06T14:57,3,550.0,457.6805567902264,wet,1,0.5831
5205838799,ZM,Muchinga,-13.014761,31.771597,2024,11,6,2024-11-06T07:59,3,544.0,458.12947533940144,wet,1,0.5831
5205828791,ZM,Muchinga,-11.768468,32.3598,2024,10,31,2024-10-31T14:43,3,644.0,592.8484521920329,dry,0,0.5946
5205823794,ZM,Muchinga,-13.065,31.47532,2024,11,3,2024-11-03T08:34,3,610.0,432.23937603667144,wet,1,0.5647
5205818795,ZM,Muchinga,-13.102055,31.420412,2024,11,6,2024-11-06T05:38,3,644.0,425.02672122115194,wet,1,0.576
5199282536,ZW,Matabeleland North,-17.854518,25.921589,2019,8,8,2019-08-08T15:46,0,937.0,10.326326883345985,dry,0,0.4517
5199256408,BW,North-West,-20.097891,24.510367,2025,6,15,2025-06-15T11:14:13,0,931.0,161.59138697142672,dry,0,0.2594
5199149088,ZM,Southern,-15.999998,28.818343,2025,6,9,2025-06-09T13:04:51,0,431.0,17.932745805680813,dry,0,0.3815
5199100625,ZM,Lusaka,-15.223915,29.679825,2025,6,10,2025-06-10T14:36:21,0,1001.0,124.88227194474179,dry,0,0.5323
5199094277,ZW,Masvingo,-21.767052,31.943591,2025,6,7,2025-06-07T16:04,1,371.0,421.43617684218515,dry,0,0.4879
5199049941,MZ,Sofala,-18.939474,34.5145,2018,8,28,2018-08-28T16:30,7,25.0,334.64599802495144,dry,0,0.6151
5199026192,BW,Central,-20.915865,26.343847,2025,6,9,2025-06-09T16:40:41,0,952.0,208.68574542052735,dry,0,0.2061
5198820227,ZM,Southern,-17.947351,25.921735,2025,6,14,2025-06-14T08:19:51,0,924.0,7.292516119590462,dry,0,0.3944
5198780142,ZM,Lusaka,-15.997377,28.809964,2025,6,7,2025-06-07T17:41:56,0,419.0,18.818839579506744,dry,0,0.3815
5198775894,MZ,Sofala,-18.957013,34.306843,2018,8,18,2018-08-18T07:15,7,34.0,314.55480585098513,dry,0,0.7036
5198748405,BW,North-West,-19.38693,23.088167,2019,7,29,2019-07-29T10:43,0,958.0,61.00426849119979,dry,0,0.277
5198691732,ZM,Muchinga,-13.003748,31.795316,2025,6,11,2025-06-11T11:15:07,3,543.0,460.7442562728682,dry,0,0.5831
5198591095,ZW,Matabeleland North,-19.166726,27.173296,2025,4,26,2025-04-26T16:23,0,1016.0,109.25623539709449,wet,1,0.3664
5198566185,ZW,Mashonaland West,-15.938594,28.879539,2025,6,7,2025-06-07T14:18:20,0,377.0,19.46341879632985,dry,0,0.3268
5198431757,ZM,Muchinga,-13.022109,31.706745,2025,6,11,2025-06-11T11:18:11,3,610.0,452.9136567862631,dry,0,0.6207
5198391454,BW,Chobe,-18.342424,24.489147,2019,8,7,2019-08-07T15:42,0,980.0,127.2940373952239,dry,0,0.3236
5198368109,ZW,Mashonaland West,-15.741144,29.472564,2025,4,28,2025-04-28T08:47,0,398.0,68.66255401452825,wet,1,0.396
5198308788,ZW,Matabeleland North,-19.123717,26.577538,2025,5,25,2025-05-25T03:48,0,1033.0,48.601561562324584,dry,0,0.3721
5188437553,BW,North-West,-19.08973,24.119447,2025,5,25,2025-05-25T09:50,0,929.0,65.86915235487452,dry,0,0.3057
5188358980,BW,North-West,-19.113594,23.652415,2025,5,15,2025-05-15T15:27,0,943.0,20.39977915406964,dry,0,0.2783
5188338436,ZM,Eastern,-13.097649,31.706833,2025,6,9,2025-06-09T15:56:32,3,544.0,446.5741643202194,dry,0,0.5761
5188329730,BW,Chobe,-18.567375,24.20084,2018,4,17,2018-04-17T13:51,0,930.0,88.0767536691037,wet,1,0.2736
5188290567,BW,Central,-19.697648,26.062485,2019,6,1,2019-06-01T00:00,0,945.0,86.6069244282768,dry,0,0.2487
5188289670,BW,North-West,-19.109641,23.671409,2025,5,15,2025-05-15T09:31,0,945.0,21.75292793126739,dry,0,0.2783
5188260966,ZM,Lusaka,-15.726961,29.436821,2025,6,5,2025-06-05T16:25:38,0,372.0,66.56249498164813,dry,0,0.4333
5188224045,BW,North-West,-20.980987,23.543417,2025,6,5,2025-06-05T16:57:41,0,981.0,220.3224142227744,dry,0,0.2068
5188084907,BW,North-West,-19.132658,23.710378,2025,5,15,2025-05-15T11:09,0,942.0,26.57866310582899,dry,0,0.3152
5188079554,ZW,Mashonaland West,-16.454662,28.847075,2025,5,25,2025-05-25T18:00,0,895.0,40.93822293741315,dry,0,0.4684
5188058468,BW,Chobe,-18.024594,24.371732,2019,6,17,2019-06-17T00:00,0,933.0,142.1687848729266,dry,0,0.3284
5188051701,BW,Chobe,-17.999589,25.107638,2019,6,15,2019-06-15T00:00,0,1044.0,79.72596632987216,dry,0,0.2835
5188021578,BW,Chobe,-17.960611,25.145542,2019,6,15,2019-06-15T00:00,0,1041.0,75.39239352511706,dry,0,0.2859
5187974535,BW,Chobe,-18.212213,23.881042,2025,5,19,2025-05-19T13:59,0,943.0,96.36296227830631,dry,0,0.3325
5187936273,BW,Chobe,-17.940711,25.156126,2019,6,15,2019-06-15T00:00,0,1037.0,74.19116729283246,dry,0,0.2937
5187919901,BW,Chobe,-18.858068,25.664382,2019,6,1,2019-06-01T00:00,0,1064.0,53.27265576655607,dry,0,0.3084
5187833447,BW,Chobe,-17.844586,25.012793,2019,6,15,2019-06-15T00:00,0,958.0,89.7950863473837,dry,0,0.3079
5187771835,ZW,Mashonaland West,-16.584481,28.943642,2025,5,25,2025-05-25T16:27,0,487.0,53.87610072777251,dry,0,0.3224
5187765890,BW,North-West,-19.184519,23.75555,2025,5,14,2025-05-14T17:38,0,938.0,33.79412061849827,dry,0,0.3152
5187745447,ZW,Mashonaland West,-16.967144,28.551085,2025,6,5,2025-06-05T17:26:55,0,938.0,105.38211675683611,dry,0,0.5439
5187627491,BW,Chobe,-17.950277,25.015359,2019,6,3,2019-06-03T00:00,0,1028.0,89.10528564760367,dry,0,0.2725
5187560992,BW,North-West,-19.024317,23.656074,2025,5,14,2025-05-14T17:34,0,945.0,16.629234497765207,dry,0,0.2987
5187504675,BW,North-West,-19.073705,23.664702,2025,5,15,2025-05-15T11:08,0,949.0,19.154315928785028,dry,0,0.2783
5177141224,ZW,Mashonaland West,-16.450188,28.864009,2025,5,24,2025-05-24T16:49,0,678.0,40.00627533059324,dry,0,0.4546
5177136683,ZW,Matabeleland North,-19.081888,27.462515,2025,5,24,2025-05-24T11:36:53,0,1024.0,137.4424557162575,dry,0,0.362
5177013490,ZW,Matabeleland North,-17.101357,28.166338,2025,6,2,2025-06-02T09:47:29,0,593.0,139.18013776250984,dry,0,0.6205
5176922135,ZM,Central,-15.105748,28.416101,2025,6,1,2025-06-01T09:55:18,0,1118.0,46.202044349609906,dry,0,0.4478
5176674307,ZW,Mashonaland West,-16.458823,28.880408,2025,5,23,2025-05-23T17:14,0,686.0,40.584839050061504,dry,0,0.4338
5176509411,ZW,Mashonaland West,-16.521558,28.858194,2025,5,23,2025-05-23T16:44,0,501.0,47.88806201618626,dry,0,0.4271
5168526239,BW,Chobe,-17.802036,25.0486,2025,5,25,2025-05-25T17:16:58,0,928.0,86.6507771555641,dry,0,0.3079
5168306834,BW,North-West,-19.004369,23.887439,2025,5,15,2025-05-15T11:06:42,0,940.0,40.73647713979728,dry,0,0.3195
5168090092,BW,Chobe,-18.665602,24.044394,2024,8,10,2024-08-10T10:45,0,931.0,68.30147857849367,dry,0,0.2852
5167913328,ZW,Mashonaland West,-15.890528,29.039829,2025,5,13,2025-05-13T15:37:38,0,375.0,25.193698852661143,dry,0,0.2934
5167845783,ZM,Southern,-17.956004,25.726541,2015,12,28,2015-12-28T20:04:54,0,1012.0,14.264698624190228,wet,1,0.4012
5167833888,BW,Central,-19.339252,25.877957,2025,5,12,2025-05-12T16:29:43,0,1002.0,55.110605123319075,dry,0,0.2767
5167718098,BW,Chobe,-17.977835,25.15411,2025,5,3,2025-05-03T14:32,0,1043.0,74.612042912094,dry,0,0.2937
5167655388,BW,Chobe,-17.990321,25.105561,2025,5,3,2025-05-03T09:27,0,1039.0,79.84518633069702,dry,0,0.2859
5167430880,BW,Chobe,-18.596808,24.190283,2024,8,10,2024-08-10T17:47,0,928.0,85.37957303517041,dry,0,0.2736
5167227677,BW,Chobe,-17.980499,25.088221,2025,5,1,2025-05-01T16:54:55,0,1038.0,81.58311777711519,dry,0,0.2859
5167073921,BW,Chobe,-17.981623,24.844327,2025,5,3,2025-05-03T10:49:29,0,1021.0,107.33184351818454,dry,0,0.2662
5167071098,ZM,Southern,-17.923964,25.463393,2025,5,18,2025-05-18T13:45:14,0,1074.0,41.66402795937726,dry,0,0.3638
5166996630,ZW,Matabeleland North,-18.873254,27.058509,2025,5,18,2025-05-18T15:04:06,0,1045.0,94.08872513661912,dry,0,0.4117
5166963842,ZW,Matabeleland North,-18.799246,26.971416,2019,12,14,2019-12-14T14:56,0,1073.0,85.91356007082574,wet,1,0.4107
5166945316,ZM,Southern,-17.928835,25.830385,2025,5,5,2025-05-05T09:27:11,0,964.0,2.881404832098137,dry,0,0.3628
5166843182,ZW,Matabeleland North,-18.741714,26.981397,2019,12,14,2019-12-14T11:31,0,1084.0,88.21854135511157,wet,1,0.4226
5166788908,BW,Chobe,-18.509056,24.174553,2024,8,10,2024-08-10T16:22,0,932.0,89.57975773439857,dry,0,0.2815
5154889238,BW,North-West,-19.193689,24.17434,2025,3,27,2025-03-27T10:01,0,959.0,74.05742400056135,wet,1,0.3048
5154750675,ZW,Matabeleland North,-17.925767,25.91983,2025,5,2,2025-05-02T13:10:20,0,931.0,6.628106715201764,dry,0,0.3944
5154587163,BW,North-West,-19.117438,24.129314,2025,3,27,2025-03-27T18:21,0,935.0,67.41745195678808,wet,1,0.2957
5154553388,BW,North-West,-19.133547,24.00613,2025,3,27,2025-03-27T10:38,0,925.0,55.225452357534486,wet,1,0.3155
5154487065,BW,North-West,-19.070267,24.045083,2025,3,27,2025-03-27T11:00,0,921.0,57.82646929725387,wet,1,0.3057
5154429657,BW,Chobe,-17.892912,25.06635,2025,5,3,2025-05-03T11:27:20,0,997.0,83.75042297446379,dry,0,0.298
5154236376,ZW,Matabeleland North,-17.992265,25.849085,2025,5,2,2025-05-02T13:55:58,0,944.0,7.605955834336065,dry,0,0.4156
5154137762,BW,North-West,-19.019612,24.174016,2025,3,27,2025-03-27T11:10,0,922.0,70.89325990029451,wet,1,0.2936
5154127855,BW,North-West,-19.109386,24.188447,2025,3,27,2025-03-27T17:28,0,945.0,73.37246197993572,wet,1,0.2957
5154118305,ZM,Central,-14.972457,26.01558,2012,11,24,2012-11-24T06:00,5,1106.0,213.17372377588825,wet,1,0.4034
5154099001,ZM,Western,-16.41108,23.364441,2025,4,30,2025-04-30T18:43:10,-1,996.0,288.23259978787775,wet,1,0.5278
5154077200,BW,North-West,-18.937177,23.110632,2025,3,24,2025-03-24T18:24,0,962.0,41.53627767823573,wet,1,0.285
5153987573,BW,North-West,-19.061226,24.109879,2025,3,27,2025-03-27T11:05,0,920.0,64.46940033352347,wet,1,0.3057
5153613093,BW,Central,-23.61058,26.511882,2019,12,12,2019-12-12T09:52,-1,1005.0,123.42434950908955,wet,1,0.1817
5153413077,BW,Chobe,-17.962767,25.025841,2025,5,3,2025-05-03T14:29:38,0,1032.0,88.05041427137782,dry,0,0.2725
5153332354,ZW,Mashonaland West,-16.068199,28.952535,2025,5,10,2025-05-10T15:33,0,431.0,3.5464672736393497,dry,0,0.3532
5153325324,BW,Chobe,-17.87988,25.077654,2009,11,27,2009-11-27,0,975.0,82.63240556114754,wet,1,0.298
5153255429,BW,North-West,-19.055451,24.049413,2025,3,26,2025-03-26T17:41,0,921.0,58.0821094148202,wet,1,0.2894
5153242367,ZM,Muchinga,-13.043127,31.77983,2025,4,17,2025-04-17T17:20,3,538.0,456.350464242024,wet,1,0.5831
5153136485,BW,North-West,-19.035989,23.17309,2025,3,25,2025-03-25T08:44,0,961.0,34.5987782407401,wet,1,0.2856
5153109644,BW,North-West,-19.040664,23.8528,2024,8,21,2024-08-21T08:57,0,938.0,37.362360761885725,dry,0,0.3195
5141092812,BW,North-West,-19.078143,23.044961,2025,3,24,2025-03-24T17:33,0,961.0,48.612963494145646,wet,1,0.3181
5140961752,BW,North-West,-19.125554,23.185018,2025,3,24,2025-03-24T17:15,0,961.0,35.927192897397,wet,1,0.2638
5140938769,BW,North-West,-19.105116,23.017375,2025,3,24,2025-03-24T17:15,0,960.0,52.05482807450022,wet,1,0.3181
5140764321,ZW,Mashonaland West,-16.293283,29.598911,2025,4,26,2025-04-26T10:55,0,1035.0,72.54824502431391,wet,1,0.4287
5140648840,BW,North-West,-19.150732,23.080889,2025,3,24,2025-03-24T08:45,0,955.0,47.12528311399656,wet,1,0.2829
5140397707,BW,North-West,-19.039667,23.082182,2025,3,23,2025-03-23T10:52,0,960.0,44.14373727230874,wet,1,0.3053
5140382456,ZW,Matabeleland South,-21.504191,30.081686,2025,4,19,2025-04-19T14:26,4,609.0,331.00837686427997,wet,1,0.4936
5140291382,MZ,Niassa,-12.916223,36.34776,2024,10,14,2024-10-14T17:09,-1,755.0,767.6278196913136,dry,0,0.5524
5140243659,BW,Chobe,-17.916632,25.146786,2024,4,25,2024-04-25T16:31,0,1033.0,75.16677302737143,wet,1,0.2987
5135599752,ZM,,-13.055399,31.797867,2025,4,19,2025-04-19T00:00,3,528.0,456.62962670343995,wet,1,0.5831
5135581155,ZM,,-13.055399,31.797867,2025,4,17,2025-04-17T00:00,3,528.0,456.62962670343995,wet,1,0.5831
5135565409,ZM,,-13.055399,31.797867,2025,4,18,2025-04-18T00:00,3,528.0,456.62962670343995,wet,1,0.5831
5135476571,ZM,,-13.055399,31.797867,2025,4,16,2025-04-16T00:00,3,528.0,456.62962670343995,wet,1,0.5831
5134915502,BW,North-West,-19.808397,23.338892,2017,7,3,2017-07-03T15:53:22,0,940.0,91.4638970301533,dry,0,0.2438
5134903248,BW,Chobe,-18.453472,24.05237,2017,7,8,2017-07-08T17:39:16,0,945.0,84.12339633441152,dry,0,0.302
5134838884,BW,Chobe,-17.816233,25.178996,2025,4,22,2025-04-22T11:39:47,0,1001.0,72.77335809365813,wet,1,0.3434
5134740886,BW,North-West,-19.569344,23.568905,2025,3,21,2025-03-21T10:49,0,941.0,63.71989102287521,wet,1,0.2393
5134732357,BW,North-West,-19.21718,23.641206,2017,7,4,2017-07-04T15:10:33,0,947.0,28.34260173243573,dry,0,0.2737
5134705168,BW,North-West,-19.252553,23.883832,2025,4,15,2025-04-15T14:33:16,0,939.0,49.13926880651751,wet,1,0.3088
5134675816,BW,Chobe,-17.838214,25.047643,2017,7,10,2017-07-10T15:27:50,0,934.0,86.20331559936342,dry,0,0.3079
5134653513,BW,North-West,-19.062515,23.602866,2025,4,16,2025-04-16T12:06:05,0,950.0,12.854637625758428,wet,1,0.2783
5134622120,BW,North-West,-18.578254,23.70707,2025,3,17,2025-03-17T09:39,0,944.0,51.714523528780695,wet,1,0.3511
5134505798,BW,North-West,-18.53602,23.770715,2025,3,17,2025-03-17T10:32,0,942.0,58.94142038792922,wet,1,0.3387
5134496147,BW,North-West,-19.086593,24.09005,2025,3,27,2025-03-27T10:24,0,920.0,62.76280026299128,wet,1,0.3057
5134486258,BW,North-West,-19.007074,23.625025,2025,4,16,2025-04-16T17:02:32,0,947.0,13.167971966446888,wet,1,0.2766
5134465537,BW,North-West,-18.533757,22.056937,2024,10,26,2024-10-26T17:14,0,990.0,160.5314341424186,dry,0,0.3312
5134455913,BW,North-West,-18.431407,22.08271,2024,10,29,2024-10-29T17:59,0,1011.0,162.09933310785146,dry,0,0.2928
5134438051,ZM,Central,-14.931087,25.949825,2025,4,17,2025-04-17T10:42:25,5,1073.0,220.36911196738953,wet,1,0.4156
5134416962,ZM,Southern,-15.845103,25.946707,2025,4,21,2025-04-21T12:27:29,5,1029.0,231.39220186746905,wet,1,0.3643
5134408977,BW,North-West,-18.415476,23.706396,2025,3,17,2025-03-17T09:55,0,945.0,68.53476307445936,wet,1,0.3143
5134405502,BW,Chobe,-18.570272,24.497913,2018,11,24,2018-11-24T15:33,0,963.0,115.40854790531777,wet,1,0.3023
5134382392,BW,North-West,-18.471501,23.774723,2025,3,17,2025-03-17T10:53,0,945.0,65.50094658814889,wet,1,0.3268
5134369698,BW,North-West,-19.666911,23.303923,2025,4,15,2025-04-15T08:12:56,0,945.0,76.95798145820905,wet,1,0.2264
5134353234,BW,North-West,-18.522851,23.692371,2025,3,17,2025-03-17T09:19,0,946.0,56.79104608682232,wet,1,0.328
5134301396,BW,North-West,-18.512095,22.04762,2024,10,28,2024-10-28T18:33,0,991.0,162.2587566268732,dry,0,0.3312
5134253888,BW,North-West,-19.955855,24.691856,2018,4,11,2018-04-11T12:12,0,936.0,164.03396299761562,wet,1,0.2588
5134012619,BW,Chobe,-18.487365,24.31454,2025,3,23,2025-03-23T08:40,0,953.0,102.98329516674139,wet,1,0.3232
5133995387,BW,North-West,-18.447438,23.715761,2025,3,16,2025-03-16T08:37,0,949.0,65.50883108568179,wet,1,0.3143
5133921742,BW,North-West,-18.505579,23.626107,2025,3,16,2025-03-16T15:22,0,951.0,56.55782805276859,wet,1,0.3057
5133867173,BW,North-West,-19.056844,23.008348,2025,3,23,2025-03-23T03:45,0,963.0,52.06698084122077,wet,1,0.3181
5133847394,BW,North-West,-18.524658,23.700185,2025,3,16,2025-03-16T10:36,0,945.0,56.90290358134621,wet,1,0.328
5133725508,BW,Chobe,-18.52455,24.384734,2025,3,23,2025-03-23T07:38,0,960.0,107.10681820859112,wet,1,0.3455
5133680442,BW,North-West,-18.548473,23.660303,2025,3,18,2025-03-18T16:27,0,946.0,52.9679919531745,wet,1,0.3057
5133629564,BW,North-West,-18.487973,23.602096,2025,3,16,2025-03-16T09:19,0,947.0,57.94086096791508,wet,1,0.3092
5133619218,BW,North-West,-18.423458,23.786906,2025,3,18,2025-03-18T13:18,0,946.0,70.87254915579989,wet,1,0.3268
5133595241,BW,North-West,-18.508168,23.628353,2025,3,18,2025-03-18T17:16,0,950.0,56.33427030349335,wet,1,0.3057
5133591826,BW,Chobe,-17.999765,25.072697,2025,3,22,2025-03-22T18:19,0,1040.0,83.40425425875695,wet,1,0.2643
5133363132,ZM,Southern,-15.956745,28.82366,2024,6,2,2024-06-02T14:59:11,0,397.0,20.88182580377084,dry,0,0.3269
5133337860,BW,North-West,-19.247003,22.632297,2025,4,7,2025-04-07T17:27,0,967.0,95.20714683751696,wet,1,0.2877
5133274888,ZM,Southern,-15.890711,28.826723,2024,6,2,2024-06-02T16:18:28,0,429.0,26.743504254459697,dry,0,0.3269
5133274881,ZW,Mashonaland West,-15.912282,28.816573,2024,6,6,2024-06-06T17:11:18,0,393.0,25.27996534884667,dry,0,0.3269
5104619242,BW,North-West,-20.179464,23.411934,2025,3,23,2025-03-23T16:48:32,0,958.0,131.47448354298433,wet,1,0.2295
5104575087,BW,Chobe,-17.933894,25.020982,2025,3,23,2025-03-23T16:19:27,0,1031.0,88.47412440815246,wet,1,0.2725
5104527588,BW,Central,-22.250346,29.007643,2024,5,28,2024-05-28T11:47:37,4,541.0,199.34252851503464,dry,0,0.2066
5104490162,BW,North-West,-19.312422,23.39487,2024,4,18,2024-04-18T16:53,0,950.0,36.45255420355814,wet,1,0.2687
5104482275,BW,North-West,-19.148552,23.877753,2024,4,21,2024-04-21T09:07,0,938.0,42.99746228698964,wet,1,0.3382
5104425391,BW,Chobe,-18.994121,24.080044,2024,4,22,2024-04-22T14:08,0,920.0,60.988563005556614,wet,1,0.2894
5104381385,BW,Chobe,-17.998781,25.08131,2025,3,11,2025-03-11T18:26,0,1040.0,82.48705643766652,wet,1,0.2859
5104373944,BW,North-West,-19.897234,24.781983,2024,4,12,2024-04-12T14:52,0,928.0,167.39397641930591,wet,1,0.2699
5104345870,ZW,Matabeleland North,-18.623166,27.060187,2024,8,25,2024-08-25T18:58:38,0,1073.0,99.95874504177898,dry,0,0.4847
5088064103,BW,North-West,-20.010341,24.160259,2025,3,4,2025-03-04T11:52,0,944.0,131.94842404994822,wet,1,0.2749
5088052629,BW,North-West,-19.550032,23.70601,2025,3,5,2025-03-05T11:32,0,944.0,64.87061991327214,wet,1,0.258
5087995371,BW,Central,-20.316176,26.308696,2025,3,3,2025-03-03T13:11,0,914.0,155.42507616890703,wet,1,0.2341
5087960738,ZM,Southern,-17.970445,25.902392,2025,3,16,2025-03-16T10:38:46,0,901.0,7.013002477883761,wet,1,0.3945
5087801168,BW,Chobe,-18.540011,25.599376,2025,3,3,2025-03-03T11:53,0,1074.0,73.41256441889314,wet,1,0.2932
5087782948,BW,North-West,-19.133052,23.630806,2015,11,26,2015-11-26T23:26,0,947.0,20.195642078115476,wet,1,0.2882
5087621388,BW,North-West,-19.105387,23.752471,2015,11,26,2015-11-26T22:11,0,942.0,29.00793969727249,wet,1,0.3129
5087457034,BW,Chobe,-18.597262,24.26926,2000,12,6,2000-12-06T14:52,0,935.0,92.53303891957141,wet,1,0.2868
5087418970,BW,Chobe,-18.53802,24.325824,2000,12,6,2000-12-06T16:59,0,938.0,100.98571463460502,wet,1,0.3194
5087418883,BW,North-West,-19.378431,23.033245,2000,12,7,2000-12-07T14:46,0,959.0,64.60150988217549,wet,1,0.2903
5087407796,BW,North-West,-19.409879,23.679215,2025,2,21,2025-02-21T13:01:26,0,946.0,49.30880730060692,wet,1,0.2603
5087277502,BW,Central,-20.395926,26.067905,2022,8,13,2022-08-13T17:31,0,903.0,163.8914951265219,dry,0,0.1836
5087031462,ZM,Central,-12.558867,30.273923,2023,7,10,2023-07-10T15:57,2,1198.0,366.0256465727347,dry,0,0.6008
5077139307,MZ,Maputo,-26.497658,32.832149,2019,5,19,2019-05-19T10:08,9,7.0,718.9160082462364,dry,0,0.6959
5077099522,BW,Chobe,-18.442714,24.684668,2018,4,14,2018-04-14T22:30,0,971.0,136.6243445064129,wet,1,0.262
5076939993,BW,North-West,-19.256367,22.979957,2024,10,19,2024-10-19T12:05,0,962.0,61.623339451458946,dry,0,0.3124
5076905168,BW,Central,-20.700605,25.654507,2024,8,22,2024-08-22T16:26,0,904.0,204.56510725765813,dry,0,0.1674
5076852192,BW,North-West,-19.201885,23.537213,2024,9,4,2024-09-04T13:30,0,948.0,22.786570330263867,dry,0,0.2805
5070108561,MZ,Maputo,-26.539032,32.810183,2025,2,15,2025-02-15T18:03:09,9,8.0,719.8080143228414,wet,1,0.7488
5069984779,ZW,Matabeleland North,-19.00566,26.551083,2012,4,22,2012-04-22T21:34,0,1046.0,41.49914198945235,wet,1,0.3828
5069976842,ZW,Matabeleland North,-19.061997,26.495968,2012,4,22,2012-04-22T22:56,0,1021.0,37.91396553949336,wet,1,0.3647
5069936437,BW,Chobe,-18.572469,24.481351,2024,4,5,2024-04-05,0,960.0,113.72085029533463,wet,1,0.3349
5069926804,BW,Chobe,-18.179281,24.719363,2012,4,9,2012-04-09T14:58,0,999.0,123.58970246596404,wet,1,0.2738
5069890795,ZW,Matabeleland North,-19.1029,26.59734,2012,4,22,2012-04-22T22:48,0,1032.0,49.49656361463826,wet,1,0.3483
5069879776,ZW,Matabeleland North,-19.177062,26.533329,2012,4,22,2012-04-22T22:46,0,1013.0,47.73246771566026,wet,1,0.3615
5069833881,BW,North-West,-19.696959,23.142755,2012,4,12,2012-04-12T16:33,0,948.0,86.08561718905668,wet,1,0.2507
5069824859,BW,Chobe,-18.146131,24.654268,2012,4,8,2012-04-08T22:05,0,995.0,129.55730635874835,wet,1,0.2831
5064097558,BW,Ghanzi,-23.291423,24.166067,2024,8,15,2024-08-15T21:45,-1,1036.0,310.37735461099106,dry,0,0.137
5064042942,BW,North-West,-19.411756,22.951576,2012,1,19,2012-01-19T16:29,0,958.0,73.5705318023933,wet,1,0.2961
5064038974,ZW,Matabeleland North,-17.987601,25.950073,2012,1,22,2012-01-22T01:30,0,896.0,12.085334212618486,wet,1,0.3912
5064028577,BW,Central,-20.298384,24.396626,2025,2,5,2025-02-05T12:38,0,933.0,172.2191281482984,wet,1,0.2162
5064023083,BW,North-West,-19.581041,22.943608,2012,1,20,2012-01-20T17:03,0,956.0,87.08711134802837,wet,1,0.3336
5064014001,BW,Chobe,-18.500539,24.222611,2012,1,24,2012-01-24T16:30,0,934.0,94.19922189336113,wet,1,0.3093
5064004738,BW,Central,-19.970232,26.081918,2012,1,24,2012-01-24T19:38,0,921.0,116.56787320112416,wet,1,0.2454
5063939656,BW,North-West,-19.520965,22.934582,2011,8,18,2011-08-18T23:03,0,956.0,82.93627567630398,dry,0,0.3132
5063861368,ZW,Matabeleland North,-17.896189,25.634116,2011,3,27,2011-03-27T21:48,0,1040.0,23.809776544093854,wet,1,0.3852
5063856718,BW,Chobe,-18.162339,24.924369,2011,5,3,2011-05-03T17:21,0,1016.0,102.11495606654672,dry,0,0.2577
5063848471,BW,Chobe,-17.970649,24.849176,2011,7,16,2011-07-16T22:48,0,1021.0,106.75726615452416,dry,0,0.2662
5063831920,BW,Central,-19.709395,25.88087,2011,5,28,2011-05-28T14:02,0,968.0,92.21352707797828,dry,0,0.2798
5063824513,ZW,Matabeleland North,-17.88387,25.753131,2011,4,8,2011-04-08T00:00,0,925.0,11.89388985395063,wet,1,0.3677
5063817021,BW,Chobe,-17.873838,24.923178,2011,5,30,2011-05-30T22:49,0,982.0,98.99074210618309,dry,0,0.2873
5063817016,BW,North-West,-19.72066,23.507082,2011,5,27,2011-05-27T18:30,0,939.0,80.13717980458252,dry,0,0.2384
5063800414,BW,Chobe,-18.233309,24.737277,2011,5,5,2011-05-05T16:52,0,992.0,123.26713848275182,dry,0,0.2792
5063795825,ZW,Matabeleland North,-17.801251,25.836934,2011,5,29,2011-05-29T22:33,0,996.0,13.849516199374667,dry,0,0.4211
5063717648,BW,North-West,-19.003969,24.051699,2024,8,9,2024-08-09T11:57,0,918.0,58.00486870410248,dry,0,0.2894
5063678064,BW,North-West,-19.522986,22.598703,2025,2,1,2025-02-01T10:43:03,0,960.0,111.05267531899582,wet,1,0.2854
5063378500,BW,Chobe,-18.846067,23.95363,2025,1,10,2025-01-10T13:39:50,0,942.0,50.69239943091958,wet,1,0.2979
5063374512,BW,Chobe,-18.68733,24.110318,2025,1,10,2025-01-10T17:44:08,0,925.0,73.03322693331049,wet,1,0.2708
5063360015,BW,North-West,-19.562801,23.707196,2025,1,7,2025-01-07T15:41:09,0,939.0,66.25143881460619,wet,1,0.258
5063323433,BW,North-West,-19.377212,23.158329,2013,12,21,2013-12-21T17:52,0,956.0,55.197515833834224,wet,1,0.2635
5063322252,BW,Chobe,-17.8985,25.158601,2018,3,6,2018-03-06T00:16,0,1018.0,73.97134141731577,wet,1,0.2987
5063308845,BW,North-West,-19.32455,23.076518,2013,12,22,2013-12-22T07:14,0,959.0,57.278496575354346,wet,1,0.2925
5063162484,BW,Chobe,-18.455454,24.377674,2013,12,26,2013-12-26T18:36,0,969.0,110.49355686302188,wet,1,0.3444
5063143952,BW,Chobe,-18.695273,24.172041,2025,1,10,2025-01-10T16:12,0,922.0,78.4189528556171,wet,1,0.2602
5063139870,BW,North-West,-19.718792,23.933827,2025,1,7,2025-01-07T15:13,0,943.0,91.97529625672281,wet,1,0.2485
5063039896,BW,North-West,-19.364463,23.021912,2013,12,21,2013-12-21T17:48,0,960.0,64.52410494220364,wet,1,0.2903
5062983081,BW,Chobe,-18.60065,24.036797,2025,1,11,2025-01-11T18:21:09,0,940.0,71.86521002686122,wet,1,0.2837
5037281884,BW,North-West,-18.72847,23.155555,2024,6,30,2024-06-30T22:06,0,959.0,47.171778994446726,dry,0,0.2687
5037044115,BW,North-West,-18.624424,23.108338,2024,6,30,2024-06-30T23:51,0,958.0,58.68148168303872,dry,0,0.2881
5036994985,BW,North-West,-18.652287,23.017301,2024,6,30,2024-06-30T19:06,0,962.0,63.84164249421626,dry,0,0.2634
5036989920,BW,North-West,-18.749845,23.135168,2024,7,1,2024-07-01T13:07,0,957.0,47.40476763658111,dry,0,0.2687
5036989909,BW,North-West,-18.681827,23.055452,2024,6,30,2024-06-30T13:04,0,961.0,58.65423605944177,dry,0,0.2634
5036980452,ZM,Southern,-17.821834,25.959384,2024,7,3,2024-07-03T22:36,0,968.0,15.708550049632175,dry,0,0.4517
5036922403,BW,North-West,-19.08446,23.711677,2024,8,8,2024-08-08T17:26,0,944.0,24.150289006555894,dry,0,0.3129
5036818567,ZM,North-Western,-14.717604,26.390531,2012,6,2,2012-06-02T02:50,5,1103.0,175.80675744695338,dry,0,0.4669
5036722904,ZM,Southern,-17.807196,25.898125,2024,7,3,2024-07-03T22:53,0,939.0,13.722808463333868,dry,0,0.4517
5036718883,BW,North-West,-19.049824,23.742996,2024,8,8,2024-08-08T17:33,0,945.0,26.137901667476655,dry,0,0.3129
5036718882,BW,North-West,-19.134716,23.692245,2024,8,8,2024-08-08T16:52,0,947.0,25.151290226809117,dry,0,0.2882
5036717363,BW,North-West,-19.036112,23.670595,2024,8,8,2024-08-08T09:34,0,945.0,18.377919179011602,dry,0,0.2987
5036695175,BW,North-West,-18.798346,23.034816,2024,7,1,2024-07-01T16:07,0,964.0,53.82996792632367,dry,0,0.2849
5036685614,ZM,Southern,-17.913687,25.900923,2024,7,3,2024-07-03T22:41,0,950.0,4.774098062537786,dry,0,0.4185
5036676039,BW,North-West,-18.610081,23.03886,2024,7,1,2024-07-01T00:10,0,959.0,65.083673709189,dry,0,0.2734
5028473419,BW,,-19.752487,23.683777,2012,9,16,2012-09-16T00:00,0,946.0,85.86469987313784,dry,0,0.2584
5028384781,BW,,-19.116625,23.827286,2012,9,14,2012-09-14T00:00,0,936.0,36.76106722028784,dry,0,0.321
5028231314,BW,,-19.749073,26.071836,2019,3,23,2019-03-23T00:00,0,936.0,92.17262102728678,wet,1,0.2486
5028185635,ZW,,-17.924189,25.406399,2017,4,14,2017-04-14T00:00,0,1059.0,47.69383360317391,wet,1,0.3306
5027829555,BW,,-18.791918,24.730225,2004,9,20,2004-09-20T00:00,0,963.0,131.4742731929304,dry,0,0.2652
5027487857,BW,,-19.116625,23.827286,2005,5,16,2005-05-16T00:00,0,936.0,36.76106722028784,dry,0,0.321
5027408731,BW,,-18.791918,24.730225,2013,12,26,2013-12-26T00:00,0,963.0,131.4742731929304,wet,1,0.2652
5027403542,BW,,-19.116625,23.827286,1996,9,7,1996-09-07T00:00,0,936.0,36.76106722028784,dry,0,0.321
5027228037,BW,,-18.190216,25.397644,2004,9,12,2004-09-12T00:00,0,1070.0,56.87392205666605,dry,0,0.2923
5026859355,BW,,-19.316326,23.851318,2017,8,2,2017-08-02T00:00,0,941.0,50.97935599413977,dry,0,0.2961
5026596009,BW,,-17.823223,25.145988,2022,8,31,2022-08-31T00:00,0,995.0,76.1006969810979,dry,0,0.3434
5026539728,BW,,-19.116625,23.827286,2004,9,19,2004-09-19T00:00,0,936.0,36.76106722028784,dry,0,0.321
5026471857,BW,,-18.573036,24.071732,2017,8,4,2017-08-04T00:00,0,936.0,76.65780623484002,dry,0,0.2737
5026344740,BW,,-19.24338,23.264414,1998,6,19,1998-06-19T00:00,0,957.0,36.67392203180247,dry,0,0.2921
5026209248,ZM,,-13.055399,31.797867,2008,10,10,2008-10-10T00:00,3,528.0,456.62962670343995,dry,0,0.5831
5026202893,BW,,-19.485205,23.039703,2012,9,12,2012-09-12T00:00,0,955.0,72.42903521008182,dry,0,0.3042
5025876616,BW,,-17.792498,25.21431,2011,8,16,2011-08-16T00:00,0,925.0,69.60213746499498,dry,0,0.3331
5025869906,ZM,,-13.055399,31.797867,2008,10,8,2008-10-08T00:00,3,528.0,456.62962670343995,dry,0,0.5831
5025865254,BW,,-20.32016,26.275177,2019,3,23,2019-03-23T00:00,0,906.0,155.56817561698665,wet,1,0.2341
5025698374,BW,,-18.573036,24.071732,2018,10,4,2018-10-04T00:00,0,936.0,76.65780623484002,dry,0,0.2737
5025442348,BW,,-17.792498,25.21431,2012,9,18,2012-09-18T00:00,0,925.0,69.60213746499498,dry,0,0.3331
5025411872,ZM,,-13.055399,31.797867,2008,10,9,2008-10-09T00:00,3,528.0,456.62962670343995,dry,0,0.5831
5025402152,BW,,-19.116625,23.827286,2005,5,18,2005-05-18T00:00,0,936.0,36.76106722028784,dry,0,0.321
5025332946,ZM,,-12.925174,31.920616,2009,9,19,2009-09-19T00:00,3,539.0,476.2891378211627,dry,0,0.5486
5025191223,ZM,,-11.926478,32.25174,2008,10,12,2008-10-12T00:00,3,616.0,572.8287850458485,dry,0,0.549
5024942756,BW,,-17.823223,25.145988,2018,10,2,2018-10-02T00:00,0,995.0,76.1006969810979,dry,0,0.3434
5024723423,BW,,-19.316326,23.851318,2010,8,13,2010-08-13T00:00,0,941.0,50.97935599413977,dry,0,0.2961
5024673499,ZW,,-17.925089,25.852076,2011,8,25,2011-08-25T00:00,0,890.0,0.5491608686502557,dry,0,0.4185
5024605160,ZW,,-17.925089,25.852076,2018,9,29,2018-09-29T00:00,0,890.0,0.5491608686502557,dry,0,0.4185
5024543908,BW,,-17.832375,25.046082,1996,9,4,1996-09-04T00:00,0,927.0,86.44325419898574,dry,0,0.3079
5024311304,BW,,-19.282158,22.600582,2018,10,9,2018-10-09T00:00,0,966.0,99.55439399138588,dry,0,0.3053
5024306559,BW,,-17.923698,24.862919,2017,10,17,2017-10-17T00:00,0,1019.0,105.1929821184492,dry,0,0.2662
5024268196,BW,,-17.792498,25.21431,2012,9,19,2012-09-19T00:00,0,925.0,69.60213746499498,dry,0,0.3331
5024185694,BW,,-19.286516,25.826111,2004,9,13,2004-09-13T00:00,0,1017.0,53.76505281785995,dry,0,0.3287
5024074602,BW,,-22.155853,29.132248,2010,11,22,2010-11-22T00:00,4,559.0,214.36292372418046,wet,1,0.2223
5023663285,BW,,-18.573036,24.071732,1996,9,6,1996-09-06T00:00,0,936.0,76.65780623484002,dry,0,0.2737
5023406823,BW,,-19.316326,23.851318,2015,9,27,2015-09-27T00:00,0,941.0,50.97935599413977,dry,0,0.2961
5022895144,BW,,-17.924086,24.716734,2011,8,25,2011-08-25T00:00,0,928.0,120.65886925851933,dry,0,0.3021
5022864433,BW,,-18.573036,24.071732,2018,10,5,2018-10-05T00:00,0,936.0,76.65780623484002,dry,0,0.2737
5022792777,BW,,-20.323057,24.317894,2016,2,16,2016-02-16T00:00,0,933.0,170.22859926011554,wet,1,0.2305
5022737120,BW,,-22.155853,29.132248,2010,11,25,2010-11-25T00:00,4,559.0,214.36292372418046,wet,1,0.2223
5022612354,ZM,,-12.925174,31.920616,2009,9,21,2009-09-21T00:00,3,539.0,476.2891378211627,dry,0,0.5486
5022562769,BW,,-19.116625,23.827286,2018,10,6,2018-10-06T00:00,0,936.0,36.76106722028784,dry,0,0.321
5022477111,BW,,-19.316326,23.851318,2004,9,18,2004-09-18T00:00,0,941.0,50.97935599413977,dry,0,0.2961
5022321060,BW,,-17.792498,25.21431,2004,9,22,2004-09-22T00:00,0,925.0,69.60213746499498,dry,0,0.3331
5022309467,ZW,,-18.65885,26.979847,2017,9,6,2017-09-06T00:00,0,1059.0,90.65544451512059,dry,0,0.441
5022132199,BW,,-17.806419,25.146246,2019,3,25,2019-03-25T00:00,0,941.0,76.37561289192914,wet,1,0.3434
5021801258,BW,,-19.116625,23.827286,2012,9,13,2012-09-13T00:00,0,936.0,36.76106722028784,dry,0,0.321
5021152757,BW,,-19.24338,23.264414,2013,12,21,2013-12-21T00:00,0,957.0,36.67392203180247,wet,1,0.2921
5020413872,BW,,-19.764118,23.400879,2017,7,29,2017-07-29T00:00,0,941.0,85.5998045646067,dry,0,0.2566
5020344756,ZW,,-17.924189,25.406399,2011,8,25,2011-08-25T00:00,0,1059.0,47.69383360317391,dry,0,0.3306
5020228713,BW,,-18.573036,24.071732,2010,8,16,2010-08-16T00:00,0,936.0,76.65780623484002,dry,0,0.2737
5020122469,BW,,-19.116625,23.827286,1996,9,8,1996-09-08T00:00,0,936.0,36.76106722028784,dry,0,0.321
5019946522,BW,,-18.573036,24.071732,1996,9,7,1996-09-07T00:00,0,936.0,76.65780623484002,dry,0,0.2737
5019905484,ZM,,-13.055399,31.797867,2005,8,4,2005-08-04T00:00,3,528.0,456.62962670343995,dry,0,0.5831
5019740103,BW,,-17.823223,25.145988,2006,11,11,2006-11-11T00:00,0,995.0,76.1006969810979,wet,1,0.3434
5019721828,BW,,-19.316326,23.851318,2017,8,1,2017-08-01T00:00,0,941.0,50.97935599413977,dry,0,0.2961
5019629245,ZW,,-15.709396,29.491785,2019,8,30,2019-08-30T00:00,0,362.0,72.40982153263663,dry,0,0.4317
5019417964,ZM,,-12.530525,32.141869,2018,8,23,2018-08-23T00:00,3,556.0,524.84416830405,dry,0,0.5433
5019378673,BW,,-17.832375,25.046082,2011,8,18,2011-08-18T00:00,0,927.0,86.44325419898574,dry,0,0.3079
5018899022,ZM,,-14.992307,25.830166,2009,9,11,2009-09-11T00:00,5,1097.0,233.0581309721597,dry,0,0.4514
5018773396,BW,,-17.832375,25.046082,2017,8,6,2017-08-06T00:00,0,927.0,86.44325419898574,dry,0,0.3079
5018728305,BW,,-17.832375,25.046082,2010,8,18,2010-08-18T00:00,0,927.0,86.44325419898574,dry,0,0.3079
5018725384,BW,,-19.764118,23.400879,2017,7,30,2017-07-30T00:00,0,941.0,85.5998045646067,dry,0,0.2566
5018351365,BW,,-18.791918,24.730225,2017,10,17,2017-10-17T00:00,0,963.0,131.4742731929304,dry,0,0.2652
5018213903,BW,,-17.823223,25.145988,2022,8,29,2022-08-29T00:00,0,995.0,76.1006969810979,dry,0,0.3434
5018047612,BW,,-19.24338,23.264414,2012,9,14,2012-09-14T00:00,0,957.0,36.67392203180247,dry,0,0.2921
5017905063,ZW,,-18.766426,26.7628,2019,8,26,2019-08-26T00:00,0,1089.0,65.24916240897507,dry,0,0.3873
5017846765,BW,,-18.573036,24.071732,2018,10,6,2018-10-06T00:00,0,936.0,76.65780623484002,dry,0,0.2737
5017766672,BW,,-17.832375,25.046082,2010,8,17,2010-08-17T00:00,0,927.0,86.44325419898574,dry,0,0.3079
5017634466,BW,,-18.791918,24.730225,2012,10,30,2012-10-30T00:00,0,963.0,131.4742731929304,dry,0,0.2652
5017570972,ZM,,-14.992307,25.830166,2009,9,10,2009-09-10T00:00,5,1097.0,233.0581309721597,dry,0,0.4514
5017311175,ZW,,-17.910707,25.845528,2018,10,14,2018-10-14T00:00,0,885.0,1.9518145309952788,dry,0,0.4185
5017216746,BW,,-17.823223,25.145988,2019,3,26,2019-03-26T00:00,0,995.0,76.1006969810979,wet,1,0.3434
5017159174,ZM,,-12.609516,32.270279,2008,10,12,2008-10-12T00:00,3,601.0,527.7496570870707,dry,0,0.4677
5016655022,BW,,-22.155853,29.132248,2005,5,13,2005-05-13T00:00,4,559.0,214.36292372418046,dry,0,0.2223
5016509373,BW,,-17.823223,25.145988,2022,8,30,2022-08-30T00:00,0,995.0,76.1006969810979,dry,0,0.3434
5016195504,BW,,-17.923698,24.862919,2011,8,25,2011-08-25T00:00,0,1019.0,105.1929821184492,dry,0,0.2662
5016122231,BW,,-17.832375,25.046082,2011,8,16,2011-08-16T00:00,0,927.0,86.44325419898574,dry,0,0.3079
5016092766,BW,,-19.485205,23.039703,2012,9,16,2012-09-16T00:00,0,955.0,72.42903521008182,dry,0,0.3042
5016055588,ZM,,-13.169072,31.717176,2009,9,16,2009-09-16T00:00,3,519.0,441.3870128120989,dry,0,0.507
5016050622,BW,,-19.485205,23.039703,1998,6,15,1998-06-15T00:00,0,955.0,72.42903521008182,dry,0,0.3042
5015975199,BW,,-17.823223,25.145988,2022,9,1,2022-09-01T00:00,0,995.0,76.1006969810979,dry,0,0.3434
5015933427,ZM,,-13.169072,31.717176,2009,9,17,2009-09-17T00:00,3,519.0,441.3870128120989,dry,0,0.507
5015830996,BW,,-20.478481,25.675049,2004,9,15,2004-09-15T00:00,0,912.0,180.22707062107864,dry,0,0.1819
5015656919,ZW,,-18.766426,26.7628,2019,8,27,2019-08-27T00:00,0,1089.0,65.24916240897507,dry,0,0.3873
5015655002,BW,,-19.116625,23.827286,2012,9,15,2012-09-15T00:00,0,936.0,36.76106722028784,dry,0,0.321
5015612173,BW,,-18.791918,24.730225,2004,9,21,2004-09-21T00:00,0,963.0,131.4742731929304,dry,0,0.2652
5015297492,ZW,,-17.925089,25.852076,1998,8,19,1998-08-19T00:00,0,890.0,0.5491608686502557,dry,0,0.4185
5015246297,ZM,,-13.109684,31.754938,2018,8,19,2018-08-19T00:00,3,527.0,449.03110390259985,dry,0,0.5761
5015150323,ZM,,-13.169072,31.717176,2009,9,18,2009-09-18T00:00,3,519.0,441.3870128120989,dry,0,0.507
5014952290,BW,,-17.823223,25.145988,2022,9,2,2022-09-02T00:00,0,995.0,76.1006969810979,dry,0,0.3434
5014889740,BW,,-19.116625,23.827286,2005,5,19,2005-05-19T00:00,0,936.0,36.76106722028784,dry,0,0.321
5014850458,BW,,-19.205965,23.140024,2002,8,27,2002-08-27T00:00,0,957.0,44.21663101757599,dry,0,0.2775
5014780914,BW,,-17.832375,25.046082,2017,8,5,2017-08-05T00:00,0,927.0,86.44325419898574,dry,0,0.3079
5014605844,BW,,-17.823223,25.145988,2017,9,4,2017-09-04T00:00,0,995.0,76.1006969810979,dry,0,0.3079
5014371483,BW,,-22.155853,29.132248,2010,11,24,2010-11-24T00:00,4,559.0,214.36292372418046,wet,1,0.3079
5014255181,BW,,-17.823223,25.145988,2018,10,1,2018-10-01T00:00,0,995.0,76.1006969810979,dry,0,0.3079
5014193306,BW,,-18.573036,24.071732,2013,12,25,2013-12-25T00:00,0,936.0,76.65780623484002,wet,1,0.3079
5014080709,BW,,-22.155853,29.132248,2005,5,14,2005-05-14T00:00,4,559.0,214.36292372418046,dry,0,0.3079
5014066290,BW,,-17.792498,25.21431,2004,9,21,2004-09-21T00:00,0,925.0,69.60213746499498,dry,0,0.3079
5013738281,BW,,-17.923698,24.862919,2022,8,31,2022-08-31T00:00,0,1019.0,105.1929821184492,dry,0,0.3079
5013713557,BW,,-17.90539,25.174417,2011,8,17,2011-08-17T00:00,0,1028.0,72.27146119660007,dry,0,0.3079
5013697947,BW,,-22.155853,29.132248,2005,5,12,2005-05-12T00:00,4,559.0,214.36292372418046,dry,0,0.3079
5013632435,BW,,-19.116625,23.827286,2005,5,17,2005-05-17T00:00,0,936.0,36.76106722028784,dry,0,0.3079
5013574308,BW,,-19.24338,23.264414,2013,12,22,2013-12-22T00:00,0,957.0,36.67392203180247,wet,1,0.3079
5013514946,BW,,-18.748384,24.391787,2017,10,18,2017-10-18T00:00,0,929.0,97.91266464339716,dry,0,0.3079
5013341322,ZM,,-12.781335,32.050983,2008,10,11,2008-10-11T00:00,3,544.0,497.6324799060317,dry,0,0.3079
5013144619,BW,,-17.832375,25.046082,2017,9,4,2017-09-04T00:00,0,927.0,86.44325419898574,dry,0,0.3079
5013056001,BW,,-19.975929,23.420105,2010,8,10,2010-08-10T00:00,0,943.0,108.84103500281148,dry,0,0.3079
5013026389,ZM,,-13.055399,31.797867,2005,8,3,2005-08-03T00:00,3,528.0,456.62962670343995,dry,0,0.3079
5012983604,BW,,-17.832375,25.046082,1996,9,3,1996-09-03T00:00,0,927.0,86.44325419898574,dry,0,0.3079
5012967066,BW,,-18.573036,24.071732,1996,9,5,1996-09-05T00:00,0,936.0,76.65780623484002,dry,0,0.3079
5012764219,BW,,-22.155853,29.132248,2005,5,15,2005-05-15T00:00,4,559.0,214.36292372418046,dry,0,0.3079
5012732678,ZM,,-17.859175,25.820227,2017,9,6,2017-09-06T00:00,0,904.0,8.230862481305614,dry,0,0.3079
5012434661,BW,,-22.155853,29.132248,2010,11,23,2010-11-23T00:00,4,559.0,214.36292372418046,wet,1,0.3079
5008404281,ZM,Lusaka,-15.540875,29.220228,2022,7,25,2022-07-25T07:34,0,987.0,68.56462768994264,dry,0,0.3079
5008176363,BW,North-West,-19.133234,23.454542,2024,8,6,2024-08-06T16:32,0,952.0,15.566183913753916,dry,0,0.3079
5008147889,ZM,Muchinga,-13.019956,31.494074,2009,11,17,2009-11-17T18:15:02,3,610.0,436.53097695228576,wet,1,0.3079
5007959882,ZM,Lusaka,-15.740633,29.463002,2015,11,12,2015-11-12T15:38,0,389.0,67.86657586973584,wet,1,0.3079
5007870749,BW,North-West,-20.194951,24.261009,2024,8,1,2024-08-01T10:06,0,941.0,154.95097505815517,dry,0,0.3079
5007812327,BW,North-West,-19.82841,24.719783,2024,8,2,2024-08-02T08:21,0,931.0,157.6345275429143,dry,0,0.3079
5007760444,BW,North-West,-19.873919,24.677942,2024,8,1,2024-08-01T17:01,0,934.0,157.15872917924574,dry,0,0.3079
5007740698,BW,North-West,-19.831954,24.739,2024,8,1,2024-08-01T16:24,0,930.0,159.50135542864888,dry,0,0.3079
5007631923,BW,North-West,-19.062302,23.425105,2024,8,5,2024-08-05T11:29,0,954.0,10.486789401816546,dry,0,0.3079
5007531610,ZM,Muchinga,-13.196935,31.732796,2015,3,11,2015-03-11T19:37,3,544.0,440.2327288302032,wet,1,0.3079
5007494285,BW,North-West,-19.894728,24.700086,2024,8,3,2024-08-03T18:03,0,930.0,160.40836295260397,dry,0,0.3079
5007441770,BW,Central,-22.152732,29.024521,2024,8,1,2024-08-01T09:37,4,607.0,203.77436136784362,dry,0,0.3079
5007368995,BW,Central,-22.361101,28.878577,2012,4,4,2012-04-04T16:30,4,677.0,183.81904793613148,wet,1,0.3079
5007317226,BW,North-West,-19.044126,23.653148,2014,8,23,2014-08-23T05:50,0,944.0,16.830452181473273,dry,0,0.3079
5007196370,BW,North-West,-18.932216,22.423369,2016,9,1,2016-09-01T10:45,0,978.0,113.46707594439614,dry,0,0.3079
5007135097,BW,North-West,-19.268674,23.583595,2024,8,6,2024-08-06T08:13,0,946.0,31.139147152455244,dry,0,0.3079
5007126652,BW,Chobe,-17.961513,25.154685,2024,8,17,2024-08-17T16:04,0,1041.0,74.43190898559875,dry,0,0.3079
5007102507,BW,Chobe,-17.825139,25.141407,2013,5,16,2013-05-16T16:16,0,992.0,76.54882996065932,dry,0,0.3079
5007101540,ZW,Matabeleland North,-18.840249,26.603684,1994,8,1,1994-08-01T21:49,0,1067.0,47.02187423582016,dry,0,0.3079
5007019016,BW,North-West,-19.144704,23.818057,2024,12,19,2024-12-19T18:44:31,0,938.0,37.09616677550476,wet,1,0.3079
5006872515,BW,North-West,-19.341833,23.367863,2014,8,23,2014-08-23T11:53,0,949.0,40.464420217067584,dry,0,0.3079
4994327526,BW,Chobe,-18.405382,24.285146,2024,11,29,2024-11-29T11:55:06,0,967.0,105.87676302319093,wet,1,0.3079
4994193537,BW,North-West,-19.073124,23.899807,2024,8,20,2024-08-20T10:40,0,936.0,42.804564738199545,dry,0,0.3079
4994138126,BW,Chobe,-17.937821,25.11274,2024,7,28,2024-07-28T14:23,0,1035.0,78.77364298699918,dry,0,0.3079
4994114974,BW,North-West,-19.04079,23.660447,2018,7,23,2018-07-23T09:43,0,944.0,17.46601960769597,dry,0,0.3079
4993925324,ZW,Mashonaland West,-16.809278,28.368871,2024,11,12,2024-11-12T00:28:46,0,487.0,100.30282023465067,wet,1,0.3079
4987786640,BW,North-West,-19.089701,23.84653,2024,7,30,2024-07-30T12:43,0,938.0,37.76425258235284,dry,0,0.3079
4987781624,BW,North-West,-18.519046,23.449723,2011,8,18,2011-08-18T07:09,0,950.0,53.740989451551826,dry,0,0.3079
4987671631,BW,North-West,-19.179873,23.915679,2024,7,30,2024-07-30T16:03,0,934.0,48.04097714510148,dry,0,0.3079
4987669296,BW,North-West,-19.006359,23.87159,2024,7,30,2024-07-30T12:33,0,939.0,39.073453580864346,dry,0,0.3079
4987637516,BW,North-West,-19.122925,23.82745,2024,7,29,2024-07-29T14:23,0,941.0,37.029405567492425,dry,0,0.3079
4987629125,BW,North-West,-19.017363,23.896794,2024,7,29,2024-07-29T17:12,0,938.0,41.76014652824083,dry,0,0.3079
4987600191,BW,North-West,-19.055936,23.914356,2024,7,30,2024-07-30T07:58,0,937.0,43.99859768705526,dry,0,0.3079
4987575364,BW,North-West,-19.103698,23.341062,2011,8,17,2011-08-17T11:39,0,957.0,20.29814647644754,dry,0,0.3079
4987554343,BW,North-West,-19.023094,23.989022,2024,7,29,2024-07-29T17:24,0,921.0,51.47474947174193,dry,0,0.3079
4987453768,BW,North-West,-18.462197,23.479758,2024,2,21,2024-02-21T16:45,0,949.0,59.83894290879824,wet,1,0.3079
4987438236,BW,North-West,-19.00612,23.810582,2024,7,30,2024-07-30T10:11,0,940.0,32.66010457608435,dry,0,0.3079
4982364143,ZW,Mashonaland West,-16.127348,28.959806,2024,11,9,2024-11-09T18:05,0,450.0,3.216328685302483,wet,1,0.3079
4982347953,BW,North-West,-19.116771,23.889321,2024,7,29,2024-07-29T09:14,0,941.0,42.928338993574016,dry,0,0.3079
4982277265,ZM,Southern,-17.887588,25.746012,2024,11,9,2024-11-09T18:04,0,931.0,12.452791129623881,wet,1,0.3079
4982275681,BW,Chobe,-17.847285,25.121526,2023,5,22,2023-05-22T16:55,0,958.0,78.31925481296358,dry,0,0.3079
4982269677,BW,North-West,-19.052911,23.958074,2024,7,29,2024-07-29T10:07,0,930.0,48.51088321869034,dry,0,0.3079
4982209342,BW,North-West,-19.101198,23.95751,2024,7,29,2024-07-29T11:59,0,930.0,49.38557431361693,dry,0,0.3079
4982201372,ZW,Matabeleland North,-18.658297,26.910376,2023,5,20,2023-05-20T18:28,0,1093.0,83.79861032829568,dry,0,0.3079
4982124162,BW,Chobe,-17.945864,25.128324,2023,5,23,2023-05-23T16:57,0,1038.0,77.14612548649154,dry,0,0.3079
4982091047,ZW,Matabeleland North,-18.686293,26.823025,2023,5,20,2023-05-20T18:43,0,1100.0,74.09215645216938,dry,0,0.3079
4982075665,BW,Central,-19.006558,25.708135,2024,11,16,2024-11-16T16:07:30,0,1046.0,48.97639393704606,wet,1,0.3079
4982029957,BW,North-West,-19.14663,23.990955,2024,7,28,2024-07-28T16:36,0,926.0,54.10956554489364,dry,0,0.3079
4982029243,ZW,Mashonaland West,-16.104963,28.81298,2024,11,7,2024-11-07T11:38,0,417.0,14.648578446959771,wet,1,0.3079
4982026435,BW,Chobe,-17.830949,25.109176,2023,5,23,2023-05-23T13:11,0,927.0,79.83784696397254,dry,0,0.3079
4982019759,BW,Chobe,-17.887288,25.12085,2023,5,22,2023-05-22T16:21,0,1010.0,78.02103598339282,dry,0,0.3079
4982008613,BW,North-West,-19.047394,23.896629,2024,7,29,2024-07-29T12:57,0,936.0,42.026108616778195,dry,0,0.3079
4981933543,BW,Chobe,-17.843418,25.154205,2023,5,22,2023-05-22T18:18,0,1001.0,74.93402366183027,dry,0,0.3079
4981933116,BW,North-West,-19.121455,23.893304,2024,7,28,2024-07-28T17:41,0,940.0,43.48589615257142,dry,0,0.3079
4981926631,BW,Chobe,-17.923274,25.197486,2023,5,23,2023-05-23T08:51,0,1039.0,69.79665796971224,dry,0,0.3079
4981911035,BW,Chobe,-17.937651,25.100044,2023,5,23,2023-05-23T08:45,0,1033.0,80.11624533629923,dry,0,0.3079
4980696678,BW,North-West,-19.141711,23.932918,2024,7,28,2024-07-28T16:13,0,937.0,48.14773480787255,dry,0,0.3079
4980636520,BW,Chobe,-17.884413,25.103613,2024,8,17,2024-08-17T16:42,0,1004.0,79.86014277785749,dry,0,0.3079
4980579041,BW,Chobe,-17.857345,25.097885,2024,8,17,2024-08-17T17:08,0,980.0,80.69327789066806,dry,0,0.3079
4980541231,BW,North-West,-19.336616,23.110545,2024,10,15,2024-10-15T18:33,0,960.0,55.44523462911528,dry,0,0.3079
4980482439,BW,North-West,-19.553495,23.54337,2024,7,27,2024-07-27T16:54,0,945.0,61.713951108339856,dry,0,0.3079
4980440626,BW,North-West,-19.044839,23.838664,2024,7,28,2024-07-28T14:49,0,939.0,35.948699726382706,dry,0,0.3079
4980440414,BW,North-West,-19.004834,23.881429,2024,7,28,2024-07-28T13:27,0,939.0,40.10526250262914,dry,0,0.3079
4980425164,BW,North-West,-19.527566,23.503282,2024,7,27,2024-07-27T17:14,0,950.0,58.663674250298875,dry,0,0.3079
4980343380,BW,North-West,-19.080537,23.990127,2024,7,28,2024-07-28T16:00,0,928.0,52.2904657521728,dry,0,0.3079
4980299338,BW,North-West,-19.128193,23.831243,2024,7,28,2024-07-28T14:42,0,938.0,37.61770118070371,dry,0,0.3079
4980231693,BW,North-West,-19.497849,23.575603,2024,7,27,2024-07-27T16:38,0,944.0,55.924324904982164,dry,0,0.3079
4978648663,BW,North-West,-19.143516,23.9334,2024,10,23,2024-10-23T10:20:14,0,935.0,48.2613617206679,dry,0,0.3079
4978558770,BW,North-West,-19.60485,23.656489,2024,10,24,2024-10-24T12:36:26,0,942.0,69.2322377729593,dry,0,0.3079
4978501801,BW,Central,-19.605868,26.169572,2024,9,30,2024-09-30T06:36:55,0,962.0,75.72122196400296,dry,0,0.3079
4978476756,BW,Chobe,-18.582304,24.387962,2024,10,1,2024-10-01T07:39,0,944.0,104.37690054738259,dry,0,0.3079
4978466220,BW,North-West,-19.595786,23.588801,2024,7,26,2024-07-26T20:16,0,944.0,66.90066086057665,dry,0,0.3079
4978426841,BW,Central,-19.779923,26.073474,2024,9,30,2024-09-30T08:37:12,0,933.0,95.56634290866293,dry,0,0.3079
4978405924,BW,North-West,-19.531131,23.558083,2024,7,26,2024-07-26T18:29,0,943.0,59.37293414906163,dry,0,0.3079
4978397380,BW,North-West,-18.437071,23.232755,2024,11,2,2024-11-02T20:02:27,0,951.0,68.63103308612034,wet,1,0.3079
4978342776,BW,Central,-19.648808,26.05611,2024,9,30,2024-09-30T07:17:15,0,948.0,81.31397326701418,dry,0,0.3079
4978242608,BW,North-West,-19.681799,23.74953,2024,10,22,2024-10-22T08:19,0,941.0,80.20574148201689,dry,0,0.3079
4976590740,ZM,Southern,-17.958347,25.930223,2024,10,24,2024-10-24T17:11,0,953.0,8.602756200436996,dry,0,0.3079
4976484136,ZW,Matabeleland North,-17.828337,25.948117,2024,10,27,2024-10-27T22:39:44,0,943.0,14.367799899276559,dry,0,0.3079
4974319777,ZW,Mashonaland West,-15.607359,29.271998,2011,1,12,2011-01-12T18:21,0,1089.0,64.70737087609066,wet,1,0.3079
4974288175,ZM,Southern,-17.909795,25.83985,2024,9,20,2024-09-20T09:03,0,898.0,2.4435779966591102,dry,0,0.3079
4974282905,ZW,Matabeleland North,-17.918491,25.924169,2024,9,12,2024-09-12T09:14:38,0,931.0,7.114682326843354,dry,0,0.3079
4974280563,BW,Chobe,-17.831745,25.136877,2024,9,22,2024-09-22T14:50,0,968.0,76.92013737651547,dry,0,0.3079
4974266469,ZM,Southern,-17.980355,25.940601,2024,9,20,2024-09-20T07:02,0,923.0,10.801987146199329,dry,0,0.3079
4974243612,BW,Chobe,-17.943057,25.109702,2024,9,23,2024-09-23T18:20,0,1038.0,79.10702553455445,dry,0,0.3079
4974203955,ZW,Matabeleland North,-17.823546,25.202094,2024,9,12,2024-09-12T13:37:20,0,1000.0,70.22790253298679,dry,0,0.3079
4974195975,BW,Chobe,-17.940995,25.119453,2024,9,22,2024-09-22T11:38,0,1036.0,78.07047555531251,dry,0,0.3079
4974141987,BW,Chobe,-17.857265,25.181952,2024,9,22,2024-09-22T12:40,0,1007.0,71.84106902900331,dry,0,0.3079
4974116593,BW,Chobe,-17.881919,24.994686,2024,9,22,2024-09-22T19:13,0,1008.0,91.384642688145,dry,0,0.3079
4974081723,ZM,Southern,-17.87666,25.991146,2024,9,11,2024-09-11T17:27:02,0,949.0,15.130728242485507,dry,0,0.3079
4974052445,BW,Chobe,-17.976246,25.033183,2024,9,23,2024-09-23T16:40,0,1035.0,87.35762461177875,dry,0,0.3079
4974048022,BW,Chobe,-17.972558,25.158711,2024,9,22,2024-09-22T15:22,0,1045.0,74.08319006792507,dry,0,0.3079
4974029936,ZW,Mashonaland West,-15.781817,29.251581,2011,1,16,2011-01-16T09:31,0,369.0,47.86948259120942,wet,1,0.3079
4974024295,BW,Chobe,-17.89908,25.170561,2024,9,23,2024-09-23T17:32,0,1029.0,72.70424153368238,dry,0,0.3079
4974022535,BW,North-West,-19.185551,23.730057,2024,9,22,2024-09-22T23:51,0,942.0,31.78163567628165,dry,0,0.3079
4973994791,BW,Chobe,-17.866885,24.86231,2024,9,23,2024-09-23T17:17,0,986.0,105.46765876361,dry,0,0.3079
4973993711,BW,Chobe,-17.901826,25.133533,2024,9,23,2024-09-23T18:42,0,1010.0,76.6080731964097,dry,0,0.3079
4973923437,BW,Chobe,-17.959401,25.004133,2024,9,22,2024-09-22T15:59,0,1032.0,90.3280900626863,dry,0,0.3079
4973899330,BW,Chobe,-17.962856,24.997119,2024,9,22,2024-09-22T17:28,0,1028.0,91.08578018982325,dry,0,0.3079
4973880050,MZ,Manica,-19.733861,33.032231,2022,3,23,2022-03-23T06:47:44,6,1115.0,251.31716561562706,wet,1,0.3079
4973855588,BW,Chobe,-17.961437,24.901533,2024,9,13,2024-09-13T12:14:48,0,1026.0,101.18120812579068,dry,0,0.3079
4973837333,BW,Chobe,-17.884994,25.020589,2024,10,15,2024-10-15T16:39:50,0,1002.0,88.62931161098028,dry,0,0.3079
4973837302,BW,Chobe,-17.978825,25.048557,2023,6,27,2023-06-27T16:59:05,0,1037.0,85.75413084515294,dry,0,0.3079
4973807691,BW,Chobe,-17.939894,25.096376,2024,9,23,2024-09-23T17:20,0,1035.0,80.50870624644394,dry,0,0.3079
4973785278,BW,Chobe,-17.897858,25.068721,2024,9,13,2024-09-13T08:55:57,0,988.0,83.47743075415053,dry,0,0.3079
4954682541,BW,North-West,-20.022934,24.295397,2022,4,3,2022-04-03T11:13,0,945.0,141.0227909585746,wet,1,0.3079
4954616849,BW,North-West,-20.034427,24.687134,2022,4,3,2022-04-03T12:42,0,928.0,169.43915291596096,wet,1,0.3079
4954571143,BW,Chobe,-18.102394,24.462124,2022,4,6,2022-04-06T13:57,0,933.0,142.2971949157471,wet,1,0.3079
4954446730,BW,Chobe,-18.891515,25.601477,2022,4,4,2022-04-04T11:16,0,1053.0,59.479737192928944,wet,1,0.3079
4954358368,ZW,Matabeleland North,-18.659643,26.98475,2015,11,22,2015-11-22T21:54,0,1060.0,91.11469704796932,wet,1,0.3079
4954350439,BW,Chobe,-18.117272,24.36739,2022,4,6,2022-04-06T12:59,0,934.0,134.14280011588312,wet,1,0.3079
4954242205,BW,Chobe,-17.98056,24.608731,2022,4,6,2022-04-06T16:35,0,929.0,132.21231817974402,wet,1,0.3079
4953213747,MZ,Sofala,-18.906867,34.275253,2024,8,22,2024-08-22T16:36:36,7,47.0,309.6017757623167,dry,0,0.3079
4953178613,ZM,Southern,-17.875668,25.842325,2024,6,30,2024-06-30T17:55,0,901.0,5.632036237590091,dry,0,0.3079
4953122319,BW,Chobe,-17.92259,25.186172,2019,3,28,2019-03-28T14:17,0,1038.0,70.99395616385303,wet,1,0.3079
4953073006,ZW,Matabeleland North,-18.738477,26.892072,2024,10,7,2024-10-07T15:49:56,0,1080.0,79.19581912624245,dry,0,0.3079
4953017383,BW,North-West,-19.757751,23.417469,2024,9,28,2024-09-28T10:20:47,0,948.0,84.70162802289815,dry,0,0.3079
4952933132,ZM,Southern,-17.845187,25.835418,2024,6,30,2024-06-30T13:42,0,932.0,9.093933598958094,dry,0,0.3079
4952916231,BW,North-West,-19.655419,23.294361,2019,3,27,2019-03-27T09:24,0,948.0,76.0063211596202,wet,1,0.3079
4952853914,BW,Chobe,-17.990387,25.037456,2024,9,16,2024-09-16T16:07:02,0,1035.0,87.02180606068185,dry,0,0.3079
4952746710,MZ,Niassa,-12.359619,37.93078,2024,10,3,2024-10-03T16:42:52,10,313.0,932.265561939397,dry,0,0.3079
4952731023,ZM,Lusaka,-15.750655,29.457067,2012,9,19,2012-09-19T08:33,0,378.0,66.6984521407703,dry,0,0.3079
4952635883,BW,Chobe,-17.845598,25.179225,2024,9,30,2024-09-30T08:14:03,0,999.0,72.27600941922462,dry,0,0.3434
4952560153,ZW,Matabeleland North,-17.815758,25.870328,2024,10,6,2024-10-06T20:40:49,0,992.0,12.149022399668395,dry,0,0.4211
4952530021,BW,Chobe,-17.863554,25.03678,2019,3,28,2019-03-28T13:15,0,983.0,87.07594344440479,wet,1,0.3079
4952368699,BW,North-West,-19.581316,23.014809,2016,9,26,2016-09-26,0,952.0,82.28753467454932,dry,0,0.3228
4952353865,BW,North-West,-18.475368,21.875264,2024,9,26,2024-09-26T11:12:27,0,1012.0,180.75804976951414,dry,0,0.3049
4952278439,BW,Chobe,-17.893128,25.116027,2024,9,29,2024-09-29T12:17:35,0,1022.0,78.49800303516226,dry,0,0.298
4952278320,ZW,Masvingo,-20.105562,32.168519,2024,9,21,2024-09-21T10:13,1,573.0,244.44233537717992,dry,0,0.3819
4952272875,ZW,Matabeleland North,-17.89599,25.342016,2024,9,26,2024-09-26T17:56:53,0,998.0,54.60057545369772,dry,0,0.3281
4952217938,BW,Chobe,-17.973384,25.101325,2024,9,27,2024-09-27T16:59:11,0,1041.0,80.14494968842801,dry,0,0.2859
4952200108,BW,Chobe,-17.890934,25.020544,2024,9,30,2024-09-30T06:42:38,0,1009.0,88.60247258769289,dry,0,0.2905
4952180416,BW,North-West,-18.554098,21.830412,2024,9,25,2024-09-25T17:35:59,0,1005.0,182.62728343762285,dry,0,0.2792
4950588590,BW,Chobe,-18.422863,24.295632,2012,4,23,2012-04-23T03:27Z,0,969.0,105.5451551637099,wet,1,0.3232
4950485276,BW,North-West,-19.593706,23.423032,2024,7,26,2024-07-26T15:58,0,945.0,66.50942902467544,dry,0,0.2162
4950087858,ZM,Central,-15.122644,25.932953,2024,8,21,2024-08-21T08:04:22,5,1091.0,222.367268620699,dry,0,0.4615
4949974838,BW,North-West,-19.594319,23.421752,2024,7,26,2024-07-26T16:17,0,946.0,66.59351716309179,dry,0,0.2162
4949907977,BW,North-West,-19.106048,23.677554,2014,9,24,2014-09-24T10:17Z,0,945.0,22.074945861522036,dry,0,0.3129
4949904689,ZW,Matabeleland North,-17.691344,27.896815,2024,9,22,2024-09-22T16:43,0,993.0,209.44234661672837,dry,0,0.6213
4949890236,ZW,Manicaland,-21.269046,32.217453,2024,9,20,2024-09-20T05:55,1,294.0,371.18309090840324,dry,0,0.4576
4949852354,ZW,Matabeleland North,-17.856152,25.929161,2008,4,3,2008-04-03T16:29Z,0,940.0,10.742753041978938,wet,1,0.4517
4946715327,BW,Central,-20.364989,24.523784,2024,9,8,2024-09-08T11:16,0,926.0,185.81086178523014,dry,0,0.2406
4946566898,ZW,Matabeleland North,-19.095325,27.270875,2024,8,13,2024-08-13T07:51,0,1026.0,117.71223151094651,dry,0,0.3617
4946440109,BW,North-West,-19.349862,22.589038,2015,5,22,2015-05-22T11:06,0,963.0,103.2811492013886,dry,0,0.2924
4946214686,BW,Chobe,-17.810079,25.071788,2024,9,6,2024-09-06T15:45,0,929.0,84.08638969186343,dry,0,0.3079
4946186285,BW,North-West,-19.658297,23.452819,2024,9,10,2024-09-10T10:22:33,0,942.0,73.36650000759357,dry,0,0.2298
4946154098,BW,North-West,-19.048203,23.64748,2023,2,10,2023-02-10T10:53:18,0,946.0,16.403728243832035,wet,1,0.2783
4946113570,BW,Central,-20.524103,24.523589,2024,9,8,2024-09-08T14:42:24,0,928.0,200.48315935984792,dry,0,0.2384
4946089974,BW,North-West,-19.266381,22.525603,2015,5,21,2015-05-21T07:29,0,967.0,106.56191443572358,dry,0,0.2863
4946045145,ZM,Southern,-17.917183,25.9675,2024,9,4,2024-09-04T17:26:47,0,982.0,11.696552253486688,dry,0,0.4149
4945975848,BW,North-West,-19.279932,22.49802,2015,5,23,2015-05-23T08:10,0,967.0,109.76192693335344,dry,0,0.275
4945914266,BW,Chobe,-17.885635,25.166665,2024,9,6,2024-09-06T11:16,0,1012.0,73.19150743480007,dry,0,0.2987
4945869880,BW,Chobe,-18.457736,24.236284,2024,8,12,2024-08-12T11:33,0,943.0,98.2215336760548,dry,0,0.2983
4945783992,BW,North-West,-19.201649,22.440248,2015,5,21,2015-05-21T16:27,0,969.0,113.58619434359967,dry,0,0.2704
4945772507,BW,Central,-20.383741,24.308767,2024,9,8,2024-09-08T08:29:31,0,932.0,175.622312651825,dry,0,0.2306
4945769755,BW,Central,-19.798051,26.103447,2024,9,8,2024-09-08T15:21,0,932.0,97.31005667169104,dry,0,0.2393
4945592712,BW,North-West,-20.106627,24.443953,2024,9,9,2024-09-09T13:07:08,0,932.0,157.87430282224045,dry,0,0.2488
4937225330,BW,Chobe,-17.940227,25.121019,2015,5,12,2015-05-12T10:41,0,1038.0,77.90303176354385,dry,0,0.2859
4937182113,BW,North-West,-19.406439,23.627719,2015,5,15,2015-05-15T15:31,0,945.0,47.14192009879243,dry,0,0.26
4937132575,BW,North-West,-19.51002,23.704484,2015,5,17,2015-05-17T16:53,0,940.0,60.638102834108764,dry,0,0.2646
4937073787,BW,Chobe,-18.252776,23.943337,2015,5,15,2015-05-15T09:38,0,941.0,95.31924655194213,dry,0,0.3178
4937062500,BW,Central,-20.457553,25.148116,2018,12,3,2018-12-03T16:47,0,912.0,200.98434033047434,wet,1,0.2201
4937042995,MZ,Sofala,-18.90694,34.310896,2024,7,13,2024-07-13T06:50:15,7,38.0,313.1610969711153,dry,0,0.7035
4937042183,ZW,Matabeleland North,-17.923088,25.965831,2023,9,7,2023-09-07T18:03:58,0,1001.0,11.493768090269464,dry,0,0.4148
4937019879,BW,North-West,-19.212107,22.417467,2015,5,19,2015-05-19T09:01,0,969.0,116.16069288341117,dry,0,0.2704
4937006885,BW,Central,-20.565216,25.073679,2020,9,4,2020-09-04T09:48,0,904.0,215.24568274330795,dry,0,0.209
4936954748,BW,Central,-20.526769,25.028952,2020,9,16,2020-09-16T17:11,0,912.0,214.20737125585592,dry,0,0.2004
4936947635,BW,North-West,-19.735098,23.329395,2007,9,14,2007-09-14T08:39,0,948.0,83.67546911146148,dry,0,0.2332
4936922559,BW,Chobe,-18.360293,23.92881,2015,5,14,2015-05-14T17:17,0,941.0,84.2618431178147,dry,0,0.3046
4936882368,BW,Chobe,-18.269489,23.874146,2015,5,14,2015-05-14T11:00,0,941.0,90.28976376851365,dry,0,0.3325
4936875110,BW,North-West,-19.573583,23.609319,2015,5,15,2015-05-15T14:58,0,944.0,64.80329400914303,dry,0,0.2499
4936854874,ZW,Matabeleland North,-18.832033,26.745824,2014,11,29,2014-11-29T08:15,0,1076.0,61.893774317280034,wet,1,0.3894
4936846184,BW,Central,-20.45608,25.026249,2019,3,15,2019-03-15T17:09,0,915.0,207.89481462198637,wet,1,0.2004
4936796921,ZW,Matabeleland North,-18.805474,26.671088,2014,11,27,2014-11-27T17:58,0,1104.0,54.800587752596535,wet,1,0.3972
4936794233,BW,North-West,-19.551065,23.660756,2015,5,16,2015-05-16T11:30,0,940.0,63.556313585251445,dry,0,0.2646
4936792890,BW,North-West,-19.589778,23.516331,2024,7,25,2024-07-25T07:46,0,944.0,65.60271384093382,dry,0,0.2393
4936774129,ZW,Matabeleland North,-18.536708,26.282893,2024,8,23,2024-08-23T07:34:46,0,920.0,44.89162268342056,dry,0,0.3692
4936761717,BW,North-West,-19.441972,23.734511,2015,5,17,2015-05-17T11:04,0,941.0,54.96830606019505,dry,0,0.2915
4936752661,BW,Chobe,-17.889807,24.689233,2024,8,27,2024-08-27T10:55:23,0,936.0,123.63985757215778,dry,0,0.3021
4936723594,BW,Chobe,-18.288621,23.859052,2015,5,13,2015-05-13T10:52,0,941.0,87.68201426710303,dry,0,0.3166
4936646445,BW,Chobe,-17.867069,25.093836,2015,5,12,2015-05-12T12:05,0,989.0,81.02562889071699,dry,0,0.298
4936586933,ZW,Matabeleland North,-18.751916,26.211174,2024,8,21,2024-08-21T10:22:51,0,1021.0,19.81879255798031,dry,0,0.3701
4936509708,BW,Chobe,-18.323647,23.863438,2015,5,12,2015-05-12T16:03,0,941.0,84.39207683127927,dry,0,0.3152
4936404463,BW,Francistown,-21.105611,27.516416,2020,7,1,2020-07-01T14:41:31,-1,1016.0,176.611468048414,dry,0,0.2285
4936359416,BW,North-West,-19.234512,22.550704,2015,5,18,2015-05-18T13:49,0,970.0,103.08785975039207,dry,0,0.2704
4936351717,ZW,Matabeleland North,-17.824125,25.918895,2007,9,19,2007-09-19T18:02,0,942.0,12.911417758726957,dry,0,0.4517
4936306992,ZW,Matabeleland North,-19.127055,26.476025,2022,11,16,2022-11-16T03:39:57,0,1026.0,39.607610518400016,wet,1,0.3615
4936290567,BW,North-West,-19.267375,23.918011,2024,8,30,2024-08-30T11:13:36,0,934.0,53.03072372199273,dry,0,0.2961
4936268566,ZW,Matabeleland North,-19.068718,26.408768,2024,9,3,2024-09-03T10:35,0,1007.0,30.138095366226064,dry,0,0.3079
4936236712,BW,Central,-20.605146,25.529947,2016,11,11,2016-11-11T16:30:39,0,907.0,198.32839643314486,wet,1,0.3079
4936212039,BW,North-West,-19.379433,22.655781,2023,6,26,2023-06-26T10:30,0,966.0,98.18384164157676,dry,0,0.3079
4936206291,BW,North-West,-19.540379,23.65522,2015,5,16,2015-05-16T07:03,0,944.0,62.25708197076941,dry,0,0.3079
4936202999,MZ,Niassa,-12.565968,37.551465,2024,8,21,2024-08-21T17:31:22,10,368.0,886.5740584041123,dry,0,0.3079
4936194138,ZW,Matabeleland North,-17.802994,25.614695,2015,5,11,2015-05-11T11:36,0,962.0,28.993968081336725,dry,0,0.3079
4936167498,BW,Chobe,-17.990824,24.615397,2024,8,26,2024-08-26T17:10:25,0,930.0,131.5634003970557,dry,0,0.3079
4936163292,ZW,Matabeleland North,-17.852189,25.412959,2023,12,15,2023-12-15T12:10,0,924.0,47.68828029832384,wet,1,0.3079
4936152489,BW,North-West,-19.553629,23.715676,2015,5,17,2015-05-17T11:05,0,943.0,65.59097262857841,dry,0,0.3079
4935956980,BW,Central,-20.407966,25.064778,2019,5,23,2019-05-23T12:18,0,914.0,201.2089359204407,dry,0,0.3079
4935929274,BW,Chobe,-17.836739,25.07608,2007,9,18,2007-09-18T09:43,0,928.0,83.23266467778161,dry,0,0.3079
4935914338,BW,North-West,-19.480894,23.789632,2015,5,18,2015-05-18T09:08,0,945.0,61.513580275718276,dry,0,0.3079
4935884733,BW,Chobe,-18.390754,23.874368,2015,5,15,2015-05-15T10:17,0,944.0,78.38499246318071,dry,0,0.3079
4935856028,BW,North-West,-19.449371,23.631881,2015,5,15,2015-05-15T15:27,0,942.0,51.85083469173253,dry,0,0.3079
4935836857,BW,North-West,-19.258745,22.472272,2015,5,20,2015-05-20T11:09,0,970.0,111.73525651008944,dry,0,0.3079
4935819383,BW,Chobe,-18.395856,25.406701,2006,8,4,2006-08-04T16:17,0,1077.0,70.81628084644981,dry,0,0.3079
4935763874,BW,North-West,-19.423087,23.619888,2015,5,16,2015-05-16T11:48,0,942.0,48.70025030859498,dry,0,0.3079
4935708054,BW,Chobe,-17.879008,25.138519,2024,7,28,2024-07-28T15:20,0,1011.0,76.21123904897144,dry,0,0.3079
4926397004,BW,North-West,-19.150103,23.672396,2024,8,12,2024-08-12T10:28:25,0,944.0,24.633393311082358,dry,0,0.3079
4926363523,BW,North-West,-19.107886,23.564009,2024,8,10,2024-08-10T13:17:34,0,949.0,13.7540014811406,dry,0,0.3079
4926359895,BW,North-West,-19.162935,23.88328,2024,8,13,2024-08-13T10:47:58,0,935.0,44.1643209022779,dry,0,0.3079
4926356136,BW,North-West,-19.005613,23.994463,2024,8,9,2024-08-09T11:44,0,920.0,51.989144048540375,dry,0,0.3079
4926353533,BW,North-West,-19.012903,23.960925,2024,8,9,2024-08-09T11:38,0,930.0,48.479553289472335,dry,0,0.3079
4926353522,BW,Chobe,-17.88788,25.146723,2024,8,15,2024-08-15T06:46:03,0,986.0,75.28369941119394,dry,0,0.3079
4926335042,BW,North-West,-19.570112,23.642909,2024,8,7,2024-08-07T14:57:26,0,947.0,65.14379133098721,dry,0,0.3079
4926313141,BW,North-West,-19.742508,23.519905,2024,8,8,2024-08-08T08:58:56,0,941.0,82.58952127446226,dry,0,0.3079
4926303274,BW,Chobe,-17.812659,24.882371,2024,8,15,2024-08-15T09:10:53,0,930.0,103.91142547047464,dry,0,0.3079
4926296687,BW,North-West,-19.023089,23.791622,2024,8,7,2024-08-07T10:54,0,942.0,30.765403688559076,dry,0,0.3079
4926254554,BW,Chobe,-17.904594,24.935143,2024,8,9,2024-08-09T14:58,0,1017.0,97.58168439955222,dry,0,0.3079
4926236745,BW,Central,-20.557802,24.543461,2024,8,6,2024-08-06T17:00:06,0,928.0,204.75554886344528,dry,0,0.3079
4926229119,BW,North-West,-19.363494,23.692291,2024,8,7,2024-08-07T08:16,0,945.0,45.18289505487211,dry,0,0.3079
4926194915,BW,North-West,-19.231381,23.504454,2024,8,10,2024-08-10T13:27:27,0,952.0,25.732648573582313,dry,0,0.3079
4926156908,BW,Chobe,-17.83469,24.761025,2024,8,9,2024-08-09T11:01,0,930.0,116.4293591917292,dry,0,0.3079
4926105913,BW,Chobe,-17.803546,24.709223,2024,3,18,2024-03-18T10:37,0,934.0,122.23445777718791,wet,1,0.3079
4926090064,BW,Chobe,-17.867926,25.024484,2022,12,24,2022-12-24T14:43:22,0,985.0,88.33628218613063,wet,1,0.3079
4926078375,BW,Chobe,-17.923828,24.933866,2024,8,14,2024-08-14T15:46:17,0,1022.0,97.68690294683142,dry,0,0.3079
4926069818,BW,North-West,-19.694483,23.701421,2024,8,7,2024-08-07T16:06:25,0,942.0,80.06217359174805,dry,0,0.3079
4925984940,BW,North-West,-19.127807,23.791963,2024,8,7,2024-08-07T12:41,0,942.0,33.81552905741173,dry,0,0.3079
4925952907,ZM,Southern,-17.961043,25.939463,2024,8,18,2024-08-18T17:30:31,0,966.0,9.613708534648538,dry,0,0.3079
4925934461,BW,North-West,-19.124677,23.749964,2024,8,7,2024-08-07T16:50,0,939.0,29.70416916186425,dry,0,0.3079
4925933764,BW,North-West,-19.254623,23.207603,2024,8,11,2024-08-11T06:36:40,0,957.0,41.7757550441634,dry,0,0.3079
4925906249,BW,Central,-20.524969,25.128825,2024,8,8,2024-08-08T13:16,0,902.0,208.4114573618363,dry,0,0.3079
4925887070,BW,Chobe,-17.966272,25.067149,2024,8,15,2024-08-15T16:20:35,0,1039.0,83.70602365079674,dry,0,0.3079
4925883470,BW,North-West,-19.588876,23.668166,2024,8,10,2024-08-10T11:22:01,0,942.0,67.81677071443909,dry,0,0.3079
4925856874,BW,North-West,-19.121358,23.699358,2024,8,12,2024-08-12T11:40:38,0,944.0,24.92175669931812,dry,0,0.3079
4925848368,BW,North-West,-19.153929,23.976107,2024,8,9,2024-08-09T11:41,0,927.0,52.879857729131245,dry,0,0.3079
4925838493,BW,North-West,-19.151578,23.762807,2024,8,7,2024-08-07T16:39,0,939.0,32.354899914419704,dry,0,0.3079
4925827595,BW,North-West,-19.73822,23.599904,2024,8,8,2024-08-08T16:50:54,0,939.0,82.75260506944706,dry,0,0.3079
4925814298,ZM,Muchinga,-13.069015,31.74675,2024,8,11,2024-08-11T16:33:10,3,529.0,451.8206359781818,dry,0,0.3079
4924145136,ZW,Matabeleland North,-18.03748,25.606069,2024,8,2,2024-08-02T17:43,0,1056.0,29.391340179238785,dry,0,0.3079
4924103137,MZ,Gaza,-23.837596,32.127041,2023,11,25,2023-11-25,11,140.0,528.6250592297796,wet,1,0.3079
4923743752,BW,North-West,-19.446457,23.575968,2024,7,24,2024-07-24T14:57,0,946.0,50.280439208841166,dry,0,0.3079
4923647240,ZW,Matabeleland North,-19.129086,27.452442,2024,8,3,2024-08-03T17:17:02,0,1019.0,137.14359734275317,dry,0,0.3079
4923642439,BW,Chobe,-17.835693,25.134665,2024,6,18,2024-06-18T13:51:45,0,989.0,77.09395070056313,dry,0,0.3079
4923633299,BW,Chobe,-17.861541,25.045182,2018,6,12,2018-06-12T16:34,0,974.0,86.20790147966021,dry,0,0.3079
4922034525,BW,North-West,-20.001094,24.221981,2023,8,17,2023-08-17T17:32,0,946.0,134.60299340568625,dry,0,0.3079
4921820711,BW,North-West,-20.106863,24.264849,2023,8,17,2023-08-17T17:29,0,950.0,146.86946109806757,dry,0,0.3079
4921766494,BW,Central,-20.467507,24.563794,2024,8,6,2024-08-06T18:07:29,0,928.0,197.54359577897063,dry,0,0.3079
4921735814,BW,Chobe,-17.808353,25.094412,2024,6,19,2024-06-19T15:02,0,929.0,81.75075680442853,dry,0,0.3079
4921733479,BW,North-West,-20.160729,24.305357,2023,8,17,2023-08-17T17:31,0,954.0,154.19727334355002,dry,0,0.3079
4921718091,BW,Ghanzi,-21.067317,24.06301,2024,8,3,2024-08-03T10:43:39,0,948.0,237.2790748442405,dry,0,0.3079
4921650227,BW,Chobe,-17.979285,25.057383,2024,6,19,2024-06-19T12:24,0,1036.0,84.82642764461104,dry,0,0.3079
4921624058,BW,Central,-22.184131,29.254643,2024,7,23,2024-07-23T23:55,4,522.0,225.78400547026948,dry,0,0.3079
4921621851,BW,Central,-20.55401,24.499615,2024,8,6,2024-08-06T16:27:05,0,930.0,201.9864284799268,dry,0,0.3079
4921593842,BW,Central,-20.579833,24.518944,2024,8,6,2024-08-06T15:34:23,0,926.0,205.4856982768943,dry,0,0.3079
4921555455,BW,North-West,-20.164213,24.345402,2023,8,17,2023-08-17T17:32,0,937.0,156.85115366186926,dry,0,0.3079
4921529437,BW,Central,-22.028346,29.296906,2024,7,25,2024-07-25T16:42,4,613.0,234.64301690672832,dry,0,0.3079
4921431742,ZM,Lusaka,-15.737342,30.398526,2024,8,3,2024-08-03T14:27:49,0,369.0,160.054752335623,dry,0,0.3079
4921428573,BW,North-West,-20.079335,24.312382,2023,8,17,2023-08-17T17:29,0,952.0,147.14235643179077,dry,0,0.3079
4919745276,BW,Chobe,-18.642155,24.044645,2013,1,7,2013-01-07T09:41,0,931.0,69.78009447088985,wet,1,0.3079
4919691876,BW,Chobe,-17.806312,25.139724,2024,7,26,2024-07-26T14:19:47,0,922.0,77.05775212891236,dry,0,0.3079
4919668434,BW,Chobe,-18.668918,24.16397,2013,1,7,2013-01-07T11:48,0,923.0,78.98146855081868,wet,1,0.3079
4919652990,BW,Chobe,-17.806406,25.09528,2023,8,15,2023-08-15T14:40,0,929.0,81.69494133490785,dry,0,0.3079
4919643514,BW,Chobe,-17.857617,25.069026,2023,8,15,2023-08-15T14:51,0,968.0,83.73177217429611,dry,0,0.3079
4919604153,ZM,Muchinga,-12.972381,31.840078,2024,6,24,2024-06-24T10:33,3,539.0,466.5674444987752,dry,0,0.3079
4919579431,BW,Chobe,-17.978107,25.012705,2023,8,15,2023-08-15T14:40,0,1030.0,89.53232711994234,dry,0,0.3079
4919564374,BW,Chobe,-17.860382,25.160287,2023,8,15,2023-08-15T14:39,0,1003.0,74.08692306574137,dry,0,0.3079
4919540920,BW,Chobe,-17.980379,25.069171,2023,8,15,2023-08-15T15:22,0,1039.0,83.59149861341614,dry,0,0.3079
4919466537,BW,Chobe,-17.82324,25.15903,2023,8,15,2023-08-15T12:37,0,1003.0,74.73561530782342,dry,0,0.3079
4919451171,BW,Chobe,-17.860461,25.023772,2023,8,15,2023-08-15T12:37,0,983.0,88.47600767205341,dry,0,0.3079
4919430056,BW,Chobe,-17.873509,25.181407,2023,8,15,2023-08-15T12:37,0,1008.0,71.7304077057356,dry,0,0.3079
4919415137,BW,Chobe,-17.902799,25.023742,2023,8,15,2023-08-15T14:51,0,1013.0,88.21584010260422,dry,0,0.3079
4919398314,BW,Chobe,-17.898546,25.167141,2008,11,6,2008-11-06T07:58,0,1024.0,73.06824068835148,wet,1,0.3079
4919394713,BW,North-West,-19.215947,23.548695,2024,7,3,2024-07-03T08:42:22,0,953.0,24.551228907929513,dry,0,0.3079
4919351808,BW,Chobe,-17.844035,25.049058,2023,8,15,2023-08-15T14:39,0,961.0,85.98351749526113,dry,0,0.3079
4919342993,BW,Chobe,-17.970871,25.120912,2023,8,15,2023-08-15T13:02,0,1045.0,78.05943096798492,dry,0,0.3079
4919266895,BW,Chobe,-17.999734,25.052089,2023,8,15,2023-08-15T14:51,0,1034.0,85.57295858676932,dry,0,0.3079
4919246753,BW,North-East,-20.909262,27.553607,2013,1,5,2013-01-05T13:53,0,1079.0,198.74855501260464,wet,1,0.3079
4919181356,BW,Chobe,-17.945304,25.17992,2023,8,15,2023-08-15T14:38,0,1042.0,71.68861136011088,dry,0,0.3079
4919148240,BW,Chobe,-17.8109,25.175393,2023,8,15,2023-08-15T12:28,0,1002.0,73.25027172421605,dry,0,0.3079
4919109848,BW,Chobe,-17.950751,25.082526,2023,8,15,2023-08-15T12:57,0,1036.0,82.00551348492195,dry,0,0.3079
4919108753,BW,Chobe,-17.980773,24.836109,2023,8,15,2023-08-15T11:01,0,1020.0,108.1943577447508,dry,0,0.3079
4911123452,BW,North-West,-19.002046,23.722385,2024,6,16,2024-06-16T15:03,0,944.0,23.381824067624056,dry,0,0.3079
4911110821,BW,Central,-20.556936,25.692033,2013,11,15,2013-11-15T15:53:19,0,905.0,188.12559964013892,wet,1,0.3079
4911079022,BW,Chobe,-17.943692,24.903255,2023,8,14,2023-08-14T16:50,0,1023.0,100.94283673320261,dry,0,0.3079
4910952546,ZW,Matabeleland North,-17.872684,25.891703,2024,7,20,2024-07-20T13:46,0,916.0,6.802209556914855,dry,0,0.3079
4910943205,BW,North-West,-20.151089,24.158402,2024,6,17,2024-06-17T12:46,0,939.0,145.39847992057565,dry,0,0.3079
4910939570,BW,North-West,-19.18871,23.887935,2024,6,16,2024-06-16T16:17,0,935.0,45.84689624360839,dry,0,0.3079
4910930828,BW,Chobe,-17.849818,24.806645,2023,8,14,2023-08-14T16:52,0,930.0,111.47784244086583,dry,0,0.3079
4910913209,BW,Chobe,-17.855512,24.837836,2023,8,14,2023-08-14T16:55,0,963.0,108.13826656671495,dry,0,0.3079
4910901565,BW,Chobe,-17.840853,24.861134,2023,8,14,2023-08-14T17:02,0,927.0,105.8140334797138,dry,0,0.3079
4910896897,BW,Chobe,-17.802759,24.81498,2023,8,14,2023-08-14T16:58,0,932.0,111.12721213558312,dry,0,0.3079
4910854433,BW,Chobe,-17.947125,24.858205,2023,8,14,2023-08-14T16:50,0,1020.0,105.71517017641308,dry,0,0.3079
4910828065,BW,Chobe,-17.954111,24.990488,2023,8,14,2023-08-14T17:06,0,1031.0,91.74846421059699,dry,0,0.3079
4910823248,BW,Chobe,-17.828648,24.851488,2023,8,14,2023-08-14T16:50,0,931.0,106.96095758584538,dry,0,0.3079
4910774840,BW,North-West,-19.274262,23.418975,2024,4,1,2024-04-01T12:30,0,950.0,31.662082534649937,wet,1,0.3079
4910743165,BW,Chobe,-17.917308,24.812157,2023,8,14,2023-08-14T16:50,0,1018.0,110.5681936332791,dry,0,0.3079
4910701248,BW,Chobe,-17.88022,24.968984,2023,8,14,2023-08-14T16:52,0,1008.0,94.11076517110853,dry,0,0.3079
4910700250,BW,North-West,-19.166063,23.821369,2024,6,16,2024-06-16T15:48,0,938.0,38.489447055494814,dry,0,0.3079
4910673390,BW,Chobe,-17.964128,25.275292,2024,7,19,2024-07-19T17:46:07,0,1051.0,61.716832044033225,dry,0,0.3079
4910641307,BW,Chobe,-17.87774,24.850799,2023,8,14,2023-08-14T17:02,0,992.0,106.61480801344518,dry,0,0.3079
4909276304,BW,North-West,-19.550063,23.608564,2016,4,26,2016-04-26T18:09,0,941.0,62.216619263555,wet,1,0.3079
4909234800,ZM,Central,-14.792101,26.023628,2024,4,13,2024-04-13T10:45,5,1094.0,213.63078210375082,wet,1,0.3079
4909229306,BW,North-West,-19.190328,23.649568,2024,4,4,2024-04-04T13:29,0,946.0,26.36075546220365,wet,1,0.3079
4909220594,ZM,Southern,-17.977185,25.924851,2024,6,15,2024-06-15T17:49,0,922.0,9.262449695700615,dry,0,0.3079
4909164861,BW,Central,-19.758541,26.18999,2016,4,24,2016-04-24T17:32,0,936.0,92.73138704712021,wet,1,0.3079
4909015434,ZW,Matabeleland North,-17.894739,25.772469,2024,6,27,2024-06-27T08:40,0,915.0,9.548710548224856,dry,0,0.3079
4908887248,BW,Chobe,-17.852047,25.044295,2019,6,15,2019-06-15T12:06,0,963.0,86.39551431043738,dry,0,0.3079
4908882851,BW,Chobe,-17.857603,25.181894,2024,6,13,2024-06-13T16:48,0,1007.0,71.84321620992394,dry,0,0.3079
4908869564,BW,Chobe,-18.593608,24.274808,2024,4,21,2024-04-21T09:45:09,0,935.0,93.24152570046672,wet,1,0.3079
4908869215,BW,Chobe,-17.998072,25.192695,2019,6,15,2019-06-15T16:03,0,1051.0,70.76563237960116,dry,0,0.3079
4908856218,BW,North-West,-19.09106,23.704302,2024,6,14,2024-06-14T09:41,0,941.0,23.74125811735591,dry,0,0.3079
4908853047,BW,Chobe,-18.513959,24.275355,2024,4,21,2024-04-21T09:45:59,0,935.0,97.90497015609105,wet,1,0.3079
4908837736,BW,Chobe,-17.890992,24.7613,2024,4,17,2024-04-17T14:39,0,931.0,116.01385143291641,wet,1,0.3079
4908791857,BW,North-West,-19.544883,23.481474,2024,4,20,2024-04-20T10:44,0,946.0,60.619421708514004,wet,1,0.3079
4908772184,BW,Chobe,-18.500834,24.248143,2024,4,21,2024-04-21T09:45:06,0,934.0,96.3647102030004,wet,1,0.3079
4908658117,BW,Chobe,-17.918299,25.182644,2019,6,15,2019-06-15T15:52,0,1034.0,71.3709416702336,dry,0,0.3079
4908648570,BW,North-West,-18.926061,23.802305,2024,7,4,2024-07-04T11:20:16,0,942.0,32.836382881892604,dry,0,0.3079
4908637506,BW,North-West,-18.894381,22.739536,2024,6,23,2024-06-23T18:44,0,971.0,80.83575748745236,dry,0,0.3079
4908630891,BW,Chobe,-17.81293,24.688071,2024,4,15,2024-04-15T17:26,0,935.0,124.34825184303148,wet,1,0.3079
4908608871,MZ,Maputo,-26.351285,32.897096,2024,6,30,2024-06-30T16:59,9,34.0,714.997199617764,dry,0,0.3079
4908587951,BW,North-West,-19.077395,23.675937,2024,4,6,2024-04-06T16:08,0,947.0,20.397521812253583,wet,1,0.3079
4908532190,BW,North-West,-19.041801,23.788866,2024,6,29,2024-06-29T12:14:36,0,942.0,30.720312878380895,dry,0,0.3079
4908519610,BW,Chobe,-18.56299,24.45632,2016,4,26,2016-04-26T11:55,0,955.0,111.78923000876634,wet,1,0.3079
4908474303,BW,North-West,-19.189954,23.716482,2024,6,14,2024-06-14T15:02,0,943.0,31.041435766698815,dry,0,0.3079
4908328343,BW,North-West,-19.125606,23.765451,2024,6,14,2024-06-14T15:15,0,944.0,31.198967393494918,dry,0,0.3079
4908289453,BW,North-West,-19.099393,23.644287,2024,6,14,2024-06-14T15:17,0,946.0,18.765241939680255,dry,0,0.3079
4908204997,BW,North-West,-19.159361,23.954458,2024,6,15,2024-06-15T07:14,0,930.0,50.938843984117824,dry,0,0.3079
4908173361,BW,North-West,-19.869065,24.726181,2016,4,24,2016-04-24T07:52,0,928.0,160.84106274155738,wet,1,0.3079
4908138612,BW,North-West,-19.089515,23.936867,2024,6,15,2024-06-15T09:04,0,938.0,46.98486705900696,dry,0,0.3079
4908116937,BW,North-West,-19.152235,23.924231,2024,6,15,2024-06-15T09:09,0,935.0,47.68742202149215,dry,0,0.3079
4908107773,BW,North-West,-19.901156,24.67232,2016,4,24,2016-04-24T10:04,0,936.0,158.58378039185968,wet,1,0.3079
4908106865,BW,North-West,-19.186645,23.960874,2024,6,15,2024-06-15T09:22,0,931.0,52.68734930906662,dry,0,0.3079
4908079125,BW,North-West,-19.082272,23.672316,2024,6,14,2024-06-14T10:08,0,945.0,20.291493899012714,dry,0,0.3079
4908055377,BW,North-West,-19.193033,23.734406,2024,6,14,2024-06-14T14:56,0,940.0,32.67063914880577,dry,0,0.3079
4908031876,BW,North-West,-19.14703,23.58285,2024,7,2,2024-07-02T03:07,0,944.0,18.522867928124576,dry,0,0.3079
4908010199,BW,North-West,-19.065612,23.960095,2024,6,15,2024-06-15T09:27,0,930.0,48.91057758511125,dry,0,0.3079
4904245958,BW,Chobe,-17.957544,25.056622,2022,11,20,2022-11-20T00:21:40,0,1033.0,84.77213950169745,wet,1,0.3079
4904239940,BW,North-West,-19.469273,23.044851,2022,11,20,2022-11-20T08:21:21,0,958.0,70.75469579871528,wet,1,0.3079
4904194838,ZM,Lusaka,-15.910885,28.860074,2023,8,8,2023-08-08T16:34,0,418.0,23.1211553483292,dry,0,0.3079
4904160612,BW,North-West,-19.04926,23.658236,2024,6,8,2024-06-08T16:35,0,948.0,17.512613291752597,dry,0,0.3079
4904154159,BW,Chobe,-17.919838,25.116077,2007,6,23,2007-06-23T23:35,0,1024.0,78.41181113178055,dry,0,0.3079
4904057585,BW,North-West,-19.150873,23.772226,2024,6,9,2024-06-09T16:20,0,940.0,33.16415062896439,dry,0,0.3079
4904037726,BW,Chobe,-18.598211,24.115809,2024,6,11,2024-06-11T17:44,0,932.0,78.72667434543081,dry,0,0.3079
4904022420,BW,Chobe,-18.442405,24.071274,2024,6,10,2024-06-10T17:24,0,938.0,86.39227693188528,dry,0,0.3079
4903990256,BW,North-West,-19.051501,23.968049,2023,8,13,2023-08-13T12:15,0,930.0,49.53371517621317,dry,0,0.3079
4903947576,BW,North-West,-19.149354,23.838104,2023,8,13,2023-08-13T12:16,0,939.0,39.22080674960243,dry,0,0.3079
4903943455,BW,North-West,-19.072954,23.836406,2023,8,13,2023-08-13T12:15,0,939.0,36.27947020722111,dry,0,0.3079
4903867868,ZM,Southern,-17.915475,25.935702,2024,6,30,2024-06-30T17:38:16,0,940.0,8.363327419709991,dry,0,0.3079
4903863399,BW,Chobe,-17.900549,25.093059,2024,5,11,2024-05-11T15:07:59,0,1012.0,80.89304704122594,dry,0,0.3079
4903832816,BW,Chobe,-17.935301,25.078192,2022,11,19,2022-11-19T10:48:39,0,1031.0,82.42391931485287,wet,1,0.3079
4903818961,BW,Chobe,-17.814089,24.814897,2023,5,28,2023-05-28T11:22,0,933.0,110.98628301857013,dry,0,0.3079
4903817610,BW,North-West,-19.045064,23.888225,2023,8,13,2023-08-13T12:08,0,938.0,41.11769398067251,dry,0,0.3079
4902092830,BW,North-West,-19.526824,23.53567,2023,8,11,2023-08-11T11:03,0,948.0,58.699693335590226,dry,0,0.3079
4902060832,BW,North-West,-19.492447,23.5878,2023,8,11,2023-08-11T11:28,0,942.0,55.527948243312444,dry,0,0.3079
4901999441,BW,North-West,-19.58099,23.722698,2023,8,11,2023-08-11T10:16,0,941.0,68.7010731354214,dry,0,0.3079
4901967448,BW,North-West,-19.027482,22.338971,2024,6,11,2024-06-11T16:43:14,0,978.0,122.09489445705798,dry,0,0.3079
4901883167,BW,North-West,-19.442167,23.546187,2023,8,11,2023-08-11T11:00,0,945.0,49.40530582014216,dry,0,0.3079
4901770323,BW,North-West,-19.305715,23.676906,2023,8,12,2023-08-12T13:42,0,943.0,38.74126726166344,dry,0,0.3079
4901745045,ZW,Matabeleland North,-17.892383,25.698229,2024,6,18,2024-06-18T10:43:11,0,1021.0,17.190657349335712,dry,0,0.3079
4901721293,BW,North-West,-19.213344,23.180788,2023,5,22,2023-05-22,0,959.0,41.08110988578091,dry,0,0.3079
4901701464,BW,North-West,-19.004032,23.740481,2024,6,14,2024-06-14T11:16:36,0,944.0,25.287085810411348,dry,0,0.3079
4901600530,BW,North-West,-19.534296,23.514956,2023,8,11,2023-08-11T11:20,0,947.0,59.43174214804757,dry,0,0.3079
4901593724,BW,North-West,-19.226108,23.786833,2023,8,12,2023-08-12T13:58,0,937.0,39.24679085045134,dry,0,0.3079
4901590118,BW,North-West,-19.253923,23.721924,2023,8,12,2023-08-12T13:40,0,941.0,36.61664388396665,dry,0,0.3079
4901558719,BW,North-West,-19.465565,23.539468,2023,8,11,2023-08-11T11:11,0,946.0,51.934037179003965,dry,0,0.3079
4901514063,BW,North-West,-19.590936,23.475947,2023,8,11,2023-08-11T11:11,0,946.0,65.75755511315363,dry,0,0.3079
4901492243,BW,North-West,-19.253815,23.205838,2022,11,24,2022-11-24T08:26:34,0,956.0,41.85170273963682,wet,1,0.3079
4901427531,ZM,Southern,-17.84353,25.932686,2024,6,15,2024-06-15T17:49:38,0,934.0,12.019637305825464,dry,0,0.3079
4901417114,MZ,Sofala,-18.906077,34.361606,2024,6,22,2024-06-22T12:20:18,7,25.0,318.1996905850534,dry,0,0.3079
4901406450,BW,North-West,-19.544695,23.596748,2023,8,11,2023-08-11T11:13,0,942.0,61.41273206744525,dry,0,0.3079
4901389969,BW,North-West,-19.385769,23.764355,2023,8,12,2023-08-12T13:45,0,941.0,51.09503167201811,dry,0,0.3079
4901266224,BW,Chobe,-17.957336,25.174075,2024,6,17,2024-06-17T15:05:47,0,1047.0,72.35975426563235,dry,0,0.3079
4901248333,BW,North-West,-19.049249,23.798706,2023,8,11,2023-08-11T16:44,0,940.0,31.874310626215404,dry,0,0.3079
4901161588,BW,North-West,-19.322621,23.70765,2023,8,12,2023-08-12T13:46,0,943.0,41.98361002767193,dry,0,0.3079
4901158047,BW,North-West,-19.214161,23.774353,2023,8,12,2023-08-12T13:59,0,940.0,37.39017653830975,dry,0,0.3079
4901095197,BW,North-West,-19.581187,23.445767,2023,8,11,2023-08-11T11:12,0,950.0,64.87521409499755,dry,0,0.3079
4901044216,BW,North-West,-19.347256,23.711471,2023,8,12,2023-08-12T14:35,0,944.0,44.54501342184013,dry,0,0.3079
4900986371,BW,North-West,-19.077629,23.849327,2024,6,15,2024-06-15T08:19:32,0,939.0,37.71953529527277,dry,0,0.3079
4900985972,BW,North-West,-19.446445,23.547106,2023,8,11,2023-08-11T11:27,0,948.0,49.88818982772646,dry,0,0.3079
4900982065,BW,North-West,-19.430005,23.469813,2023,8,11,2023-08-11T11:13,0,948.0,47.91931737851476,dry,0,0.3079
4900967143,BW,North-West,-20.001249,24.362142,2024,6,17,2024-06-17T14:06:29,0,951.0,143.39129299022005,dry,0,0.3079
4900932328,BW,North-West,-19.555598,23.450708,2023,8,11,2023-08-11T11:15,0,944.0,61.99593163604566,dry,0,0.3079
4900843887,MZ,Sofala,-18.873485,34.547287,2024,6,21,2024-06-21T16:48:27,7,22.0,335.7967293336111,dry,0,0.3079
4892233075,BW,North-West,-19.108708,23.731427,2023,10,3,2023-10-03T08:28,0,945.0,27.16153898958942,dry,0,0.3079
4892166578,ZM,Lusaka,-15.732655,29.043866,2024,6,8,2024-06-08T17:07:58,0,1082.0,42.062048660701684,dry,0,0.3079
4892079224,BW,North-West,-19.142192,23.749917,2023,10,4,2023-10-04T08:31,0,939.0,30.65613407503988,dry,0,0.3079
4891998630,BW,North-West,-19.198467,23.750833,2023,10,3,2023-10-03T08:22,0,940.0,34.375266716810245,dry,0,0.3079
4891933946,BW,North-West,-19.081257,23.605751,2023,10,1,2023-10-01T16:25,0,948.0,14.32461619337026,dry,0,0.3079
4891901609,BW,North-West,-19.192496,23.733614,2023,10,1,2023-10-01T09:07,0,940.0,32.56870126059438,dry,0,0.3079
4891878763,ZW,Matabeleland North,-17.804253,25.733225,2024,6,7,2024-06-07T17:45:15,0,931.0,18.717353419474392,dry,0,0.3079
4875567690,BW,North-West,-19.943575,23.595172,2024,5,28,2024-05-28T17:32,0,947.0,105.39406695398584,dry,0,0.3079
4875504229,BW,North-West,-20.351884,24.215566,2023,10,10,2023-10-10T17:35,0,959.0,167.9576265660634,dry,0,0.3079
4875492682,BW,Central,-20.57299,25.044714,2023,10,9,2023-10-09T11:07,0,910.0,217.59638872049035,dry,0,0.3079
4875482055,BW,North-West,-19.806682,24.607187,2023,8,5,2023-08-05T15:32,0,941.0,146.72990813517467,dry,0,0.3079
4875453807,BW,North-West,-20.257715,24.255309,2023,10,10,2023-10-10T17:40,0,950.0,160.67308828911453,dry,0,0.3079
4875427731,BW,Chobe,-18.51336,24.418066,2023,7,29,2023-07-29T04:47,0,957.0,110.77774593912751,dry,0,0.3079
4875344719,ZW,Matabeleland North,-19.080001,27.232639,2024,5,30,2024-05-30T13:55:54,0,1016.0,113.48043136850166,dry,0,0.3079
4875318771,BW,North-West,-20.389113,24.388613,2023,10,10,2023-10-10T17:03,0,930.0,180.31202817526562,dry,0,0.3079
4875316434,BW,North-West,-19.898616,24.728488,2023,8,5,2023-08-05T15:20,0,928.0,163.01819518448542,dry,0,0.3079
4875275142,BW,North-West,-20.283569,24.239335,2023,10,10,2023-10-10T18:02,0,953.0,162.3741086335938,dry,0,0.3079
4875193034,BW,North-West,-20.365242,24.207849,2023,10,10,2023-10-10T18:02,0,959.0,168.9309205651089,dry,0,0.3079
4875179886,BW,Central,-20.278052,24.230973,2023,10,10,2023-10-10T14:32,0,952.0,161.41866655069083,dry,0,0.3079
4875165583,BW,North-West,-19.899531,24.796329,2023,8,5,2023-08-05T15:21,0,928.0,168.75464007679778,dry,0,0.3079
4875105630,BW,North-West,-20.341763,24.267576,2023,10,10,2023-10-10T17:37,0,950.0,169.46585723936545,dry,0,0.3079
4875088593,BW,North-West,-19.976312,24.710764,2023,8,5,2023-08-05T18:07,0,936.0,167.01204438439456,dry,0,0.3079
4875044803,ZW,Mashonaland West,-15.609071,29.301321,1994,10,28,1994-10-28T10:19,0,1135.0,66.27299452955691,dry,0,0.3079
4875033581,BW,North-West,-20.367076,24.244798,2023,10,10,2023-10-10T17:37,0,958.0,170.84454852270716,dry,0,0.3079
4872458137,BW,North-West,-19.465147,23.019339,2024,5,21,2024-05-21T12:13,0,954.0,72.26183643801278,dry,0,0.3079
4872447732,BW,Chobe,-17.810636,25.0736,2012,9,13,2012-09-13T17:16,0,929.0,83.88734556296109,dry,0,0.3079
4872169905,BW,Chobe,-17.944454,25.064361,2012,9,13,2012-09-13T16:13,0,1035.0,83.90584889935559,dry,0,0.3079
4872126412,BW,Chobe,-17.866497,25.008002,2012,9,13,2012-09-13T09:33,0,982.0,90.0875633797783,dry,0,0.3079
4872019514,BW,North-West,-19.017441,23.200291,2024,5,26,2024-05-26T11:15,0,961.0,31.568436643874012,dry,0,0.3079
4868035873,MZ,Niassa,-12.25594,37.891607,2024,5,18,2024-05-18T08:56:40,10,272.0,937.0959849140414,dry,0,0.3079
4863909626,ZW,Masvingo,-22.035368,31.588491,2024,4,15,2024-04-15T14:29,1,395.0,448.8076289965123,wet,1,0.3079
4863909588,ZW,Masvingo,-21.209837,32.187096,2024,4,13,2024-04-13T09:19,1,435.0,364.09933677158915,wet,1,0.3079
4863680982,ZW,Masvingo,-21.485204,32.063945,2024,4,11,2024-04-11T13:49,1,266.0,392.0038432786926,wet,1,0.3079
4863654368,ZW,Masvingo,-21.530973,32.236637,2024,4,14,2024-04-14T16:58,1,348.0,400.1184868510223,wet,1,0.3079
4863424235,ZW,Masvingo,-21.237665,31.884415,2024,4,12,2024-04-12T10:08,1,311.0,362.2556269616465,wet,1,0.3079
4863378598,BW,Chobe,-18.501887,24.25869,2024,4,16,2024-04-16T12:32:03,0,935.0,97.20765533345887,wet,1,0.3079
4855569609,ZW,Matabeleland North,-18.713039,26.80958,2024,4,26,2024-04-26T13:41,0,1093.0,71.73667062004908,wet,1,0.3079
4855546392,ZW,Matabeleland North,-18.636324,26.916413,2024,4,27,2024-04-27T09:49,0,1097.0,85.28701613282857,wet,1,0.3079
4855512070,ZM,Central,-14.927229,26.132682,2023,8,21,2023-08-21T07:44,5,1131.0,200.75787192264428,dry,0,0.3079
4855504103,ZW,Matabeleland North,-18.738887,26.138721,2024,4,25,2024-04-25T10:21,0,1060.0,20.879110278562063,wet,1,0.3079
4855453275,ZW,Matabeleland North,-18.775099,26.31839,2024,4,26,2024-04-26T10:43,0,1041.0,23.13642470041263,wet,1,0.3079
4855430124,ZW,Matabeleland North,-18.930679,26.245165,2024,4,26,2024-04-26T11:23,0,1041.0,8.372498184912525,wet,1,0.3079
4855393072,ZW,Matabeleland North,-18.774057,26.074809,2024,4,24,2024-04-24T08:41,0,1062.0,19.31361607085349,wet,1,0.3079
4855374210,MZ,Maputo,-26.534834,32.87511,2024,5,6,2024-05-06T14:23:25,9,4.0,724.7936564731025,dry,0,0.3079
4855093596,ZW,Matabeleland North,-18.904627,26.331084,2024,4,26,2024-04-26T10:48,0,1040.0,17.531854289501915,wet,1,0.3079
4854960868,ZW,Matabeleland North,-18.791258,26.108337,2024,4,24,2024-04-24T15:48,0,1064.0,16.04339127366851,wet,1,0.3079
4854942322,ZW,Matabeleland North,-18.731146,25.845434,2024,4,23,2024-04-23T16:22,0,1071.0,40.01242244093524,wet,1,0.3079
4854851738,ZW,Matabeleland North,-18.673357,26.073723,2024,4,24,2024-04-24T17:16,0,986.0,29.602005576379476,wet,1,0.3079
4853088357,BW,North-West,-19.096716,23.463652,2024,4,17,2024-04-17T11:25:32,0,952.0,11.412758474346253,wet,1,0.3079
4852769107,BW,Chobe,-17.860769,25.108975,2024,4,19,2024-04-19T16:27:51,0,991.0,79.48933847453125,wet,1,0.3079
4852542470,BW,Chobe,-18.479063,24.067289,2024,4,12,2024-04-12T13:55:26,0,954.0,83.20872098382554,wet,1,0.3079
4852372386,BW,Chobe,-18.952651,24.174477,2024,4,15,2024-04-15T12:33:54,0,921.0,71.11759227403228,wet,1,0.3079
4852334545,BW,North-West,-19.135601,23.681879,2024,4,16,2024-04-16T16:29:19,0,943.0,24.345632104301128,wet,1,0.3079
4852167207,ZM,Central,-14.940935,26.009326,2023,8,20,2023-08-20T16:41,5,1103.0,213.94004080286624,dry,0,0.3079
4852070610,ZM,North-Western,-14.23763,26.009658,2023,8,18,2023-08-18T14:27,5,1118.0,230.3168112678152,dry,0,0.3079
4851928445,ZW,Matabeleland North,-18.922796,27.156523,2024,4,15,2024-04-15T09:47:07,0,1034.0,104.2092171655509,wet,1,0.3079
4847249654,BW,Central,-20.521939,24.401957,2023,8,7,2023-08-07T12:29,0,926.0,193.77197066048407,dry,0,0.3079
4847244735,BW,Central,-20.312583,24.432298,2023,8,7,2023-08-07T16:40,0,933.0,175.59146989026567,dry,0,0.3079
4847240318,ZW,Masvingo,-21.252074,32.119243,2024,4,13,2024-04-13T11:05,1,424.0,367.38205256851916,wet,1,0.3079
4847239976,ZW,Mashonaland West,-16.570913,28.950987,2012,11,29,2012-11-29T05:06,0,490.0,52.36324240512482,wet,1,0.3079
4847206536,BW,Central,-20.281754,24.427322,2023,8,7,2023-08-07T17:06,0,932.0,172.46400925228346,dry,0,0.3079
4847101880,ZW,Matabeleland North,-19.080819,26.506259,2024,4,13,2024-04-13T14:30:22,0,1028.0,39.771939947257565,wet,1,0.3079
4847089404,BW,North-West,-19.315873,22.923338,2016,7,29,2016-07-29T10:37,0,961.0,70.01748036904439,dry,0,0.3079
4847087406,BW,North-West,-19.476255,23.256272,2016,7,25,2016-07-25T09:46,0,953.0,58.81491626613279,dry,0,0.3079
4847087400,BW,North-West,-19.518116,23.205599,2016,7,25,2016-07-25T10:38,0,952.0,65.37713081361008,dry,0,0.3079
4847086428,BW,North-West,-19.563056,23.224359,2016,7,26,2016-07-26T03:14,0,952.0,68.96996730095826,dry,0,0.3079
4847069406,BW,North-West,-19.367024,22.982658,2016,7,29,2016-07-29T10:10,0,961.0,67.9517881334933,dry,0,0.3079
4847033438,BW,North-West,-19.561973,23.285467,2016,7,25,2016-07-25T09:15,0,950.0,66.42158326158803,dry,0,0.3079
4847033437,ZM,Southern,-17.916505,25.683737,2016,7,24,2016-07-24T09:01,0,1041.0,18.37289233647028,dry,0,0.3079
4846945909,BW,Chobe,-17.979126,25.090211,2017,10,18,2017-10-18T10:20,0,1039.0,81.36196610659289,dry,0,0.3079
4846932423,BW,North-West,-19.415095,23.222004,2016,7,25,2016-07-25T10:25,0,959.0,54.61251492662066,dry,0,0.3079
4846927434,BW,North-West,-19.573299,23.303926,2016,7,25,2016-07-25T09:43,0,949.0,66.98718923949656,dry,0,0.3079
4846797781,BW,Chobe,-17.957113,25.160005,2018,9,7,2018-09-07T16:07:57,0,1045.0,73.84512669452955,dry,0,0.3079
4846788347,BW,North-West,-19.577264,23.378618,2016,7,26,2016-07-26T09:31,0,949.0,65.4407879830498,dry,0,0.3079
4846779424,BW,North-West,-19.482599,23.327345,2016,7,25,2016-07-25T09:32,0,949.0,56.6411224631914,dry,0,0.3079
4846771407,BW,North-West,-19.532574,23.396837,2016,7,27,2016-07-27T02:27,0,950.0,60.20143901934715,dry,0,0.3079
4846764329,BW,North-West,-19.593957,23.289428,2016,7,26,2016-07-26T04:55,0,947.0,69.64413547851585,dry,0,0.3079
4846760335,BW,North-West,-19.415161,23.376566,2016,7,26,2016-07-26T04:49,0,952.0,47.94880167414007,dry,0,0.3079
4846759377,BW,North-West,-19.34874,22.987909,2016,7,28,2016-07-28T08:33,0,963.0,66.30487748945481,dry,0,0.3079
4846757412,ZW,Matabeleland North,-17.871853,25.774373,2016,7,24,2016-07-24T09:44,0,905.0,10.52720208887243,dry,0,0.3079
4846750440,BW,North-West,-19.545445,23.398687,2016,7,25,2016-07-25T09:25,0,945.0,61.57591644783195,dry,0,0.3079
4846748344,BW,North-West,-19.55879,23.285507,2016,7,26,2016-07-26T23:40,0,947.0,66.08736099213534,dry,0,0.3079
4846746442,BW,North-West,-19.414674,23.201439,2016,7,26,2016-07-26T02:26,0,954.0,55.757905604648876,dry,0,0.3079
4846746441,BW,North-West,-19.532781,23.358576,2016,7,25,2016-07-25T09:25,0,949.0,61.074121180097514,dry,0,0.3079
4846744370,BW,North-West,-19.214212,22.951062,2016,7,29,2016-07-29T04:50,0,962.0,62.40123779605077,dry,0,0.3079
4846741429,BW,North-West,-19.487564,23.367629,2016,7,26,2016-07-26T02:14,0,951.0,55.96731408300574,dry,0,0.3079
4846737370,BW,North-West,-19.20142,22.885826,2016,7,27,2016-07-27T15:04,0,964.0,68.30913337302056,dry,0,0.3079
4846731382,BW,North-West,-19.507073,23.215135,2016,7,27,2016-07-27T10:23,0,954.0,63.823064583993386,dry,0,0.3079
4846730338,BW,North-West,-19.456776,23.220338,2016,7,26,2016-07-26T04:15,0,955.0,58.667499893525644,dry,0,0.3079
4607658512,BW,Central,-20.482151,24.43438,2023,8,6,2023-08-06T17:53,0,926.0,191.63531537687865,dry,0,0.3079
4607600853,BW,Central,-22.225952,29.036858,2024,4,2,2024-04-02T15:51:51,4,534.0,202.90037578309105,wet,1,0.3079
4607499968,BW,Central,-20.341923,24.511295,2023,8,6,2023-08-06T13:50,0,925.0,182.96647969857935,dry,0,0.3079
4607463721,BW,North-West,-19.449705,22.49258,2024,4,2,2024-04-02T09:06:42,0,964.0,116.997089144114,wet,1,0.3079
4607344915,BW,North-West,-20.339426,24.445053,2023,8,6,2023-08-06T13:28,0,930.0,178.81119359694503,dry,0,0.3079
4607343366,BW,Chobe,-17.933105,24.972923,2023,8,20,2023-08-20T08:30,0,1028.0,93.55741717346805,dry,0,0.3079
4607334599,ZW,Matabeleland North,-18.616299,26.858427,2016,10,7,2016-10-07T16:02:04Z,0,1105.0,80.59079852986882,dry,0,0.3079
4607302793,BW,North-West,-18.921692,22.42412,2016,10,2,2016-10-02T08:06:10Z,0,980.0,113.47562906931498,dry,0,0.3079
4607292092,BW,North-West,-19.063667,23.652835,2023,8,23,2023-08-23T17:50,0,946.0,17.55617705360292,dry,0,0.3079
4607282497,BW,North-West,-19.154457,23.464547,2012,5,29,2012-05-29T07:15,0,956.0,17.574289748275568,dry,0,0.3079
4607258993,BW,Central,-20.206536,24.479354,2023,8,6,2023-08-06T13:31,0,930.0,168.88652894768083,dry,0,0.3079
4607194457,ZM,Southern,-16.825345,27.716397,2023,8,20,2023-08-20T17:16:48,0,570.0,154.30312735005273,dry,0,0.3079
4607086735,BW,Chobe,-17.894642,25.127285,2017,7,29,2017-07-29T17:25,0,1023.0,77.3003123780074,dry,0,0.3079
4607079950,BW,Chobe,-18.593251,24.375929,2023,8,22,2023-08-22T10:41:11,0,938.0,102.69955216612813,dry,0,0.3079
4606995713,BW,North-West,-19.345431,23.28332,2023,8,25,2023-08-25T17:42:08,0,949.0,44.64565328513084,dry,0,0.3079
4606967634,BW,Chobe,-17.970258,25.149555,2016,10,5,2016-10-05T12:07:21Z,0,1044.0,75.0318644993183,dry,0,0.3079
4606900637,BW,Chobe,-18.733176,24.103704,2023,8,21,2023-08-21T17:12,0,924.0,70.10950112412027,dry,0,0.3079
4606874504,BW,Chobe,-17.881686,25.092056,2023,8,20,2023-08-20T17:02,0,1000.0,81.09889921890179,dry,0,0.3079
4606850589,BW,North-West,-19.045651,23.207679,2023,8,24,2023-08-24T15:10,0,957.0,31.145931574533755,dry,0,0.3079
4606779479,ZM,Muchinga,-13.080836,31.772861,2019,11,7,2019-11-07T15:20:10,3,524.0,452.7157538254617,wet,1,0.3079
4606777745,ZM,Muchinga,-13.171487,31.787328,2019,11,7,2019-11-07T09:32:03,3,541.0,446.31397908125615,wet,1,0.3079
4606572709,BW,North-West,-18.601012,22.142437,2016,9,30,2016-09-30T16:19:29Z,0,987.0,149.62801165764682,dry,0,0.3079
4606568893,BW,North-West,-18.946773,22.4962,2016,10,2,2016-10-02T15:25:42Z,0,976.0,105.71891161686575,dry,0,0.3079
4606554858,BW,Chobe,-17.931562,25.084372,2016,10,5,2016-10-05T11:49:23Z,0,1036.0,81.76588260578282,dry,0,0.3079
4600091447,ZW,Matabeleland North,-17.99591,25.918821,2012,6,6,2012-06-06T05:22,0,694.0,10.290245724390507,dry,0,0.3079
4599892766,ZM,Central,-15.024452,25.855819,2023,8,15,2023-08-15T08:47,5,1087.0,230.2999886234445,dry,0,0.3079
4599756757,BW,Central,-22.277139,29.154864,2024,3,20,2024-03-20T12:48:04,4,599.0,213.49932854006815,wet,1,0.3079
4597596902,ZM,Lusaka,-15.815752,29.102265,2023,8,13,2023-08-13T10:17,0,402.0,35.55266251908511,dry,0,0.3079
4597418517,BW,Chobe,-17.935584,25.011055,2024,2,21,2024-02-21T10:04:56,0,1029.0,89.52628355877101,wet,1,0.3079
4597170785,ZW,Mashonaland West,-15.985055,28.947167,2023,8,12,2023-08-12T15:12,0,396.0,12.784885892230546,dry,0,0.3079
4528340687,ZW,Matabeleland North,-18.729483,26.818228,2024,2,23,2024-02-23T17:03,0,1094.0,72.02123859455227,wet,1,0.3079
4528303690,ZW,Matabeleland North,-18.604751,26.99204,2024,2,22,2024-02-22T17:55,0,1090.0,93.99234919492696,wet,1,0.3079
4528301722,ZW,Matabeleland North,-18.752942,26.899931,2024,2,22,2024-02-22T20:26,0,1076.0,79.58951559486236,wet,1,0.3079
4528295473,BW,North-West,-19.045446,23.12026,2023,12,25,2023-12-25T11:26:49,0,962.0,40.23779113273584,wet,1,0.3079
4528100734,ZW,Matabeleland North,-18.627708,26.872585,2024,2,19,2024-02-19T18:39,0,1103.0,81.41654480880807,wet,1,0.3079
4528094768,ZW,Matabeleland North,-18.658533,26.85877,2024,2,21,2024-02-21T06:06,0,1100.0,78.73099717036246,wet,1,0.3079
4528079669,ZW,Matabeleland North,-18.774225,26.880037,2024,2,21,2024-02-21T18:50,0,1075.0,77.00494084966208,wet,1,0.3079
4528072738,ZW,Matabeleland North,-18.73131,26.94501,2024,2,23,2024-02-23T17:48,0,1080.0,84.78599236946711,wet,1,0.3079
4528072736,ZW,Matabeleland North,-18.64965,26.962134,2024,2,23,2024-02-23T17:37,0,1086.0,89.24280310368759,wet,1,0.3079
4528067685,ZW,Matabeleland North,-18.636126,26.991531,2024,2,23,2024-02-23T20:19,0,1088.0,92.66941070628833,wet,1,0.3079
4528058618,ZW,Matabeleland North,-18.7255,26.897331,2024,2,21,2024-02-21T20:16,0,1082.0,80.12025672172638,wet,1,0.3079
4525287849,BW,Central,-22.059612,29.199484,2023,4,2,2023-04-02T03:28:17,4,596.0,224.02144227932672,wet,1,0.3079
4525168404,ZM,Eastern,-13.10044,31.707485,2023,7,18,2023-07-18T15:10,3,543.0,446.3876231100441,dry,0,0.3079
4525097301,ZM,Southern,-17.813644,25.800665,2023,9,30,2023-09-30T16:09:42,0,994.0,13.681959670313901,dry,0,0.3079
4525054312,ZM,Southern,-17.982193,25.917208,2023,10,1,2023-10-01T17:38:57,0,902.0,9.040648949327968,dry,0,0.3079
4524917965,ZM,Central,-15.036478,25.920224,2022,10,8,2022-10-08T14:17:22,5,1098.0,223.39746141525768,dry,0,0.3079
4519335625,ZM,Central,-14.820339,26.169478,2023,9,13,2023-09-13T12:07,5,1112.0,197.70276596819815,dry,0,0.3079
4519314555,ZM,Central,-15.135533,25.924018,2023,9,12,2023-09-12T08:50,5,1079.0,223.41020993737916,dry,0,0.3079
4519304495,ZM,Central,-14.942043,26.024699,2023,9,13,2023-09-13T08:37,5,1109.0,212.2851368081494,dry,0,0.3079
4516703454,ZM,Central,-14.901589,25.856386,2023,11,3,2023-11-03T12:00,5,1099.0,230.5489247099771,wet,1,0.3079
4512307266,ZW,Masvingo,-20.230684,32.267206,2024,1,14,2024-01-14T10:21:26,1,476.0,260.80709375586525,wet,1,0.3079
4512194449,BW,North-West,-19.27649,22.683918,2021,7,23,2021-07-23T11:35:12,0,966.0,91.0746992619668,dry,0,0.3079
4512191272,BW,North-West,-19.326296,22.673513,2021,7,23,2021-07-23T11:35:12,0,967.0,94.0857405630973,dry,0,0.3079
4510430566,BW,North-West,-19.91731,24.620477,2022,9,22,2022-09-22T18:13,0,937.0,155.57621179316416,dry,0,0.3079
4510425680,ZM,Muchinga,-12.962195,31.862976,2023,7,22,2023-07-22T12:03,3,538.0,469.0602905465558,dry,0,0.3079
4510423390,ZM,Muchinga,-13.125419,31.603286,2023,7,20,2023-07-20T17:05,3,635.0,436.90026566340237,dry,0,0.3079
4510419395,ZM,Eastern,-13.062838,31.705356,2023,7,21,2023-07-21T07:09,3,568.0,449.38522689021715,dry,0,0.3079
4510419383,ZM,Muchinga,-13.084223,31.665619,2023,7,20,2023-07-20T17:05,3,617.0,444.77161813104334,dry,0,0.3079
4510407042,MZ,Manica,-19.79236,33.204917,2023,12,6,2023-12-06,6,954.0,268.1187441809997,wet,1,0.3079
4510402684,ZM,Muchinga,-13.015826,31.808844,2023,7,22,2023-07-22T07:27,3,536.0,460.7069839566093,dry,0,0.3079
4510325815,ZM,Muchinga,-13.042273,31.711042,2023,7,20,2023-07-20T08:09,3,576.0,451.51730868521287,dry,0,0.3079
4510196722,ZM,Eastern,-13.031022,31.648135,2023,7,21,2023-07-21T15:41,3,703.0,448.04924590197584,dry,0,0.3079
4510180711,ZM,Eastern,-13.035673,31.674332,2023,7,21,2023-07-21T15:38,3,607.0,449.4868932869417,dry,0,0.3079
4510173000,MZ,Gaza,-23.857723,32.100674,2023,11,26,2023-11-26,11,121.0,526.5461111951934,wet,1,0.3079
4510172996,MZ,Gaza,-23.994181,32.152482,2023,11,26,2023-11-26,11,194.0,535.4418463224208,wet,1,0.3079
4510170511,BW,North-West,-19.811809,24.71186,2022,9,22,2022-09-22T17:53,0,935.0,155.89019723103362,dry,0,0.3079
4510168277,ZM,Eastern,-13.024617,31.779273,2023,7,23,2023-07-23T04:55,3,542.0,457.8538706867891,dry,0,0.3079
4510164716,ZM,Muchinga,-12.834902,31.876421,2023,7,22,2023-07-22T10:32,3,547.0,480.6859079846423,dry,0,0.3079
4510162642,ZM,Eastern,-13.167213,31.710185,2023,7,21,2023-07-21T15:34,3,537.0,441.0338309399164,dry,0,0.3079
4510162526,BW,North-West,-19.935468,24.731347,2022,9,22,2022-09-22T14:48,0,932.0,165.7833384554386,dry,0,0.3079
4510147743,ZM,Eastern,-13.146978,31.921797,2023,7,22,2023-07-22T16:41,3,553.0,458.2887369856153,dry,0,0.3079
4510122736,ZM,Eastern,-13.05275,31.640943,2023,7,21,2023-07-21T15:36,3,643.0,445.699773733691,dry,0,0.3079
4510077016,BW,North-West,-19.988457,24.610245,2022,9,22,2022-09-22T15:10,0,933.0,160.07351799068155,dry,0,0.3079
4507933068,ZM,North-Western,-14.21758,25.908312,2023,10,22,2023-10-22T17:24,5,1097.0,241.29333844773078,dry,0,0.3079
4507868284,BW,Chobe,-17.925892,25.029363,2023,6,12,2023-06-12T11:51:50,0,1030.0,87.58318363459807,dry,0,0.3079
4507858559,BW,North-West,-19.129708,23.79765,2022,9,20,2022-09-20T14:27,0,942.0,34.44659178688844,dry,0,0.3079
4507666503,BW,North-West,-19.199982,23.799995,2022,9,20,2022-09-20T12:29,0,939.0,38.575755731900074,dry,0,0.3079
4506533401,BW,Chobe,-18.458567,24.022906,2023,9,8,2023-09-08T03:30,0,941.0,81.58905569906685,dry,0,0.3079
4506526362,ZW,Matabeleland North,-19.011218,26.576553,2023,12,6,2023-12-06T15:12,0,1039.0,44.24711171008416,wet,1,0.3079
4506524466,BW,North-West,-18.995244,22.891194,2023,12,9,2023-12-09T11:09,0,965.0,64.01102382469266,wet,1,0.3079
4506514417,BW,Chobe,-17.96822,25.045952,2023,12,7,2023-12-07T17:25,0,1034.0,85.95651751181248,wet,1,0.3079
4506478976,ZW,Matabeleland North,-18.219246,26.441182,2023,11,21,2023-11-21T21:55,0,820.0,69.90345664244097,wet,1,0.3079
4506476208,ZW,Matabeleland North,-19.199598,27.203721,2023,12,5,2023-12-05T06:22,0,1019.0,113.2784482562109,wet,1,0.3079
4506467959,ZW,Matabeleland North,-18.232806,26.577773,2023,11,23,2023-11-23T09:01,0,699.0,83.5368105938973,wet,1,0.3079
4506462624,ZM,Muchinga,-13.172355,31.800208,2023,7,19,2023-07-19T10:13,3,545.0,447.1919530323365,dry,0,0.3079
4506452115,BW,Chobe,-17.906728,25.050748,2023,11,24,2023-11-24T04:26,0,1022.0,85.34751398693984,wet,1,0.3079
4506440712,BW,North-West,-18.987332,22.753657,2023,10,29,2023-10-29T09:04,0,971.0,78.48373527042264,dry,0,0.3079
4506439653,ZM,Muchinga,-13.052901,31.730249,2023,7,19,2023-07-19T17:09,3,545.0,451.9887106335261,dry,0,0.3079
4506361521,BW,North-West,-18.955919,22.820096,2023,12,10,2023-12-10T06:34,0,967.0,71.66022535151829,wet,1,0.3079
4506361427,ZW,Matabeleland North,-19.161813,26.550729,2023,12,7,2023-12-07T07:00,0,1021.0,48.280043304095294,wet,1,0.3079
4506355369,ZW,Matabeleland North,-19.162514,27.26575,2023,12,4,2023-12-04T14:53,0,1016.0,118.595223494161,wet,1,0.3079
4506352540,BW,North-West,-19.419867,23.381442,2023,12,13,2023-12-13T13:40,0,951.0,48.31832255043347,wet,1,0.3079
4506340459,BW,North-West,-19.410896,23.213348,2023,12,13,2023-12-13T08:08,0,953.0,54.71340769526846,wet,1,0.3079
4506337413,ZW,Matabeleland North,-19.063239,26.523356,2023,12,7,2023-12-07T06:52,0,1032.0,40.61903394204437,wet,1,0.3079
4506272911,ZW,Matabeleland North,-18.212423,26.497324,2023,11,23,2023-11-23T02:30,0,742.0,74.86944271793443,wet,1,0.3079
4506263467,BW,Chobe,-17.801935,24.806941,1996,12,20,1996-12-20T17:30,0,934.0,111.98309352294206,wet,1,0.3079
4506260216,ZW,Matabeleland North,-19.126712,27.211852,2023,12,4,2023-12-04T14:52,0,1024.0,112.22774941264245,wet,1,0.3079
4506258168,ZW,Matabeleland North,-19.010391,27.361078,2023,12,6,2023-12-06T05:42,0,1028.0,126.05091043091207,wet,1,0.3079
4500869433,ZM,Muchinga,-13.180434,31.738826,2023,11,4,2023-11-04T16:32,3,537.0,442.02720424673424,wet,1,0.3079
4500856540,ZM,Lusaka,-15.730123,29.345396,2023,11,9,2023-11-09T09:52,0,358.0,58.984786670433465,wet,1,0.3079
4500806597,BW,North-West,-19.397467,23.202546,2023,11,11,2023-11-11T18:14,0,963.0,54.120111983583186,wet,1,0.3079
4500783588,ZM,Lusaka,-15.64164,29.229529,2023,11,9,2023-11-09T16:41,0,738.0,59.08902870725947,wet,1,0.3079
4500628376,ZM,Central,-14.876927,25.972814,2023,11,3,2023-11-03T17:25,5,1108.0,218.22330008916674,wet,1,0.3079
4500604432,ZM,Muchinga,-13.128909,31.763548,2023,11,5,2023-11-05T10:28,3,525.0,448.0670844282796,wet,1,0.3079
4500601544,ZM,Lusaka,-15.611266,29.26171,2023,11,8,2023-11-08T10:21,0,1037.0,63.75751709800898,wet,1,0.3079
4500580530,ZM,Lusaka,-15.772451,29.309921,2023,11,8,2023-11-08T17:10,0,364.0,52.98588758184693,wet,1,0.3079
4500577520,ZM,Lusaka,-15.76287,29.319682,2023,11,9,2023-11-09T15:57,0,364.0,54.47691209382671,wet,1,0.3079
4465808316,ZM,Southern,-17.929524,25.811364,2023,12,10,2023-12-10T13:27,0,993.0,4.8839512497035855,wet,1,0.3079
4465749755,ZW,Masvingo,-21.26133,32.261967,2023,11,24,2023-11-24T17:55,1,299.0,371.3168836021934,wet,1,0.3079
4465704383,ZW,Matabeleland North,-17.959635,25.940522,2023,11,25,2023-11-25T11:56:24,0,982.0,9.650470469289932,wet,1,0.3079
4465687698,BW,North-West,-19.140999,23.646709,2023,8,28,2023-08-28T16:31,0,945.0,21.98920799664633,dry,0,0.3079
4465497037,ZW,Manicaland,-21.298214,32.371201,2023,11,25,2023-11-25T17:04,1,168.0,377.9176646938184,wet,1,0.3079
4465466190,BW,Central,-20.572197,24.421225,2023,12,4,2023-12-04T08:47,0,924.0,199.62958711611617,wet,1,0.3079
4465448161,BW,Central,-20.495322,24.49914,2023,12,5,2023-12-05T10:13,0,923.0,196.41667093188664,wet,1,0.3079
4465447847,ZW,Masvingo,-21.321769,32.33103,2023,11,25,2023-11-25T09:51,1,167.0,379.47204358068257,wet,1,0.3079
4458772351,BW,North-West,-18.979642,22.693399,2023,10,27,2023-10-27T06:36,0,970.0,84.83882089039226,dry,0,0.3079
4458732348,ZM,Eastern,-12.401032,32.141324,2023,7,18,2023-07-18T08:33,3,567.0,532.569683809959,dry,0,0.3079
4458718469,MZ,Maputo,-26.799173,32.768031,2023,11,23,2023-11-23T07:34:07,9,56.0,733.7472903501746,wet,1,0.3079
4458717612,ZM,Central,-14.985195,25.656792,2023,11,17,2023-11-17T10:09,5,1120.0,251.68763848663522,wet,1,0.3079
4458712707,ZM,Central,-14.966285,25.912843,2023,11,17,2023-11-17T09:39,5,1079.0,224.2214655308958,wet,1,0.3079
4458711926,BW,Chobe,-18.449496,24.324299,2023,9,20,2023-09-20T08:39:08,0,964.0,106.21841579686526,dry,0,0.3079
4458703895,MZ,Maputo,-26.554058,32.89244,2023,10,27,2023-10-27T12:30:35,9,4.0,727.4367312774613,dry,0,0.3079
4458700140,ZW,Matabeleland North,-19.060405,27.316321,2023,12,4,2023-12-04T11:26:19,0,1025.0,121.90203886667182,wet,1,0.3079
4458698592,ZM,Central,-14.873917,25.844999,2023,11,17,2023-11-17T09:40,5,1118.0,231.95136889392998,wet,1,0.3079
4458697216,ZW,Matabeleland North,-17.977102,25.828461,2014,7,7,2014-07-07T13:33,0,924.0,6.6116854611660205,dry,0,0.3079
4458680762,ZM,Southern,-15.813231,25.913196,2023,11,7,2023-11-07T16:28,5,1029.0,234.8157644286906,wet,1,0.3079
4458663287,ZM,Central,-15.347861,25.956668,2023,11,9,2023-11-09T16:23,5,1066.0,222.67082744251542,wet,1,0.3079
4458655742,ZM,Southern,-16.410306,25.652723,2023,11,7,2023-11-07T15:57,5,1135.0,169.74418935690798,wet,1,0.3079
4458655217,ZM,Central,-15.164926,25.977551,2023,11,9,2023-11-09T17:07,5,1079.0,217.91146310855788,wet,1,0.3079
4458653737,ZW,Matabeleland North,-17.621609,27.854529,2022,11,4,2022-11-04T14:49,0,772.0,205.46426181551897,wet,1,0.3079
4458509301,ZW,Midlands,-19.07964,29.028618,2022,7,21,2022-07-21T22:00,-1,1161.0,286.86462242179584,dry,0,0.3079
4458493155,ZW,Mashonaland West,-15.664215,29.25751,2014,9,6,2014-09-06T10:27,0,817.0,58.56381711546408,dry,0,0.3079
4458483555,BW,Chobe,-17.806333,25.104244,2023,11,14,2023-11-14T11:58:12,0,930.0,80.76002666124076,wet,1,0.3079
4458438636,ZM,Central,-14.961684,25.974608,2023,11,17,2023-11-17T09:40,5,1088.0,217.59978758954898,wet,1,0.3079
4458434893,MZ,Maputo,-26.41045,32.834535,2023,10,28,2023-10-28,9,33.0,713.5526411188087,dry,0,0.3079
4458414966,MZ,Maputo,-26.441946,32.944994,2023,10,28,2023-10-28,9,0.0,724.6014850399295,dry,0,0.3079
4454093802,ZM,Southern,-17.851431,25.976976,2023,11,5,2023-11-05T16:51,0,952.0,15.04327586536418,wet,1,0.3079
4454093801,ZM,Southern,-17.961656,25.892664,2023,11,5,2023-11-05T16:19,0,910.0,5.597205665372407,wet,1,0.3079
4454081571,BW,Central,-22.152528,29.338425,2023,4,1,2023-04-01T17:41:17,4,520.0,235.0019583213621,wet,1,0.3079
4454078404,ZW,Matabeleland North,-17.867994,25.711044,2023,11,25,2023-11-25T09:09:53,0,948.0,16.684720684869266,wet,1,0.3079
4454077759,ZM,Southern,-17.988455,25.87225,2023,11,5,2023-11-05T16:57,0,909.0,7.30918575565061,wet,1,0.3079
4454046911,ZM,Lusaka,-15.740082,29.371769,2023,9,12,2023-09-12T09:16,0,359.0,60.296498034126564,dry,0,0.3079
4453966774,ZM,Southern,-17.926904,25.819245,2023,11,5,2023-11-05T16:20,0,986.0,4.02595820530319,wet,1,0.3079
4453858848,BW,Ghanzi,-22.330434,22.945546,2023,11,26,2023-11-26T18:37:22,0,1004.0,374.7914773071281,wet,1,0.3079
4453809223,ZM,Lusaka,-15.636916,29.27914,2023,9,10,2023-09-10T13:17,0,683.0,62.37627391498859,dry,0,0.3079
4453807195,ZW,Matabeleland North,-17.842629,25.958908,2023,11,26,2023-11-26T15:45:41,0,958.0,14.082382462292099,wet,1,0.3079
4453791013,ZW,Matabeleland North,-17.971052,25.660251,2023,11,27,2023-11-27T17:26:01,0,1025.0,21.472841904332164,wet,1,0.3079
4453739877,BW,North-West,-18.812093,22.636776,2023,10,26,2023-10-26T20:58,0,970.0,93.18047188283582,dry,0,0.3079
4453705298,ZW,Matabeleland North,-17.966439,25.981339,2023,11,1,2023-11-01T17:31,0,917.0,13.942992380391212,wet,1,0.3079
4442741954,BW,Chobe,-17.83593,25.139136,2023,9,11,2023-09-11T16:06,0,981.0,76.6212800787888,dry,0,0.3079
4442739723,BW,Chobe,-17.860275,25.070285,2023,9,11,2023-09-11T16:06,0,968.0,83.572755406123,dry,0,0.3079
4442737659,BW,Chobe,-17.960885,25.154759,2023,9,11,2023-09-11T16:03,0,1041.0,74.42037477953487,dry,0,0.3079
4442737537,ZM,Lusaka,-15.730552,29.314483,2023,9,9,2023-09-09T12:25,0,354.0,56.627563305544705,dry,0,0.3079
4442734632,BW,Chobe,-17.882505,25.109618,2023,9,11,2023-09-11T17:29,0,1013.0,79.238329212769,dry,0,0.3079
4442731088,ZW,Matabeleland North,-17.83203,25.830516,2023,4,7,2023-04-07T19:16:31,0,980.0,10.641466342119372,wet,1,0.3079
4442709777,BW,Chobe,-17.861995,25.101304,2023,9,11,2023-09-11T16:01,0,981.0,80.28572529700686,dry,0,0.3079
4442709776,BW,Chobe,-17.855421,25.048679,2023,9,11,2023-09-11T18:05,0,961.0,85.89855083022404,dry,0,0.3079
4442700786,BW,Chobe,-17.800092,25.066693,2023,6,5,2023-06-05T15:04:16,0,930.0,84.79555812247861,dry,0,0.3079
4442667874,ZW,Matabeleland North,-17.884263,25.910571,2023,7,28,2023-07-28T09:40:51,0,967.0,7.190978063471299,dry,0,0.3079
4442664278,BW,Chobe,-17.976641,25.162556,2023,9,11,2023-09-11T16:01,0,1047.0,73.71113823140307,dry,0,0.3079
4442600318,ZW,Matabeleland North,-17.985429,25.830166,2023,7,5,2023-07-05T07:32:28,0,978.0,7.374278704883683,dry,0,0.3079
4442597846,ZW,Matabeleland North,-18.182882,25.732269,2023,7,19,2023-07-19T08:58:22,0,1087.0,31.641429028895047,dry,0,0.3079
4442597819,BW,Chobe,-17.820725,25.093795,2023,6,5,2023-06-05T16:29:46,0,933.0,81.60697837720635,dry,0,0.3079
4442589642,ZM,Southern,-17.961888,25.863188,2023,9,4,2023-09-04T17:12:22,0,895.0,4.227324645733346,dry,0,0.3079
4442576609,BW,Chobe,-17.980459,25.034375,2023,9,11,2023-09-11T16:00,0,1034.0,87.26304552678847,dry,0,0.3079
4442575396,BW,Chobe,-17.924786,25.166976,2023,9,11,2023-09-11T18:00,0,1014.0,73.02417303813999,dry,0,0.3079
4442570328,ZW,Matabeleland North,-17.949301,25.217791,2023,6,16,2023-06-16T09:59:55,0,1046.0,67.70046316457758,dry,0,0.3079
4442556990,BW,Chobe,-17.858325,25.134818,2023,9,11,2023-09-11T17:30,0,974.0,76.79193140467552,dry,0,0.3079
4442553733,BW,Chobe,-17.826475,25.087377,2023,9,11,2023-09-11T16:06,0,930.0,82.19108171668631,dry,0,0.3079
4442551530,ZM,Muchinga,-11.633191,32.000256,2023,7,16,2023-07-16T11:15,3,1195.0,572.2281407946213,dry,0,0.3079
4442542315,ZM,Lusaka,-15.704463,29.331675,2023,9,9,2023-09-09T16:44,0,365.0,60.00283996140605,dry,0,0.3079
4442537059,ZW,Matabeleland North,-17.982733,25.755314,2020,1,14,2020-01-14T17:46,0,1033.0,12.584614113592929,wet,1,0.3079
4442514379,ZW,Matabeleland North,-17.882867,25.863051,2020,1,14,2020-01-14T17:06,0,897.0,4.648549619014726,wet,1,0.3079
4442497448,ZW,Matabeleland North,-17.806668,25.823991,2020,1,14,2020-01-14T17:51,0,1002.0,13.544039591983953,wet,1,0.3079
4442491297,ZW,Matabeleland North,-17.846456,25.758511,2023,5,3,2023-05-03T17:00:03,0,893.0,13.564224578099397,dry,0,0.3079
4442480076,BW,Chobe,-17.868776,25.176943,2023,6,5,2023-06-05T15:36:49,0,1009.0,72.2453280612921,dry,0,0.3079
4442465571,ZW,Matabeleland North,-17.999903,25.762415,2023,7,4,2023-07-04T08:08:42,0,1034.0,13.084002079460243,dry,0,0.3079
4442465544,ZW,Matabeleland North,-17.851173,25.937523,2023,4,7,2023-04-07T17:40:27,0,938.0,11.762857749134419,wet,1,0.3079
4442409482,ZW,Matabeleland North,-17.883195,25.775222,2023,6,29,2023-06-29T13:33:09,0,909.0,9.80465216181729,dry,0,0.3079
4442409093,BW,Chobe,-17.899052,25.087962,2023,6,5,2023-06-05T11:25:05,0,1007.0,81.43796055978078,dry,0,0.3079
4442353231,BW,Chobe,-17.843578,25.030205,2023,10,30,2023-10-30T14:25,0,949.0,87.97332202034788,dry,0,0.3079
4440959655,ZM,Eastern,-13.001534,31.838019,2007,6,17,2007-06-17T12:16,3,536.0,463.9945366572917,dry,0,0.3079
4440888527,BW,Ghanzi,-21.089642,22.79688,2023,10,21,2023-10-21T16:57:57,0,1028.0,243.68776161850352,dry,0,0.3079
4440859106,BW,Chobe,-17.988603,25.188263,2023,10,29,2023-10-29T16:52,0,1050.0,71.11961551895097,dry,0,0.3079
4440697268,BW,North-West,-19.394184,23.102694,2023,5,8,2023-05-08T08:06,0,956.0,60.51344219384123,dry,0,0.3079
4440686943,BW,Chobe,-18.37284,24.583245,2023,5,6,2023-05-06T09:24,0,983.0,133.7246458514957,dry,0,0.3079
4440685302,ZW,Matabeleland North,-18.845943,27.078423,2023,10,2,2023-10-02T16:43:26,0,1046.0,96.41664946572723,dry,0,0.3079
4440594109,ZM,Southern,-17.984698,25.931243,2023,10,1,2023-10-01T17:38,0,906.0,10.317379633726611,dry,0,0.3079
4438797537,ZM,Muchinga,-11.725576,32.006571,2023,7,15,2023-07-15T12:30,3,1252.0,566.0231549337125,dry,0,0.3079
4436449078,BW,Central,-22.035849,29.273399,2023,9,27,2023-09-27T17:03,4,583.0,232.08126504440182,dry,0,0.3079
4436406154,MZ,Sofala,-18.880089,34.420458,2023,10,22,2023-10-22T16:06,7,23.0,323.2293518396947,dry,0,0.3079
4436384480,BW,Central,-20.025819,25.330213,2023,5,17,2023-05-17T19:50:05,0,945.0,150.52814534861506,dry,0,0.3079
4436280709,ZW,Matabeleland North,-18.672612,26.00613,2023,7,30,2023-07-30T18:03,0,981.0,32.70270837364879,dry,0,0.3079
4436163984,BW,Chobe,-17.933987,25.12139,2012,11,4,2012-11-04T12:26,0,1029.0,77.85247328313086,wet,1,0.3079
4431266590,ZM,Eastern,-13.473125,31.539992,2023,9,6,2023-09-06T10:06,3,547.0,403.53482945091827,dry,0,0.3079
4431252475,ZW,Matabeleland North,-17.957459,25.617953,2023,10,16,2023-10-16T19:03:18,0,1053.0,25.576634775075547,dry,0,0.3079
4431249110,ZM,Western,-14.542508,22.485632,2008,11,6,2008-11-06T07:58,-1,1044.0,507.2719141249805,wet,1,0.3079
4431231307,BW,Chobe,-18.538157,24.327786,2011,9,5,2011-09-05T17:00,0,939.0,101.15584432390617,dry,0,0.3079
4431212270,ZM,Southern,-17.812394,25.998542,2023,10,22,2023-10-22T16:38,0,970.0,19.457432837530757,dry,0,0.3079
4431151670,BW,North-West,-19.847975,24.640685,2002,5,18,2002-05-18,0,936.0,152.31231529393045,dry,0,0.3079
4431112180,BW,North-West,-19.389344,23.589855,2023,9,7,2023-09-07T12:11,0,945.0,44.309452236366006,dry,0,0.3079
4431111070,BW,North-West,-19.106078,23.73944,2023,9,7,2023-09-07T16:17,0,944.0,27.793056262460272,dry,0,0.3079
4431109116,BW,North-West,-19.086198,23.717329,2023,9,7,2023-09-07T17:46,0,946.0,24.77271033322568,dry,0,0.3079
4431108101,BW,North-West,-19.137118,23.607076,2023,9,7,2023-09-07T17:55,0,947.0,18.9498120381653,dry,0,0.3079
4431080405,ZW,Matabeleland South,-21.507489,29.916016,2023,10,14,2023-10-14T10:03:42,4,697.0,315.1711648781782,dry,0,0.3079
4430982730,BW,North-West,-19.296293,23.316122,2023,9,6,2023-09-06T14:27,0,952.0,38.19068523606537,dry,0,0.3079
4430973781,BW,North-West,-19.383157,23.302041,2023,9,6,2023-09-06T14:35,0,951.0,47.40637131129477,dry,0,0.3079
4430778448,BW,Chobe,-18.455936,24.264226,2011,9,1,2011-09-01T18:40,0,959.0,100.68100219701243,dry,0,0.3079
4430774397,BW,Chobe,-18.497938,24.296563,2011,9,1,2011-09-01T10:33,0,937.0,100.75389505340708,dry,0,0.3079
4430738152,ZM,Muchinga,-13.193769,31.471152,2007,6,25,2007-06-25T13:49,3,574.0,421.8727223177685,dry,0,0.3079
4430725214,BW,Chobe,-18.400045,24.314581,2011,9,1,2011-09-01T16:53,0,968.0,108.67974044653121,dry,0,0.3079
4430692267,BW,Chobe,-18.558825,24.389742,2011,9,2,2011-09-02T08:23,0,938.0,105.73623064967056,dry,0,0.3079
4430683517,ZW,Masvingo,-21.226642,32.217943,2023,10,15,2023-10-15T11:09,1,402.0,366.5794334290083,dry,0,0.3079
4430642169,BW,North-West,-19.0775,23.712707,2023,9,7,2023-09-07T17:49,0,942.0,23.961410263442055,dry,0,0.3079
4430636258,BW,North-West,-19.218281,23.754101,2023,9,7,2023-09-07T13:01,0,939.0,36.08170236806652,dry,0,0.3079
4430635123,BW,North-West,-19.136025,23.609063,2023,9,7,2023-09-07T15:18,0,944.0,18.977572404419487,dry,0,0.3079
4430626238,BW,North-West,-19.160194,23.670533,2023,9,7,2023-09-07T17:49,0,945.0,25.267451118322704,dry,0,0.3079
4424639639,ZM,Muchinga,-13.032775,31.47996,2023,9,14,2023-09-14T21:55,3,607.0,434.4887419115798,dry,0,0.3079
4424426786,ZM,Central,-12.528107,30.329544,2023,7,11,2023-07-11T09:28,2,1201.0,372.6084567577744,dry,0,0.3079
4424416587,ZM,Southern,-17.986597,25.998276,2023,10,1,2023-10-01T18:21,0,882.0,16.452311934989357,dry,0,0.3079
4424164057,ZM,Southern,-17.917426,25.983572,2023,10,1,2023-10-01T17:33,0,1015.0,13.391990362435848,dry,0,0.3079
4421283362,ZM,Southern,-17.826315,25.867778,2023,10,1,2023-10-01T16:16,0,969.0,10.952791740321878,dry,0,0.3079
4421260308,ZW,Mashonaland West,-15.607762,29.753022,2023,9,16,2023-09-16T17:52:11,0,354.0,101.8519145531623,dry,0,0.3079
4421209221,MZ,Cabo Delgado,-12.511257,38.661727,2006,11,15,2006-11-15T05:28,10,434.0,980.8914136542693,wet,1,0.3079
4421080769,ZM,Muchinga,-13.178344,31.421605,1993,4,29,1993-04-29T11:41,3,586.0,419.7982788306106,wet,1,0.3079
4421076150,ZM,Central,-12.530062,30.375597,2023,7,9,2023-07-09T11:06,2,1229.0,375.8245360885066,dry,0,0.3079
4420935636,ZW,Matabeleland North,-18.892737,26.914201,2023,9,20,2023-09-20T16:37:48,0,1062.0,78.80868452784541,dry,0,0.3079
4420820686,BW,Chobe,-17.885344,25.14545,1993,5,5,1993-05-05T14:35,0,992.0,75.43440405678666,dry,0,0.3079
4417119326,BW,Chobe,-17.90238,25.069902,2023,9,8,2023-09-08T11:12,0,1001.0,83.33526843666674,dry,0,0.3079
4416977307,ZW,Matabeleland North,-18.967091,27.105468,2023,9,10,2023-09-10T12:53,0,1024.0,98.93694314089282,dry,0,0.3079
4416912114,ZW,Matabeleland North,-18.975086,27.143569,2023,9,10,2023-09-10T12:48,0,1032.0,102.98159849024019,dry,0,0.3079
4416875033,BW,Chobe,-17.84093,25.061608,2023,9,12,2023-09-12T09:29,0,923.0,84.70056569467886,dry,0,0.3079
4416874209,ZW,Matabeleland North,-18.754526,27.188853,2023,9,10,2023-09-10T09:23,0,1050.0,109.31764704731556,dry,0,0.3079
4416865599,BW,North-West,-19.04043,23.862253,2023,7,10,2023-07-10T09:34:39,0,937.0,38.345949527642254,dry,0,0.3079
4416850475,BW,North-West,-19.797602,22.945909,2023,7,27,2023-07-27T11:43,0,952.0,106.03297999270772,dry,0,0.3079
4416817620,BW,Chobe,-17.981425,25.184249,2023,7,11,2023-07-11T16:01:27,0,1048.0,71.46815433761336,dry,0,0.3079
4416751257,ZM,Southern,-17.803484,25.988595,2023,9,9,2023-09-09T10:51,0,984.0,19.335306052622684,dry,0,0.3079
4416751112,BW,Central,-22.023779,29.167365,2023,8,1,2023-08-01T16:38:21,4,613.0,222.10807381514326,dry,0,0.3079
4416699601,ZW,Matabeleland North,-17.985621,25.949951,2023,7,13,2023-07-13T17:48:41,0,911.0,11.94789004115538,dry,0,0.3079
4416691913,BW,Chobe,-17.946854,25.168915,2023,9,12,2023-09-12T15:30,0,1043.0,72.85764913950776,dry,0,0.3079
4416653738,ZM,Lusaka,-15.748545,29.344824,2023,7,24,2023-07-24T16:37:51,0,362.0,57.52888151615677,dry,0,0.3079
4414370121,BW,North-West,-19.429578,23.730222,2023,8,22,2023-08-22T08:55:54,0,942.0,53.53527752183156,dry,0,0.3079
4414338485,ZW,Mashonaland West,-15.729955,29.268808,2023,7,26,2023-07-26T10:20,0,390.0,53.43481054170687,dry,0,0.3079
4414306096,ZW,Matabeleland North,-18.7815,26.113446,2023,7,28,2023-07-28T17:27,0,1062.0,16.870247108898404,dry,0,0.3079
4414298718,ZM,Eastern,-13.080428,31.852719,2023,9,7,2023-09-07T08:44,3,530.0,458.55774302403915,dry,0,0.3079
4414251859,BW,Chobe,-17.921465,25.043828,2004,7,15,2004-07-15T17:55,0,1039.0,86.0543004792507,dry,0,0.3079
4414247787,ZM,Central,-14.652406,26.186302,2023,8,7,2023-08-07T10:37:44,5,1098.0,198.75301958370568,dry,0,0.3079
4414205724,ZW,Mashonaland West,-15.722688,29.278887,2023,7,26,2023-07-26T10:12,0,387.0,54.745966119471746,dry,0,0.3079
4414203470,ZM,Eastern,-13.164576,31.991087,2023,9,6,2023-09-06T08:55,3,570.0,462.12625288573213,dry,0,0.3079
4414201435,ZM,Southern,-17.842474,25.709481,2023,9,14,2023-09-14T11:30,0,902.0,18.0871160330144,dry,0,0.3079
4414200414,ZW,Matabeleland North,-18.732427,26.167063,2023,7,28,2023-07-28T14:24,0,1055.0,21.402433894754786,dry,0,0.3079
4414194686,ZM,Lusaka,-15.66958,29.423221,2023,7,26,2023-07-26T08:43:12,0,370.0,69.65651120685122,dry,0,0.3079
4414145831,BW,Ghanzi,-21.701937,23.380311,2023,9,5,2023-09-05T14:50:20,0,999.0,300.70062940261664,dry,0,0.3079
4414123184,BW,North-West,-19.443411,23.005416,2004,7,12,2004-07-12T09:35,0,958.0,71.6074345098416,dry,0,0.3079
4414122823,ZM,Muchinga,-12.865793,31.846875,2018,8,22,2018-08-22T14:08,3,550.0,475.99342560684437,dry,0,0.3079
4414096335,ZW,Mashonaland West,-15.791748,29.298633,2023,7,27,2023-07-27T10:08,0,373.0,50.63829162882182,dry,0,0.3079
4414085224,ZM,Eastern,-13.086288,31.630842,2023,7,31,2023-07-31T08:30:48,3,635.0,442.1477009096758,dry,0,0.3079
4414084472,ZM,Muchinga,-12.465898,32.052893,2018,8,21,2018-08-21T22:11,3,566.0,520.5840734039198,dry,0,0.3079
4414077348,BW,North-West,-19.578439,23.816117,2023,6,20,2023-06-20T11:14:23,0,942.0,72.37209409175448,dry,0,0.3079
4414040149,BW,Chobe,-18.420141,24.242439,2014,7,14,2014-07-14T07:36:51,0,966.0,101.34769123925899,dry,0,0.3079
4414032923,ZM,Lusaka,-15.6546,29.78728,2016,5,3,2016-05-03T09:48,0,373.0,102.33225378483613,dry,0,0.3079
4414031030,ZW,Matabeleland North,-18.70339,26.017397,2023,7,29,2023-07-29T14:38,0,1003.0,29.166055861910095,dry,0,0.3079
4414022025,ZM,Muchinga,-13.142872,31.720797,2016,5,8,2016-05-08T11:32,3,522.0,443.815438004479,dry,0,0.3079
4414013605,ZM,Lusaka,-15.525593,29.682933,2016,4,30,2016-04-30T09:53,0,617.0,101.13483684452761,wet,1,0.3079
4414000985,ZM,Muchinga,-12.651149,31.902928,2018,8,20,2018-08-20T22:51,3,567.0,495.75206284393886,dry,0,0.3079
4413967737,ZM,Lusaka,-15.633221,29.473046,2016,4,30,2016-04-30T09:54,0,390.0,76.31317237062139,wet,1,0.3079
4413884930,ZW,Matabeleland North,-18.756867,26.072135,2023,7,29,2023-07-29T14:30,0,1040.0,21.12506232553233,dry,0,0.3079
4413884819,ZM,Muchinga,-12.783325,31.952659,2018,8,21,2018-08-21T22:12,3,542.0,490.4260137475764,dry,0,0.3079
4413858441,ZW,Matabeleland North,-18.689781,26.118493,2023,7,30,2023-07-30T14:17,0,1013.0,26.614011432887335,dry,0,0.3079
4413851690,BW,North-West,-19.067538,23.589136,2022,8,24,2022-08-24T09:29,0,948.0,12.007801180007096,dry,0,0.3079
4413820467,ZM,Muchinga,-12.700574,31.489687,2016,5,4,2016-05-04T11:25,3,722.0,455.2938437486322,dry,0,0.3079
4413804433,BW,North-West,-18.231883,23.84032,2022,8,27,2022-08-27T15:29:07,0,945.0,92.63392337807659,dry,0,0.3079
4413792429,ZW,Matabeleland North,-18.674975,27.121293,2014,8,25,2014-08-25T23:45,0,1058.0,104.34622986896775,dry,0,0.3079
4413756541,ZM,Muchinga,-12.713563,31.849082,2018,8,21,2018-08-21T14:59,3,574.0,487.1168666196837,dry,0,0.3079
4413754626,ZW,Matabeleland North,-18.608567,26.15563,2023,7,30,2023-07-30T16:35,0,1004.0,35.19091769222311,dry,0,0.3079
4413734720,ZM,Muchinga,-12.688566,32.136471,2018,8,22,2018-08-22T14:20,3,556.0,511.5024467610878,dry,0,0.3079
4413728586,BW,North-West,-18.865477,23.256605,2023,5,21,2023-05-21T02:10:44,0,957.0,29.649879240726925,dry,0,0.3079
4413703341,ZM,Muchinga,-13.025771,31.696343,2016,5,4,2016-05-04T11:18,3,620.0,451.87166935340093,dry,0,0.3079
4413669309,ZW,Matabeleland North,-18.658053,26.994091,2014,8,25,2014-08-25T22:13,0,1061.0,92.10279525124703,dry,0,0.3079
4413655148,ZW,Matabeleland North,-18.648936,26.060089,2023,7,29,2023-07-29T17:59,0,966.0,32.64132938967676,dry,0,0.3079
4413620134,ZM,Muchinga,-12.774289,31.510089,2016,5,5,2016-05-05T16:15,3,682.0,452.53524656079315,dry,0,0.3079
4413503818,ZW,Matabeleland North,-18.248929,26.469878,2023,7,2,2023-07-02T15:36,0,760.0,74.14104784142002,dry,0,0.3079
4413367175,ZW,Matabeleland North,-18.606183,26.147746,2023,7,28,2023-07-28T17:35,0,949.0,35.490651094092144,dry,0,0.3079
4407593153,BW,Zambezi,-17.948777,25.048915,2023,8,23,2023-08-23T13:52,0,1034.0,85.55223493221558,dry,0,0.3079
4407593152,BW,Chobe,-17.886571,25.014252,2023,8,23,2023-08-23T13:07,0,998.0,89.29020959413347,dry,0,0.3079
4407556770,BW,North-West,-19.17884,23.687724,2023,8,20,2023-08-20T11:33,0,944.0,28.010264136747296,dry,0,0.3079
4407500609,BW,North-West,-19.269856,23.610586,2023,8,17,2023-08-17T16:47,0,946.0,32.17695228009266,dry,0,0.3079
4407280767,ZW,Matabeleland North,-18.739149,26.194074,2023,7,30,2023-07-30T13:41,0,1051.0,20.867811665679007,dry,0,0.3079
4407257693,ZW,Matabeleland North,-18.682947,26.136156,2023,7,30,2023-07-30T16:28,0,996.0,27.084290001800223,dry,0,0.3079
4407248921,ZM,North-Western,-14.249168,25.948368,2023,8,10,2023-08-10T09:43:18,5,1095.0,235.99844761175856,dry,0,0.3079
4405622370,ZW,Masvingo,-21.231177,31.969238,2015,1,13,2015-01-13T16:56,1,347.0,362.6353270920992,wet,1,0.3079
4405586700,BW,North-West,-18.909552,22.551304,2023,8,14,2023-08-14T16:03,0,976.0,100.27550717100303,dry,0,0.3079
4405586681,ZW,Matabeleland North,-18.763515,26.187022,2023,7,30,2023-07-30T12:30,0,1027.0,18.08362696053779,dry,0,0.3079
4405586352,ZW,Matabeleland North,-18.748095,26.191831,2023,7,29,2023-07-29T14:58,0,1023.0,19.849768583944687,dry,0,0.3079
4405526979,ZW,Masvingo,-21.265077,32.319468,2015,1,4,2015-01-04T16:28,1,212.0,373.06229269176515,wet,1,0.3079
4405514788,ZW,Masvingo,-21.216033,32.267313,2015,1,4,2015-01-04T16:20,1,340.0,366.5242222126551,wet,1,0.3079
4405514492,ZW,Matabeleland North,-18.647182,26.07913,2023,7,28,2023-07-28T16:21,0,967.0,32.2004739848324,dry,0,0.3079
4405472654,ZW,Matabeleland North,-18.760692,26.10748,2023,7,28,2023-07-28T15:26,0,1064.0,19.2629607832706,dry,0,0.3079
4405465822,ZW,Masvingo,-21.227592,32.310073,2015,1,4,2015-01-04T16:26,1,267.0,368.78199272880323,wet,1,0.3079
4405458242,ZW,Matabeleland North,-18.777039,26.112121,2023,7,29,2023-07-29T12:50,0,1059.0,17.3846753799918,dry,0,0.3079
4405457127,ZW,Matabeleland North,-18.734489,26.080501,2023,7,29,2023-07-29T14:42,0,1036.0,22.997281898239613,dry,0,0.3079
4405446911,ZW,Matabeleland North,-18.76411,26.043723,2023,7,29,2023-07-29T12:08,0,1070.0,22.01586631516128,dry,0,0.3079
4405426931,ZW,Matabeleland North,-18.759433,26.032319,2023,7,28,2023-07-28T14:49,0,1083.0,23.14833631045561,dry,0,0.3079
4405399897,ZW,Matabeleland North,-18.613132,26.191572,2023,7,29,2023-07-29T08:39,0,963.0,34.77304106527456,dry,0,0.3079
4405390429,ZW,Matabeleland North,-18.734735,26.075426,2023,7,28,2023-07-28T14:47,0,1031.0,23.18603530404289,dry,0,0.3079
4405387403,ZW,Masvingo,-21.224085,32.254995,2015,1,4,2015-01-04T14:30,1,354.0,367.11738605221683,wet,1,0.3079
4405383131,ZW,Matabeleland North,-18.653379,26.116482,2023,7,29,2023-07-29T16:18,0,993.0,30.63487650749973,dry,0,0.3079
4405376821,ZW,Masvingo,-21.218674,31.810254,2015,1,13,2015-01-13T16:52,1,339.0,359.37208155284435,wet,1,0.3079
4405228171,ZW,Masvingo,-21.363938,32.316059,2015,1,4,2015-01-04T13:24,1,189.0,383.6829882126984,wet,1,0.3079
4405208771,ZW,Matabeleland North,-18.618888,26.069314,2023,7,29,2023-07-29T08:57,0,956.0,35.51086282940125,dry,0,0.3079
4405189220,ZW,Matabeleland North,-18.608873,26.019706,2023,7,29,2023-07-29T07:21,0,959.0,38.35940481683562,dry,0,0.3079
4405137141,ZW,Masvingo,-21.242778,32.365807,2015,1,4,2015-01-04T14:22,1,193.0,371.80454368768426,wet,1,0.3079
4405019043,ZW,Matabeleland North,-18.719635,26.12531,2023,7,28,2023-07-28T14:20,0,1029.0,23.218849283075933,dry,0,0.3079
4405018691,ZW,Matabeleland North,-18.788573,26.961799,2014,7,19,2014-07-19T16:22,0,1074.0,85.12120099604581,dry,0,0.3079
4400497724,ZM,Southern,-17.926751,25.83152,2023,8,22,2023-08-22T21:27:04,0,952.0,2.730508386617749,dry,0,0.3079
4400464548,BW,Chobe,-17.897221,25.143791,2023,6,18,2023-06-18T10:01,0,1011.0,75.54297306143637,dry,0,0.3079
4400372082,BW,Chobe,-17.989153,25.182504,2023,6,17,2023-06-17T09:15,0,1047.0,71.731745792644,dry,0,0.3079
4400329754,BW,Chobe,-17.947573,25.058628,2023,6,18,2023-06-18T07:17,0,1034.0,84.52130144754518,dry,0,0.3079
4400309534,ZW,Mashonaland West,-15.695289,29.25882,2023,7,27,2023-07-27T09:28,0,412.0,55.81991170177611,dry,0,0.3079
4400278787,BW,North-West,-19.302838,23.321083,2007,1,3,2007-01-03T18:52,0,954.0,38.563447306800505,wet,1,0.3079
4400260691,ZW,Mashonaland West,-15.794895,29.395477,2023,7,27,2023-07-27T09:27,0,399.0,58.475964039733185,dry,0,0.3079
4400253940,ZM,Southern,-17.845273,25.96697,2023,8,21,2023-08-21T16:21:48,0,961.0,14.56538905456939,dry,0,0.3079
4400225295,ZW,Mashonaland West,-15.778101,29.342737,2023,7,27,2023-07-27T10:51,0,385.0,55.17654266494917,dry,0,0.3079
4400208393,ZW,Mashonaland West,-15.985472,29.504455,2023,7,26,2023-07-26T17:15,0,491.0,60.60465377653417,dry,0,0.3079
4400144146,BW,North-West,-19.356339,23.525002,2013,11,27,2013-11-27T08:04,0,947.0,39.709998731635665,wet,1,0.3079
4400096964,ZW,Mashonaland West,-15.702238,29.363083,2023,7,27,2023-07-27T10:20,0,361.0,62.51119327127129,dry,0,0.3079
4400058673,ZW,Mashonaland West,-15.892948,29.574187,2023,7,27,2023-07-27T14:06,0,450.0,70.57952384187668,dry,0,0.3079
4400023437,ZM,Lusaka,-15.570419,29.560652,2023,8,16,2023-08-16T14:44:24,0,515.0,87.94831315018416,dry,0,0.3079
4400002432,ZW,Mashonaland West,-15.933651,29.447907,2023,7,28,2023-07-28T06:45,0,450.0,56.33854870529029,dry,0,0.4545
4399951054,ZW,Mashonaland West,-15.788041,29.300306,2023,7,27,2023-07-27T17:15,0,371.0,51.049545509539094,dry,0,0.3895
4399950967,ZW,Mashonaland West,-15.602842,29.239433,2023,7,26,2023-07-26T10:18,0,1107.0,63.3603234856316,dry,0,0.6942
4399898475,ZW,Mashonaland West,-15.720012,29.275488,2023,7,27,2023-07-27T11:47,0,394.0,54.742667555029676,dry,0,0.4763
4399888561,ZW,Mashonaland West,-15.965369,29.269934,2023,7,27,2023-07-27T17:23,0,423.0,37.32499144887095,dry,0,0.4102
4177231037,ZW,Mashonaland West,-15.738279,29.365057,2023,7,27,2023-07-27T09:47,0,364.0,59.89616435086003,dry,0,0.4691
4176986888,BW,North-West,-19.6034,23.761738,2023,8,9,2023-08-09T10:18:26,0,935.0,72.49982762569846,dry,0,0.2675
4176944241,BW,North-West,-19.749642,23.577825,2023,8,8,2023-08-08T14:07:49,0,938.0,83.75518793056348,dry,0,0.2488
4172225783,ZW,Mashonaland West,-15.735638,29.378125,2023,7,26,2023-07-26T08:09,0,358.0,61.133267624206866,dry,0,0.4691
4172132603,BW,Chobe,-17.969748,25.160087,2016,10,11,2016-10-11T11:14,0,1046.0,73.91658029966875,dry,0,0.2937
4172130221,ZW,Mashonaland West,-15.691132,29.224002,2023,7,26,2023-07-26T08:11,0,963.0,54.08899016500707,dry,0,0.6657
4172115668,BW,Chobe,-17.92394,25.098589,2016,10,11,2016-10-11T11:31,0,1040.0,80.25953653586845,dry,0,0.2859
4171963567,MZ,Niassa,-12.094014,38.366223,2023,6,13,2023-06-13T07:46:31,10,208.0,987.0530932103588,dry,0,0.4091
4171937090,ZW,Mashonaland West,-15.701789,29.350374,2023,7,26,2023-07-26T07:09,0,366.0,61.59417943813736,dry,0,0.4691
4171913317,ZW,Matabeleland North,-17.852169,25.613697,2016,7,10,2016-07-10T12:07,0,929.0,26.986789205706433,dry,0,0.3853
4171907612,ZW,Mashonaland West,-15.819092,29.557067,2023,7,27,2023-07-27T06:20,0,410.0,72.02623742159676,dry,0,0.4931
4171900325,ZW,Matabeleland North,-17.971864,25.728148,2016,7,10,2016-07-10T13:30,0,1032.0,14.640303804194836,dry,0,0.4012
4171896751,BW,Chobe,-17.876732,25.00646,2016,10,11,2016-10-11T11:30,0,993.0,90.17381863575152,dry,0,0.2905
4171823813,BW,Chobe,-17.919168,25.018103,2016,10,11,2016-10-11T11:15,0,1026.0,88.77780040136557,dry,0,0.2905
4171785044,BW,North-West,-20.248518,24.394713,2023,7,13,2023-07-13T16:21,0,931.0,167.49418524888142,dry,0,0.2162
4171750182,ZW,Mashonaland West,-15.630493,29.274309,2023,7,26,2023-07-26T10:30,0,898.0,62.68003588728068,dry,0,0.6577
4171704943,ZW,Masvingo,-20.218797,32.213696,2023,7,27,2023-07-27T13:51,1,501.0,257.8608746012696,dry,0,0.4301
4171695066,BW,Chobe,-17.857871,25.189301,2016,10,11,2016-10-11T11:14,0,1007.0,71.0605011845406,dry,0,0.2987
4171592862,BW,Chobe,-17.99533,25.034961,2016,10,11,2016-10-11T11:23,0,1035.0,87.33156165307744,dry,0,0.2643
4171541977,ZW,Manicaland,-21.217515,32.345661,2023,7,24,2023-07-24T17:27,1,282.0,368.57002615532025,dry,0,0.4801
4171529025,ZW,Masvingo,-21.236112,32.398401,2023,7,25,2023-07-25T13:47,1,187.0,371.93491090436424,dry,0,0.4544
4171504592,BW,North-West,-19.001364,23.757506,2019,9,20,2019-09-20T16:17:58,0,944.0,27.073685958622633,dry,0,0.3167
4171435687,BW,Chobe,-17.885976,25.104582,2016,10,11,2016-10-11T11:29,0,1009.0,79.74794552146814,dry,0,0.298
4171368179,ZW,Mashonaland West,-15.995434,29.294427,2023,7,26,2023-07-26T09:53,0,438.0,38.598976089657235,dry,0,0.4102
4171178231,ZW,Mashonaland West,-15.832434,29.364252,2023,7,26,2023-07-26T11:43,0,415.0,53.35173930451354,dry,0,0.4047
4165851454,ZW,Mashonaland Central,-15.679485,30.205456,2023,7,10,2023-07-10T17:26,0,409.0,142.17485577056496,dry,0,0.468
4165630257,ZW,Mashonaland Central,-15.683444,30.252706,2023,7,1,2023-07-01T16:43,0,651.0,146.81554492425124,dry,0,0.5256
4165538521,BW,North-West,-19.142996,23.644985,2023,7,2,2023-07-02T08:23,0,946.0,22.022278246763854,dry,0,0.2882
4165439939,ZW,Mashonaland Central,-15.787865,30.311155,2023,7,4,2023-07-04T14:08,0,417.0,149.61215119601135,dry,0,0.5456
4165415081,ZW,Mashonaland Central,-15.645688,30.314333,2023,7,5,2023-07-05T10:42,0,327.0,154.41872752588122,dry,0,0.5246
4165391209,ZW,Mashonaland Central,-15.782046,30.346444,2023,6,28,2023-06-28T16:11,0,455.0,153.43460283812814,dry,0,0.5545
4162621732,BW,North-West,-19.004556,23.49775,2023,6,26,2023-06-26T10:40,0,952.0,0.5591116465196694,dry,0,0.2814
4162608773,BW,North-West,-19.212877,23.328536,2023,6,25,2023-06-25T09:25,0,956.0,29.746781604890003,dry,0,0.2753
4162594859,BW,North-West,-19.246264,23.524023,2023,6,24,2023-06-24T13:28,0,951.0,27.499367636301226,dry,0,0.2805
4162584630,BW,Chobe,-17.994919,25.14831,2023,6,29,2023-06-29T16:37,0,1046.0,75.39414549983387,dry,0,0.2835
4162580578,BW,Chobe,-17.916413,25.155278,2023,6,29,2023-06-29T16:20,0,1018.0,74.26870683187813,dry,0,0.2987
4162573486,BW,Chobe,-18.594137,24.265464,2023,6,28,2023-06-28T21:21,0,936.0,92.35353072362547,dry,0,0.2868
4162564001,BW,North-West,-19.108251,23.688396,2023,6,26,2023-06-26T16:31,0,947.0,23.1724933159622,dry,0,0.3129
4162553438,BW,Chobe,-18.264024,23.968737,2023,6,28,2023-06-28T09:26,0,945.0,95.58524239292801,dry,0,0.3178
4162550513,BW,Chobe,-17.938195,25.025017,2023,6,29,2023-06-29T17:18,0,1028.0,88.05329737938689,dry,0,0.2725
4162547872,BW,Chobe,-17.92479,24.96852,2023,6,28,2023-06-28T17:34,0,1028.0,94.0203325911448,dry,0,0.2905
4162534601,BW,North-West,-19.711155,23.410594,2023,6,21,2023-06-21T17:58,0,941.0,79.63115013607897,dry,0,0.2354
4162529686,BW,North-West,-19.132991,23.641676,2023,6,26,2023-06-26T18:04,0,947.0,20.98516263532788,dry,0,0.2882
4162526594,ZM,Muchinga,-13.271494,31.713718,2018,9,7,2018-09-07T13:53:05,3,749.0,432.7444908348355,dry,0,0.5372
4162516429,BW,North-West,-19.40683,23.710374,2023,6,24,2023-06-24T09:32,0,947.0,50.34311911203875,dry,0,0.2761
4162505449,BW,Chobe,-17.927713,25.19499,2023,6,28,2023-06-28T17:30,0,1040.0,70.0607867672436,dry,0,0.2937
4162451351,ZM,Eastern,-12.849949,31.955478,2023,6,28,2023-06-28T16:16,3,538.0,485.05109038925735,dry,0,0.5896
4162443086,BW,North-West,-19.63342,23.408265,2023,6,22,2023-06-22T14:57,0,948.0,71.0878552884524,dry,0,0.2203
4162442370,ZM,Muchinga,-13.157471,31.809159,2023,6,30,2023-06-30T08:58,3,542.0,449.0639829718511,dry,0,0.5248
4162386506,ZM,Muchinga,-13.083183,31.793459,2023,6,29,2023-06-29T14:48,3,525.0,454.01161792425904,dry,0,0.5755
4162380237,BW,North-West,-19.722651,23.538505,2023,6,22,2023-06-22T17:13,0,940.0,80.45658924825064,dry,0,0.2488
4162365405,BW,North-West,-19.681884,23.522082,2023,6,23,2023-06-23T12:19,0,938.0,75.85742937063107,dry,0,0.2436
4162346843,BW,Chobe,-18.75094,24.183478,2023,6,27,2023-06-27T16:51,0,921.0,77.0606065760337,dry,0,0.2614
4162346792,BW,North-West,-19.376996,23.414912,2023,6,25,2023-06-25T17:02,0,949.0,42.86182884323627,dry,0,0.2615
4162344147,BW,North-West,-19.589915,23.646982,2023,6,24,2023-06-24T08:35,0,939.0,67.38489472630971,dry,0,0.2499
4162330045,BW,Chobe,-17.67648,25.026117,2006,10,13,2006-10-13T17:27,0,927.0,92.20219419384432,dry,0,0.3412
4162294590,BW,North-West,-19.042837,23.918101,2023,6,27,2023-06-27T10:18,0,936.0,44.209509369089254,dry,0,0.3388
4162236981,BW,North-West,-18.989246,22.640635,2023,6,30,2023-06-30T09:14,0,974.0,90.36168693982354,dry,0,0.2908
4162221765,ZM,Muchinga,-13.088443,31.785717,2023,7,12,2023-07-12T16:30:32,3,528.0,453.01586190862787,dry,0,0.5755
4162211904,BW,Chobe,-18.262773,23.928975,2023,6,26,2023-06-26T09:52,0,939.0,93.61119343308803,dry,0,0.3178
4162172656,BW,North-West,-19.009484,22.230308,2023,7,2,2023-07-02T13:59,0,980.0,133.49151208863233,dry,0,0.2779
4162122257,BW,North-West,-19.697226,23.592718,2023,6,21,2023-06-21T14:39,0,943.0,78.13585638778702,dry,0,0.2488
4162105559,BW,Chobe,-17.852137,25.090638,2023,6,20,2023-06-20T15:31,0,971.0,81.51305114948408,dry,0,0.298
4153983738,BW,Chobe,-17.835533,25.15004,2009,9,10,2009-09-10T00:54,0,1002.0,75.48288997166048,dry,0,0.3434
4153808300,BW,Chobe,-17.89642,25.00582,2022,10,5,2022-10-05T17:04,0,1018.0,90.13460726725295,dry,0,0.2905
4153769841,ZW,Matabeleland North,-17.809293,25.756908,2009,9,10,2009-09-10T08:54,0,926.0,16.61919394486266,dry,0,0.3852
4153747995,ZW,Matabeleland North,-18.726038,27.002494,2022,10,4,2022-10-04T17:05,0,1077.0,90.79298475431386,dry,0,0.4226
4153703377,BW,Chobe,-17.891691,24.695048,2023,4,24,2023-04-24T16:45,0,935.0,123.01787745414708,wet,1,0.3021
4153648864,BW,Chobe,-18.838688,25.799111,2009,9,9,2009-09-09T02:27,0,1075.0,39.75299793931775,dry,0,0.3393
4153612116,BW,North-West,-19.836404,23.33796,2009,9,6,2009-09-06T23:12,0,941.0,94.54353823984498,dry,0,0.2422
4153605786,BW,North-West,-19.30182,22.441749,2023,6,12,2023-06-12T09:26:24,0,969.0,116.11536856877252,dry,0,0.275
4153589168,BW,Chobe,-17.844653,25.02748,2023,6,18,2023-06-18T10:25,0,960.0,88.24784589162171,dry,0,0.3079
4153551612,BW,North-West,-19.817787,23.224847,2009,9,6,2009-09-06T03:36,0,942.0,95.40257291055946,dry,0,0.2445
4153548749,BW,Chobe,-17.853076,25.168973,2023,6,18,2023-06-18T10:37,0,1005.0,73.25695053787942,dry,0,0.2987
4153530664,BW,North-West,-19.971128,23.200753,2009,9,5,2009-09-05T08:28,0,942.0,112.44835449008542,dry,0,0.2351
4153508493,ZW,Matabeleland North,-17.829994,25.935483,2022,10,1,2022-10-01T17:41,0,940.0,13.363925617670477,dry,0,0.4517
4153494724,BW,North-West,-19.897281,23.3117,2009,9,7,2009-09-07T01:57,0,942.0,101.7077035495216,dry,0,0.2485
4153456018,BW,North-West,-19.439611,23.105124,2022,10,7,2022-10-07T17:20,0,955.0,64.0975225159955,dry,0,0.2772
4153448446,BW,Chobe,-17.964003,25.196478,2009,9,9,2009-09-09T10:13,0,1044.0,70.0344524396627,dry,0,0.2937
4145567656,ZM,Muchinga,-13.073044,31.795897,2023,6,19,2023-06-19T11:45,3,529.0,455.02628664185397,dry,0,0.5755
4145292550,BW,North-West,-19.114294,23.828237,2023,6,24,2023-06-24T10:14:28,0,936.0,36.76443313836805,dry,0,0.321
4138685916,BW,Chobe,-17.870792,25.034192,2023,6,25,2023-06-25T15:37:18,0,991.0,87.2886525282853,dry,0,0.298
4138533909,BW,Chobe,-17.917826,25.177011,2023,6,20,2023-06-20T16:41,0,1033.0,71.96748782232798,dry,0,0.2987
4138496483,BW,Central,-20.433938,24.530586,2023,6,3,2023-06-03T13:59,0,928.0,192.50935621147184,dry,0,0.2351
4138448350,ZM,Western,-17.409353,24.718659,2014,7,25,2014-07-25T14:34,0,956.0,133.52857332147457,dry,0,0.3258
4138331437,BW,Chobe,-18.016252,24.504625,2014,7,27,2014-07-27T17:49,0,931.0,143.42706726153577,dry,0,0.315
4138163083,BW,North-West,-19.808925,23.541674,2023,6,9,2023-06-09T17:22,0,938.0,90.05448054466545,dry,0,0.26
4138083976,ZW,Matabeleland North,-17.815119,25.3235,2023,6,18,2023-06-18T17:14:32,0,931.0,57.77173473624449,dry,0,0.365
4138007999,ZW,Matabeleland North,-19.078073,26.570208,2019,12,17,2019-12-17T11:10,0,1038.0,45.802326100739144,wet,1,0.3483
4137911755,BW,North-West,-19.414398,23.865746,2023,6,8,2023-06-08T08:23,0,938.0,59.985202194829036,dry,0,0.2952
4137571001,BW,Chobe,-18.040944,24.4041,2014,7,26,2014-07-26T16:58,0,934.0,143.0352147793532,dry,0,0.3205
4133965194,ZM,Central,-14.804226,25.99519,2023,5,31,2023-05-31T11:52,5,1113.0,216.52323269999016,dry,0,0.4233
4133673441,BW,Chobe,-17.896471,25.066046,2022,11,23,2022-11-23T09:11:52,0,1000.0,83.76616851830872,wet,1,0.298
4133641796,ZM,Central,-14.968282,25.962337,2023,5,30,2023-05-30T17:17,5,1075.0,218.9011997164072,dry,0,0.4156
4130084482,ZW,Matabeleland North,-18.797861,26.970017,2017,10,20,2017-10-20T17:29,0,1072.0,85.7938824922038,dry,0,0.4107
4127331491,BW,North-West,-19.929394,24.717524,2014,6,29,2014-06-29T15:32,0,931.0,164.23349700254806,dry,0,0.2588
4127274302,BW,Chobe,-18.041073,24.113202,2015,5,16,2015-05-16T16:06,0,935.0,124.69743624891898,dry,0,0.3746
4127171691,ZW,Matabeleland North,-18.61602,26.93087,2023,5,15,2023-05-15T17:36:24,0,1099.0,87.56419925474712,dry,0,0.511
4127066452,BW,Chobe,-17.806056,25.037228,2017,6,10,2017-06-10T16:20:47,0,929.0,87.77057873125763,dry,0,0.3079
4126939330,BW,Chobe,-17.967176,25.132982,2009,6,28,2009-06-28,0,1044.0,76.75966405826833,dry,0,0.2859
4126771351,BW,Chobe,-18.881648,25.657062,2009,6,27,2009-06-27,0,1064.0,53.73377923530992,dry,0,0.3084
4126757383,ZW,,-22.046035,29.247527,2018,8,31,2018-08-31T11:07,4,549.0,229.19760178114754,dry,0,0.2545
4126741328,BW,North-West,-19.119201,23.988369,2009,7,6,2009-07-06,0,925.0,53.01092588752694,dry,0,0.3247
4121462765,BW,North-West,-19.515803,22.901203,2012,7,3,2012-07-03T02:30,0,957.0,85.09156828306314,dry,0,0.3262
4121440693,BW,North-West,-19.587841,22.966368,2012,7,3,2012-07-03T17:38,0,955.0,86.07581261677501,dry,0,0.3228
4121155629,BW,North-West,-19.491795,22.857163,2012,7,2,2012-07-02T21:22,0,960.0,86.8601930504767,dry,0,0.3262
4121031537,BW,Chobe,-18.767667,24.154385,2012,7,4,2012-07-04T19:51,0,922.0,73.53519423243736,dry,0,0.2574
4120950905,BW,Chobe,-18.493604,24.039794,2012,7,4,2012-07-04T23:06,0,947.0,80.00749538273982,dry,0,0.2854
4116154655,ZW,Masvingo,-20.090443,32.043299,2023,5,2,2023-05-02T17:51,1,627.0,239.35738909609367,dry,0,0.4436
4116078464,BW,North-West,-18.538611,22.083653,2023,4,29,2023-04-29T09:36:49,0,989.0,157.69360902892052,wet,1,0.2935
4096746766,MZ,Niassa,-12.328581,37.691979,2023,4,20,2023-04-20T11:20:51,10,339.0,915.8846911625005,wet,1,0.4709
4096675743,BW,Chobe,-17.841711,24.82141,2023,4,12,2023-04-12T11:32:28,0,929.0,109.9938785260614,wet,1,0.2935
4096520803,BW,Chobe,-17.882656,25.041709,2023,4,19,2023-04-19T13:52:52,0,995.0,86.41151465376598,wet,1,0.298
4081034463,ZW,Mashonaland West,-16.418195,28.808287,2022,9,6,2022-09-06T17:21,0,665.0,38.47992081590612,dry,0,0.4
4081022497,ZW,Matabeleland North,-19.116776,26.753662,2021,8,9,2021-08-09T10:48,0,1037.0,65.37753253660395,dry,0,0.3625
4080988481,ZW,Mashonaland West,-15.637448,29.386213,2022,9,3,2022-09-03T09:42,0,665.0,69.44194174529373,dry,0,0.4943
4080984041,ZW,Masvingo,-20.735992,31.933961,2023,4,7,2023-04-07T17:11,1,465.0,307.6146645326952,wet,1,0.4485
4080802445,BW,Central,-22.162329,29.113051,2023,4,2,2023-04-02T07:11,4,567.0,212.26631262804216,wet,1,0.2301
4080602752,ZW,Matabeleland North,-17.871182,25.72227,2023,4,5,2023-04-05T11:54:16,0,935.0,15.450953565149815,wet,1,0.3616
4080600482,BW,North-West,-19.069955,23.521504,2016,6,15,2016-06-15T16:30,0,950.0,8.10040791119889,dry,0,0.2811
4080442709,ZW,Matabeleland North,-17.932406,25.605094,2023,4,5,2023-04-05T08:59:13,0,1046.0,26.686915256163065,wet,1,0.358
4076342639,BW,Chobe,-18.171925,25.165575,2016,8,21,2016-08-21T15:52,0,1039.0,78.13353628551879,dry,0,0.2804
4075997379,BW,Chobe,-18.773728,24.128324,2022,10,7,2022-10-07T14:14:51,0,921.0,70.73099346578081,dry,0,0.267
4075968250,BW,Chobe,-18.79729,24.073164,2022,10,7,2022-10-07T17:57:29,0,927.0,64.37250773760644,dry,0,0.288
4075837691,ZW,Masvingo,-21.352904,32.207235,2015,1,5,2015-01-05T15:33,1,200.0,380.1055731361271,wet,1,0.3963
4075785939,BW,North-West,-18.264986,23.890598,2022,10,9,2022-10-09T14:54:08,0,940.0,91.50714618811129,dry,0,0.3325
4067701467,ZW,Matabeleland North,-17.922224,25.459016,2023,2,21,2023-02-21T15:57:01,0,1057.0,42.12792843233524,wet,1,0.3638
4067696372,BW,Chobe,-17.920461,25.172549,2023,2,14,2023-02-14T14:14:07,0,1030.0,72.43668487411504,wet,1,0.2987
4067656861,ZM,Lusaka,-15.694232,29.305332,2019,9,3,2019-09-03T13:34,0,384.0,58.989393521882555,dry,0,0.4653
4067626190,ZM,Lusaka,-15.675966,29.355141,2016,9,3,2016-09-03T11:22,0,453.0,64.03534617770018,dry,0,0.4691
4067593457,BW,Chobe,-17.869217,25.174394,2023,2,14,2023-02-14T11:03:15,0,1008.0,72.50981774267426,wet,1,0.2987
4067558461,ZW,Matabeleland North,-17.998904,25.515772,2023,2,21,2023-02-21T15:56:10,0,1045.0,37.05526943235875,wet,1,0.3339
4067491546,BW,Chobe,-17.839095,25.119968,2006,8,27,2006-08-27T16:48,0,945.0,78.58950479211829,dry,0,0.3434
4067486440,ZW,Matabeleland North,-17.902598,25.476141,2023,2,21,2023-02-21T15:56:54,0,965.0,40.38988167903963,wet,1,0.3849
4067379476,ZW,Matabeleland North,-17.824237,25.750236,2023,3,15,2023-03-15T11:59:38,0,917.0,15.872492070836099,wet,1,0.3853
4067358185,ZM,Southern,-17.903251,25.973159,2016,9,7,2016-09-07T11:01,0,961.0,12.49021164540763,dry,0,0.4148
4067353088,ZM,Muchinga,-12.873334,31.932896,2016,8,30,2016-08-30T13:35,3,537.0,481.481544878039,dry,0,0.5576
4067353085,ZM,Muchinga,-13.000975,31.695446,2016,8,29,2016-08-29T06:22,3,624.0,453.90858776714117,dry,0,0.6206
4067286147,BW,North-West,-19.010155,23.125372,2015,5,21,2015-05-21T07:27,0,961.0,39.40218866250595,dry,0,0.2856
4067244840,ZW,Masvingo,-21.306977,32.319372,2023,3,14,2023-03-14T17:49,1,187.0,377.5930402056872,wet,1,0.3754
4067204181,BW,Central,-20.446156,24.405166,2015,5,16,2015-05-16T12:49,0,927.0,186.63946303174177,dry,0,0.243
4067160887,BW,Chobe,-17.992534,25.048044,2023,3,11,2023-03-11T16:21:54,0,1038.0,85.92611449809588,wet,1,0.2643
4054954806,ZW,Mashonaland West,-15.743669,29.672874,2023,2,18,2023-02-18T13:56,0,435.0,86.85969000671125,wet,1,0.4839
4054915626,ZW,Mashonaland West,-15.657601,29.395727,2023,2,17,2023-02-17T08:51,0,393.0,68.50147559065704,wet,1,0.4347
4054734953,ZM,Lusaka,-15.674048,29.411562,2023,2,21,2023-02-21T10:37,0,372.0,68.4105856679246,wet,1,0.4337
4046503930,ZW,Matabeleland North,-17.869706,25.723659,1992,8,30,1992-08-30T14:00,0,925.0,15.37933915517617,dry,0,0.3615
4039423807,ZW,Matabeleland North,-17.973946,25.83696,2018,5,9,2018-05-09T13:48,0,907.0,5.921041220314343,dry,0,0.3629
4039357812,ZM,Lusaka,-15.648449,29.347538,2014,7,29,2014-07-29T04:42:16,0,754.0,65.79414295038706,dry,0,0.6549
4034871734,BW,Chobe,-17.836239,25.210852,2023,2,8,2023-02-08T14:20:24,0,998.0,69.09658313649915,wet,1,0.3331
4034787822,BW,Chobe,-17.830973,25.321878,2023,2,8,2023-02-08T14:20:17,0,923.0,57.59350066587209,wet,1,0.365
4034722626,BW,Chobe,-17.927918,25.238365,2023,2,8,2023-02-08T14:21:18,0,1048.0,65.4720212667637,wet,1,0.3264
4034722156,BW,Chobe,-17.969534,25.125243,1992,9,1,1992-09-01T14:00,0,1042.0,77.59280963297189,dry,0,0.2859
4034676959,BW,Chobe,-18.784588,24.166478,1992,9,2,1992-09-02T16:35,0,922.0,74.09495706719075,dry,0,0.2574
4034618238,ZW,Matabeleland North,-17.969267,25.37772,2023,2,8,2023-02-08T16:50:01,0,1058.0,50.96740783132579,wet,1,0.3174
4029274721,BW,Chobe,-17.935655,25.000911,2023,1,27,2023-01-27T15:32:38,0,1029.0,90.59944848741875,wet,1,0.2725
4029231972,BW,Chobe,-17.942424,25.036585,2023,1,27,2023-01-27T11:25:39,0,1030.0,86.83827220673481,wet,1,0.2725
4029141046,BW,Chobe,-17.904891,25.18434,2023,1,27,2023-01-27T14:05:55,0,1032.0,71.22378457777373,wet,1,0.2987
4029122117,BW,Chobe,-17.841452,25.076824,2023,1,27,2023-01-27T15:32:46,0,939.0,83.09365371418278,wet,1,0.3079
4029120109,BW,Chobe,-17.948683,25.198302,2023,1,27,2023-01-27T14:06:41,0,1042.0,69.75794037584237,wet,1,0.2937
4029106693,ZM,Lusaka,-15.791288,29.324946,2021,10,24,2021-10-24T16:21:42,0,373.0,52.776807147623494,dry,0,0.3895
4028864294,ZW,Masvingo,-20.732453,32.111348,2023,2,2,2023-02-02T11:24,1,498.0,310.5278570908513,wet,1,0.4664
4022359314,BW,Chobe,-18.577655,24.632641,2023,1,21,2023-01-21T15:37,0,977.0,128.14747838473664,wet,1,0.2727
4022107524,BW,Chobe,-17.870405,24.993475,2022,5,11,2022-05-11T16:30,0,985.0,91.5904226673133,dry,0,0.2905
4022054977,ZW,Matabeleland North,-17.852199,25.418875,2023,1,21,2023-01-21T08:25:31,0,924.0,47.07109258424569,wet,1,0.3725
4022000937,BW,Chobe,-17.868594,25.031214,2023,1,21,2023-01-21T14:17:20,0,985.0,87.62051396194165,wet,1,0.2905
4018474081,BW,Chobe,-18.442804,24.099563,2019,12,23,2019-12-23,0,959.0,88.46158311530021,wet,1,0.3032
4018295073,BW,Chobe,-18.167307,24.639948,2019,12,22,2019-12-22,0,997.0,131.49994761059799,wet,1,0.2831
4018221889,BW,Chobe,-17.859384,24.739201,2019,12,22,2019-12-22,0,931.0,118.52349922531401,wet,1,0.3021
4018184150,BW,North-West,-19.189432,23.910322,2019,12,24,2019-12-24,0,934.0,47.985598498586384,wet,1,0.3341
4018162143,BW,Chobe,-18.999602,23.931889,2019,12,24,2019-12-24,0,940.0,45.40752154178071,wet,1,0.321
4018159106,BW,Chobe,-18.023308,24.780978,2019,12,22,2019-12-22,0,1020.0,114.36119955491566,wet,1,0.2843
4018149296,BW,North-West,-19.966789,23.398351,2019,12,28,2019-12-28,0,941.0,108.02881856490387,wet,1,0.2228
4018148199,BW,North-West,-19.942915,23.251337,2019,12,27,2019-12-27,0,942.0,108.0394617752858,wet,1,0.2485
4018139106,ZW,Mashonaland West,-15.730433,29.317918,2022,10,6,2022-10-06T16:50:31,0,355.0,56.890562982134355,dry,0,0.4691
4018122901,BW,Chobe,-17.893515,24.772099,2019,12,22,2019-12-22,0,980.0,114.86230568511243,wet,1,0.2782
4018119195,BW,North-West,-19.164617,23.656394,2019,12,26,2019-12-26,0,947.0,24.599880232666123,wet,1,0.2882
4015341454,BW,Zambezi,-17.908911,25.177967,2022,4,4,2022-04-04T13:40:18,0,1030.0,71.88492011669254,wet,1,0.2987
4015316374,ZW,Matabeleland North,-17.83389,25.581764,2022,5,5,2022-05-05T10:26:22,0,903.0,30.832949617625996,dry,0,0.3645
4015189511,BW,Chobe,-17.898173,25.162495,2022,4,4,2022-04-04T12:32:16,0,1018.0,73.56114134089707,wet,1,0.2987
4015117449,ZM,Southern,-17.661123,25.015862,2023,1,9,2023-01-09T08:34:33,0,930.0,93.76134892430898,wet,1,0.3412
4015036331,ZW,Matabeleland North,-17.881405,25.700932,2022,4,4,2022-04-04T10:43:07,0,1000.0,17.209035576398268,wet,1,0.3615
4015014988,ZW,Mashonaland Central,-16.314875,30.085796,2007,9,25,2007-09-25T11:33,0,486.0,123.60646653965266,dry,0,0.4368
4014958979,ZW,Matabeleland North,-19.004918,26.452398,1992,8,28,1992-08-28T17:40,0,1030.0,31.42431946325722,dry,0,0.4033
4014945156,ZW,Masvingo,-21.351419,30.149252,2023,1,4,2023-01-04T11:33,-1,677.0,344.36898457639205,wet,1,0.4935
4014907067,BW,Chobe,-17.813865,25.04844,2022,4,4,2022-04-04T10:43:07,0,927.0,86.46811479685115,wet,1,0.3079
4009906952,ZM,Lusaka,-15.93131,29.104791,2022,8,27,2022-08-27T16:07,0,414.0,25.01086971661214,dry,0,0.2919
4009903207,ZW,Mashonaland West,-16.027655,28.947602,2022,10,22,2022-10-22T09:51,0,422.0,8.048476777368844,dry,0,0.3318
4009853953,ZM,Lusaka,-15.657624,29.217521,2022,8,27,2022-08-27T15:33,0,956.0,56.905966533328005,dry,0,0.6574
4009802724,ZM,Lusaka,-15.771192,29.474051,2022,8,27,2022-08-27T13:03,0,391.0,66.90583200562696,dry,0,0.396
4009798715,ZM,Lusaka,-15.688838,29.410959,2022,8,27,2022-08-27T10:03,0,348.0,67.23381963968694,dry,0,0.4333
4009795960,ZM,Lusaka,-15.766081,29.497778,2022,8,27,2022-08-27T14:18,0,404.0,69.34763028111477,dry,0,0.396
4009784892,ZW,Masvingo,-21.226137,32.240145,2005,12,31,2005-12-31T07:05,1,344.0,367.00850481264007,wet,1,0.498
4009770737,ZM,Lusaka,-15.766317,29.412792,2022,8,27,2022-08-27T10:18,0,376.0,61.8487634252423,dry,0,0.3762
4009763013,ZM,Lusaka,-15.767637,29.09472,2022,8,27,2022-08-27T15:58,0,646.0,40.06576158358655,dry,0,0.4946
4009743731,ZM,Lusaka,-15.698992,29.581745,2022,8,27,2022-08-27T12:32,0,384.0,80.94767751873631,dry,0,0.4511
4009733922,ZM,Lusaka,-15.704507,29.423126,2022,8,27,2022-08-27T14:21,0,356.0,67.03648304710617,dry,0,0.4333
4009731669,ZM,Lusaka,-15.724876,29.381118,2022,8,27,2022-08-27T07:45,0,359.0,62.17069090067941,dry,0,0.4691
4009713974,ZM,Lusaka,-15.794349,29.446349,2022,8,27,2022-08-27T14:25,0,399.0,63.01787031228726,dry,0,0.396
4009711730,ZM,Lusaka,-15.638506,29.420011,2022,8,27,2022-08-27T11:11,0,421.0,71.83638758297766,dry,0,0.4828
4009705763,ZM,Lusaka,-15.671041,29.50213,2022,8,27,2022-08-27T08:59,0,357.0,75.9073140604187,dry,0,0.4323
4009696674,ZM,Lusaka,-15.971167,29.003569,2022,8,27,2022-08-27T06:39,0,403.0,15.427112723334664,dry,0,0.3387
4009657932,ZM,Lusaka,-15.695441,29.235966,2022,8,27,2022-08-27T15:06,0,730.0,54.39560121478435,dry,0,0.6257
4006713823,ZW,Mashonaland West,-16.108376,28.98713,2022,10,21,2022-10-21T16:06,0,464.0,4.074529698277762,dry,0,0.3177
4006708757,ZW,Mashonaland West,-16.074856,28.882412,2022,10,20,2022-10-20T16:06,0,392.0,7.743500765884584,dry,0,0.4052
4006664798,ZW,Mashonaland West,-15.914475,28.961437,2022,10,20,2022-10-20T09:43,0,396.0,20.665625331999923,dry,0,0.3004
4006611983,BW,Chobe,-17.917067,25.086133,2019,3,6,2019-03-06T09:00,0,1023.0,81.58289150272648,wet,1,0.298
4006572834,ZW,Mashonaland West,-15.875097,28.974392,2022,10,20,2022-10-20T09:46,0,427.0,25.143627664693568,dry,0,0.3792
3994265167,ZM,Lusaka,-15.937588,29.065729,2022,8,25,2022-08-25T11:43,0,423.0,21.889013781131254,dry,0,0.2919
3994262242,ZM,Lusaka,-15.867105,29.192834,2022,8,25,2022-08-25T12:05,0,381.0,36.66687436962041,dry,0,0.339
3994243642,BW,Central,-20.547213,24.525406,2022,11,27,2022-11-27T14:30,0,927.0,202.75640862505162,wet,1,0.2384
3994227190,ZM,Lusaka,-15.826209,29.192054,2022,8,25,2022-08-25T13:02,0,372.0,39.955982191064365,dry,0,0.4322
3994223275,ZM,Lusaka,-15.90951,29.06945,2022,8,25,2022-08-25T11:30,0,386.0,24.731824417645065,dry,0,0.2918
3994182216,ZM,Lusaka,-15.843177,29.105308,2022,8,25,2022-08-25T12:56,0,368.0,33.0330035007491,dry,0,0.3422
3994139233,ZW,Mashonaland West,-15.918682,29.181714,2022,8,25,2022-08-25T13:44,0,408.0,31.935145149384493,dry,0,0.3148
3994137719,ZM,Lusaka,-15.844911,28.923797,2022,8,25,2022-08-25T09:14,0,457.0,28.50258141066929,dry,0,0.4617
3994086834,ZW,Matabeleland North,-18.97348,26.604751,2016,6,12,2016-06-12T08:57,0,1049.0,46.47896603910349,dry,0,0.3793
3994060821,BW,Central,-22.084944,29.124943,2022,11,13,2022-11-13T05:20,4,597.0,215.8496875448348,wet,1,0.2329
3988861342,ZW,Matabeleland North,-17.988861,25.597847,2022,12,6,2022-12-06T08:56:26,0,1038.0,28.357731247107733,wet,1,0.358
3988853146,ZW,Mashonaland West,-15.915624,28.898998,2022,8,24,2022-08-24T17:38,0,407.0,21.21402614274096,dry,0,0.3004
3988784158,ZW,Mashonaland West,-15.890361,28.844174,2022,8,24,2022-08-24T17:11,0,427.0,25.91039157135059,dry,0,0.3269
3988710816,ZW,Matabeleland North,-17.802021,25.512363,2022,11,25,2022-11-25T16:30:22,0,1020.0,38.946150985211695,wet,1,0.3653
3988623737,ZW,Matabeleland North,-17.984654,25.755801,2022,11,23,2022-11-23T08:35,0,1036.0,12.652466649515402,wet,1,0.4012
3988615166,ZW,Mashonaland West,-15.972324,28.963805,2022,8,24,2022-08-24T17:22,0,383.0,14.273373269575664,dry,0,0.3317
3986326927,BW,Chobe,-17.961067,25.126409,2022,8,19,2022-08-19T17:23,0,1042.0,77.4161474653971,dry,0,0.2859
3986312760,BW,Chobe,-17.876953,25.01425,2022,8,19,2022-08-19T13:59,0,989.0,89.34946958522823,dry,0,0.2905
3986305874,BW,Chobe,-17.818789,25.056644,2022,8,19,2022-08-19T17:07,0,927.0,85.53078696514322,dry,0,0.3079
3986296724,BW,Chobe,-17.826854,25.001012,2022,8,19,2022-08-19T13:56,0,929.0,91.25333022864098,dry,0,0.3088
3986288731,BW,Chobe,-17.961158,25.0218,2022,8,19,2022-08-19T11:45,0,1031.0,88.46932680829794,dry,0,0.2725
3985969478,ZW,Matabeleland North,-17.839495,25.750655,2022,11,23,2022-11-23T10:24:46,0,904.0,14.698536410120354,wet,1,0.3853
3985932216,BW,Chobe,-17.896485,25.106871,2022,8,20,2022-08-20T14:51,0,1028.0,79.4496815784988,dry,0,0.298
3985928885,BW,Chobe,-17.861357,25.07574,2022,8,19,2022-08-19T17:21,0,975.0,82.98715292983768,dry,0,0.298
3985921821,BW,Chobe,-17.887745,25.075776,2022,8,19,2022-08-19T15:42,0,996.0,82.78138685889246,dry,0,0.298
3985916440,ZW,Masvingo,-21.343294,32.253994,2022,11,17,2022-11-17T11:36,1,204.0,380.0443522184371,wet,1,0.3754
3985915598,BW,Chobe,-17.913332,24.972455,1992,9,1,1992-09-01T09:00,0,1021.0,93.61497493985505,dry,0,0.2905
3985898213,BW,Chobe,-17.947275,25.162153,2022,8,20,2022-08-20T15:18,0,1043.0,73.57411157240337,dry,0,0.2937
3985865858,BW,Chobe,-17.836528,25.056514,2022,8,19,2022-08-19T14:45,0,926.0,85.2920740050473,dry,0,0.3079
3985856727,BW,Chobe,-17.981707,25.194524,2022,8,19,2022-08-19T14:08,0,1052.0,70.38840628959423,dry,0,0.2937
3985835849,BW,Zambezi,-17.893689,25.039187,2022,8,19,2022-08-19T14:41,0,1008.0,86.61841933825795,dry,0,0.298
3985821407,ZW,Manicaland,-21.336866,32.200823,2022,11,17,2022-11-17T08:58,1,214.0,378.2265155200782,wet,1,0.3963
3985820790,BW,Chobe,-17.870112,25.102528,2022,8,19,2022-08-19T14:28,0,989.0,80.08190851471022,dry,0,0.298
3985816560,BW,North-West,-18.406697,21.992619,2022,10,9,2022-10-09T17:10,0,993.0,171.92200716745117,dry,0,0.3183
3985803881,BW,Chobe,-17.973401,25.099499,2022,8,19,2022-08-19T17:29,0,1039.0,80.33778683392681,dry,0,0.2859
3966737831,BW,Chobe,-17.88778,25.005564,2022,9,15,2022-09-15T12:35:28,0,1006.0,90.2020140217996,dry,0,0.2905
3966552170,BW,North-West,-19.8965,23.397179,2016,5,25,2016-05-25T01:25,0,941.0,100.26750092776464,dry,0,0.2342
3966409852,ZW,Matabeleland North,-17.971673,25.604058,2022,8,16,2022-08-16T09:38,0,1044.0,27.291510214210582,dry,0,0.358
3966389253,ZW,Matabeleland North,-19.130172,27.118116,2022,11,14,2022-11-14T09:27:39,0,1018.0,102.67595024706672,wet,1,0.3445
3963593342,ZW,Masvingo,-21.443475,32.044913,2022,11,2,2022-11-02T08:23,1,215.0,387.12011254025305,wet,1,0.3707
3963317851,ZW,Masvingo,-20.196604,32.045336,2022,10,30,2022-10-30T17:25,1,605.0,250.88146554829413,dry,0,0.5362
3963257106,BW,Chobe,-18.764981,24.405311,2019,11,13,2019-11-13T11:57,0,930.0,98.76833773593872,wet,1,0.2926
3963239045,ZW,Masvingo,-20.61019,31.854807,2022,10,30,2022-10-30T09:06,1,500.0,292.6179439303242,dry,0,0.5327
3961476264,ZW,Matabeleland North,-17.847019,25.885096,2022,10,29,2022-10-29T18:21:14,0,920.0,9.086156320019931,dry,0,0.4185
3961475264,BW,North-West,-19.219244,23.135878,2022,8,1,2022-08-01T18:02,0,960.0,45.36462572203225,dry,0,0.2775
3961451064,ZW,Matabeleland North,-17.975289,25.932224,2022,10,26,2022-10-26T12:17:44,0,955.0,9.75344329862954,dry,0,0.3944
3961398167,ZW,Matabeleland North,-17.965787,25.849363,2022,10,29,2022-10-29T15:47:53,0,886.0,4.687046684243689,dry,0,0.3945
3961386763,ZM,Muchinga,-13.266669,31.519622,2022,7,29,2022-07-29T10:11,3,578.0,419.08679064985796,dry,0,0.6083
3961293358,BW,Chobe,-17.909274,24.976356,2022,8,7,2022-08-07T18:08,0,1023.0,93.21034394302697,dry,0,0.2905
3961260808,ZM,Eastern,-13.559661,31.535105,2022,7,29,2022-07-29T10:46,3,582.0,396.2191313101038,dry,0,0.4841
3961239786,ZM,Muchinga,-13.036919,31.719534,2022,7,27,2022-07-27T08:01,3,570.0,452.56923624050484,dry,0,0.6208
3961234808,ZM,Muchinga,-13.186962,31.820791,2022,7,27,2022-07-27T08:05,3,551.0,447.5290899788683,dry,0,0.5248
3961216264,BW,North-West,-19.061598,23.684253,2022,8,3,2022-08-03T16:15,0,944.0,20.543635869110272,dry,0,0.3129
3961215385,BW,North-West,-19.27516,24.016533,2009,9,4,2009-09-04T17:12,0,957.0,62.29326869299353,dry,0,0.3044
3961139768,ZM,Muchinga,-13.290438,31.411557,2022,7,29,2022-07-29T16:14,3,584.0,409.48652046796235,dry,0,0.593
3961136263,BW,Chobe,-18.491635,24.186272,2022,8,4,2022-08-04T19:02,0,932.0,91.74483073660885,dry,0,0.2815
3961129213,ZM,Southern,-17.803536,25.876934,2022,10,29,2022-10-29T16:00:45,0,996.0,13.5897892270112,dry,0,0.4211
3961114277,ZM,Southern,-17.917191,25.957239,2022,10,26,2022-10-26T08:20,0,970.0,10.613612862192861,dry,0,0.4148
3961026108,ZM,Southern,-17.988171,25.968847,1999,8,1,1999-08-01T12:00,0,880.0,13.780923091952273,dry,0,0.3912
3960998017,BW,North-West,-19.013683,23.621512,2022,6,6,2022-06-06T23:59,0,947.0,12.865150268767536,dry,0,0.2766
3960994776,ZM,Eastern,-13.400137,31.458245,2022,7,30,2022-07-30T11:50,3,519.0,403.5526967835706,dry,0,0.5832
3960981063,BW,North-West,-19.05375,23.761286,2022,6,6,2022-06-06T23:57,0,941.0,28.109100844795925,dry,0,0.3167
3947826529,BW,Chobe,-18.502266,24.483399,2017,6,12,2017-06-12T21:29,0,967.0,117.40785197267508,dry,0,0.3322
3947776639,BW,Central,-22.227108,28.863786,2022,10,15,2022-10-15T07:30:16,4,582.0,185.6126650738066,dry,0,0.2025
3947702773,BW,Chobe,-18.42258,24.489375,2017,6,14,2017-06-14T05:34:51,0,973.0,122.39159353260473,dry,0,0.333
3947692017,BW,North-West,-18.432555,23.942327,2022,6,4,2022-06-04T07:33,0,940.0,78.42983385188225,dry,0,0.3107
3947627855,ZM,Eastern,-13.139964,31.620062,2022,8,7,2022-08-07T17:28,3,619.0,436.85572469800155,dry,0,0.6545
3947624763,ZM,Muchinga,-13.007493,31.951249,2022,8,8,2022-08-08T17:31,3,535.0,471.7565218116325,dry,0,0.5612
3947619000,BW,Chobe,-18.730611,24.376055,2022,6,4,2022-06-04T05:01,0,928.0,96.92468200645905,dry,0,0.2926
3947594958,BW,Chobe,-18.463778,24.028285,2022,6,2,2022-06-02T23:00,0,941.0,81.54721767365588,dry,0,0.302
3947575279,BW,North-West,-19.585433,23.152325,2017,6,11,2017-06-11T02:20:49,0,951.0,74.6260705332368,dry,0,0.2504
3947548533,BW,North-West,-19.108285,23.158174,2022,8,31,2022-08-31T08:09,0,959.0,37.89081572946667,dry,0,0.2638
3947547255,BW,North-West,-19.448927,23.091692,2017,6,11,2017-06-11T01:40:52,0,957.0,65.80022251902281,dry,0,0.2772
3947519052,ZM,Eastern,-13.066778,31.66795,2022,8,8,2022-08-08T06:22,3,609.0,446.4075028894026,dry,0,0.6207
3947516107,BW,North-West,-19.084807,23.640158,2022,6,5,2022-06-05T00:36,0,945.0,17.491686973972378,dry,0,0.2783
3947495025,BW,Chobe,-18.447702,24.282611,2022,6,4,2022-06-04T03:38,0,965.0,102.7812337576984,dry,0,0.3232
3947479828,ZM,Muchinga,-13.069288,31.735273,2022,8,9,2022-08-09T06:57,3,540.0,450.9763339600876,dry,0,0.5761
3947458371,ZM,Central,-15.014397,25.857422,2022,10,8,2022-10-08T15:38,5,1102.0,230.1227624334502,dry,0,0.45
3947451536,BW,Chobe,-18.411983,24.511031,2017,6,12,2017-06-12T20:51:25,0,975.0,124.95442832289538,dry,0,0.3078
3947416552,BW,Chobe,-18.520287,24.554221,2017,6,13,2017-06-13T00:19:27,0,950.0,123.14777887097564,dry,0,0.282
3947408823,ZW,Mashonaland West,-16.505703,28.985064,2022,6,18,2022-06-18T13:41,0,549.0,45.26705971028532,dry,0,0.3919
3947369363,BW,North-West,-19.505106,23.183227,2017,6,11,2017-06-11T02:53:37,0,956.0,65.2711850100174,dry,0,0.2704
3947314298,BW,North-West,-19.472002,23.149256,2017,6,11,2017-06-11T01:45:37,0,955.0,64.11360463337223,dry,0,0.2704
3947296709,ZW,Mashonaland West,-16.097719,28.816883,2022,10,15,2022-10-15T14:43,0,396.0,14.22373367261857,dry,0,0.4575
3947292400,BW,North-West,-19.452666,23.004105,2017,6,12,2017-06-12T02:11:51,0,958.0,72.41771725243774,dry,0,0.2869
3947289794,ZM,Eastern,-13.170384,31.626383,2022,8,8,2022-08-08T19:51,3,590.0,434.7502358077655,dry,0,0.6507
3947222831,ZM,Eastern,-13.08264,31.710549,2022,8,9,2022-08-09T06:11,3,550.0,448.0945230612297,dry,0,0.5761
3947206572,ZM,Muchinga,-13.028987,31.714592,2022,8,7,2022-08-07T09:43,3,582.0,452.8872890886533,dry,0,0.6207
3947205434,BW,North-West,-19.969346,23.498181,2022,9,29,2022-09-29T18:10:36,0,949.0,107.786526019397,dry,0,0.2286
3947165409,ZM,Central,-15.033029,25.809205,2022,10,8,2022-10-08T15:16,5,1099.0,235.31415351282124,dry,0,0.4514
3947146447,ZM,Central,-15.177844,25.839856,2022,10,8,2022-10-08T15:37,5,1098.0,232.75632511988908,dry,0,0.5074
3947132108,ZM,Muchinga,-13.174434,31.789539,2022,8,8,2022-08-08T10:01,3,541.0,446.2363672267782,dry,0,0.5069
3925505616,ZM,Central,-15.006785,25.885148,2022,10,8,2022-10-08T14:29,5,1101.0,227.14468697428418,dry,0,0.45
3925501376,BW,North-West,-19.37662,23.569008,2015,8,10,2015-08-10T16:45,0,946.0,42.50065508954496,dry,0,0.2599
3925442284,BW,North-West,-19.085637,23.227642,2022,6,10,2022-06-10T10:19,0,958.0,30.169669545406347,dry,0,0.2638
3925337621,BW,North-West,-19.298387,23.317602,2022,6,11,2022-06-11T06:38,0,951.0,38.313694077849775,dry,0,0.2753
3925255290,BW,North-West,-19.118505,23.346708,2022,6,10,2022-06-10T10:11,0,954.0,20.81341273902239,dry,0,0.285
3925224308,BW,North-West,-19.153851,23.496404,2022,6,10,2022-06-10T06:09,0,951.0,17.11162394767092,dry,0,0.2917
3925068785,ZW,Matabeleland North,-17.989014,25.944158,2015,3,30,2015-03-30T06:18,0,904.0,11.678578094435547,wet,1,0.3912
3915561515,ZW,Midlands,-19.005117,29.081088,2017,6,29,2017-06-29T20:38:34,-1,1219.0,278.47334187499996,dry,0,0.3425
3915417049,ZM,Central,-15.0623,25.94393,2022,9,22,2022-09-22T10:01:22,5,1083.0,220.9099914698033,dry,0,0.4461
3912060180,ZW,Matabeleland North,-17.832982,25.996881,2022,9,16,2022-09-16T18:17:37,0,959.0,17.93338706287668,dry,0,0.4512
3903666616,BW,North-West,-19.309021,23.562219,2022,9,9,2022-09-09T10:38:25,0,950.0,34.9775470323013,dry,0,0.2684
3903506473,ZM,Lusaka,-15.69235,29.310241,2022,9,10,2022-09-10T11:02:48,0,378.0,59.48835305955101,dry,0,0.4691
3903482953,BW,Chobe,-17.987253,25.125186,2022,5,31,2022-05-31T09:03,0,1045.0,77.74753186858342,dry,0,0.2859
3903452057,ZM,Copperbelt,-13.107522,27.886226,1991,8,7,1991-08-07,-1,1245.0,210.79147139119954,dry,0,0.6613
3903404739,BW,Central,-20.718983,26.050405,2022,9,3,2022-09-03T08:35,0,903.0,199.85775671668284,dry,0,0.1762
3903281009,BW,Chobe,-17.83334,25.042883,2022,5,31,2022-05-31T02:27,0,933.0,86.7666170638816,dry,0,0.3079
3903175935,BW,Chobe,-17.979194,25.15615,2022,5,31,2022-05-31T23:29,0,1045.0,74.40889757541036,dry,0,0.2937
3903047082,BW,Ghanzi,-21.633668,23.291541,2022,9,1,2022-09-01T15:08:55,0,996.0,293.6559704795936,dry,0,0.1795
3903009391,BW,Chobe,-17.970461,25.13484,2022,5,31,2022-05-31T05:02,0,1044.0,76.58640110979145,dry,0,0.2859
3902992245,ZW,Mashonaland West,-16.058327,28.975501,2022,7,9,2022-07-09T00:52,0,433.0,5.375507639715392,dry,0,0.3532
3902859528,MZ,Sofala,-19.041585,34.455522,2015,12,10,2015-12-10T11:34,7,25.0,332.43685884763926,wet,1,0.7011
3902620593,BW,Central,-22.098456,29.154509,2022,7,21,2022-07-21T15:44:46,4,592.0,218.32348671184556,dry,0,0.2329
3902579488,BW,Chobe,-17.971731,25.017721,2019,3,28,2019-03-28T13:14,0,1031.0,88.95967114511915,wet,1,0.2725
3902543312,BW,Central,-20.3715,26.293771,2022,8,15,2022-08-15T17:38:57,0,903.0,161.41181843318762,dry,0,0.2217
3902538453,BW,Chobe,-17.919973,25.07211,2016,3,30,2016-03-30T16:36,0,1038.0,83.06327123807091,wet,1,0.298
3902476732,BW,Chobe,-17.9457,25.1747,2016,3,30,2016-03-30T16:35,0,1041.0,72.24190842285073,wet,1,0.2937
3902441896,ZW,Masvingo,-22.097857,31.567268,2022,8,18,2022-08-18T16:22,1,338.0,455.71505016477727,dry,0,0.3711
3902298832,BW,Chobe,-17.865609,25.195296,2016,3,30,2016-03-30T17:06,0,1010.0,70.3430368157028,wet,1,0.2987
3902297219,BW,Chobe,-17.864094,25.062504,2016,3,30,2016-03-30T17:05,0,951.0,84.35748928656444,wet,1,0.298
3902255182,ZW,Masvingo,-21.76608,31.851024,2014,8,26,2014-08-26T13:29,1,359.0,420.3737294351347,dry,0,0.4911
3902223777,BW,North-West,-19.775704,23.212497,2019,3,26,2019-03-26T10:15,0,946.0,91.37384169676507,wet,1,0.2445
3892700619,ZW,Matabeleland North,-18.660272,26.148206,2022,5,22,2022-05-22T17:48,0,974.0,29.4835193708799,dry,0,0.359
3892673663,BW,Chobe,-18.325772,24.047925,2022,7,13,2022-07-13T07:50,0,939.0,94.6175545465853,dry,0,0.2986
3892520833,BW,Chobe,-17.889024,24.741809,2022,7,14,2022-07-14T02:03,0,929.0,118.08283244762525,dry,0,0.3021
3892467947,ZM,Southern,-17.881407,25.953601,2022,7,16,2022-07-16T11:01,0,964.0,11.260255360297837,dry,0,0.4148
3892441660,BW,Chobe,-17.858503,24.871492,2022,7,13,2022-07-13T12:08,0,986.0,104.56140280440799,dry,0,0.2984
3892427662,BW,Chobe,-17.868479,24.936774,2022,7,13,2022-07-13T12:04,0,977.0,97.59201465490554,dry,0,0.2873
3892401647,BW,Chobe,-18.239982,24.135632,2022,7,13,2022-07-13T05:15,0,936.0,107.83378821362375,dry,0,0.2855
3892348686,BW,Chobe,-17.813865,24.999038,2022,7,13,2022-07-13T12:10,0,927.0,91.64637523233155,dry,0,0.3088
3892295238,BW,North-West,-19.384974,23.283283,2022,8,9,2022-08-09T14:38:43,0,953.0,48.48089732015636,dry,0,0.2509
3892291657,BW,Chobe,-18.391379,24.007373,2022,7,13,2022-07-13T04:47,0,941.0,86.23121184277383,dry,0,0.3082
3889147373,ZW,Matabeleland North,-18.779594,26.113563,2022,5,21,2022-05-21T15:58,0,1061.0,17.066746340033195,dry,0,0.4225
3889126374,BW,Chobe,-17.986884,25.194086,2022,7,11,2022-07-11T15:57,0,1049.0,70.48802691225647,dry,0,0.2937
3889096741,ZW,Matabeleland North,-18.687666,26.147622,2022,5,20,2022-05-20T13:38,0,998.0,26.448519116761556,dry,0,0.359
3889081759,BW,Chobe,-17.887408,25.144396,2022,7,11,2022-07-11T15:51,0,982.0,75.53249322609675,dry,0,0.2987
3888987756,BW,North-West,-19.416143,22.410127,2022,6,11,2022-06-11T18:20:01,0,963.0,123.44226670642615,dry,0,0.2818
3888945578,BW,Chobe,-17.9642,25.11151,2022,7,11,2022-07-11T15:52,0,1042.0,79.00820828138318,dry,0,0.2859
3888926638,BW,Chobe,-17.83294,25.008575,2022,7,11,2022-07-11T08:17,0,929.0,90.37858345008974,dry,0,0.3088
3888860009,ZW,Matabeleland North,-17.874395,25.836285,2019,6,22,2019-06-22T16:27,0,901.0,5.974205775605648,dry,0,0.4185
3888836189,ZW,Matabeleland North,-18.611509,26.154782,2022,5,21,2022-05-21T15:07,0,1004.0,34.866790905187656,dry,0,0.3704
3888735270,ZW,Mashonaland West,-15.669704,29.645904,2019,10,12,2019-10-12T17:57:31,0,352.0,88.47890596825,dry,0,0.4716
3881604645,BW,Chobe,-18.634376,24.14202,1992,9,2,1992-09-02T14:00,0,927.0,78.86103731885018,dry,0,0.2708
3881586748,BW,North-West,-19.878599,23.454887,2022,7,28,2022-07-28T10:32:48,0,940.0,97.81020248836441,dry,0,0.2472
3881448621,BW,Chobe,-18.681914,24.109643,1992,9,2,1992-09-02T13:50,0,927.0,73.26051937724027,dry,0,0.2708
3881357667,BW,North-West,-19.361019,22.973084,1992,9,4,1992-09-04T08:45,0,961.0,68.36497025655684,dry,0,0.2903
3874179920,BW,Chobe,-17.950108,25.090701,2021,6,19,2021-06-19T11:36:36,0,1037.0,81.13883096317419,dry,0,0.2859
3874117488,ZW,Matabeleland North,-17.857945,25.795059,2022,7,14,2022-07-14T13:00,0,894.0,9.88325277095848,dry,0,0.3677
3874099757,BW,North-West,-19.104176,23.283081,2022,7,1,2022-07-01T18:00,0,955.0,25.57305595708715,dry,0,0.2791
3874026873,BW,North-West,-19.108475,23.373561,2022,7,1,2022-07-01T18:00,0,953.0,17.946804152541823,dry,0,0.285
3874005076,BW,North-West,-19.147541,23.234811,2022,7,2,2022-07-02T17:11,0,958.0,32.33910209783939,dry,0,0.2866
3873915948,BW,North-West,-19.284379,23.348486,2022,5,7,2022-05-07T09:50,0,952.0,35.40111863404568,dry,0,0.2753
3873850324,BW,North-West,-19.084785,23.39528,2022,7,3,2022-07-03T12:58,0,951.0,14.49267310844408,dry,0,0.285
3873831554,ZM,Southern,-17.885551,25.897088,1992,8,29,1992-08-29T16:15,0,937.0,6.031393380623792,dry,0,0.4185
3873554467,BW,North-West,-19.07387,23.895708,2022,5,8,2022-05-08T09:34,0,940.0,42.39752860887175,dry,0,0.3388
3873532448,ZW,Matabeleland North,-18.658456,27.104801,2011,8,10,2011-08-10T14:11,0,1070.0,103.1909388863432,dry,0,0.5005
3873528969,BW,North-West,-19.098687,23.944052,2022,5,8,2022-05-08T08:50,0,942.0,47.9450340124757,dry,0,0.3247
3873398624,ZM,Southern,-17.829334,25.988089,1992,8,29,1992-08-29T15:50,0,961.0,17.417576304571018,dry,0,0.4512
3873363313,BW,Chobe,-17.957702,25.187187,2021,6,19,2021-06-19T11:31:21,0,1043.0,70.97653136524622,dry,0,0.2937
3873281826,BW,Chobe,-18.414091,24.720158,1992,9,2,1992-09-02T16:55,0,975.0,131.89780044923646,dry,0,0.2649
3873194034,ZW,Matabeleland North,-18.73436,27.011024,2011,8,9,2011-08-09T16:47,0,1080.0,91.44300661642305,dry,0,0.4317
3873165054,ZM,Central,-15.193684,25.954855,2017,10,28,2017-10-28T05:44,5,1084.0,220.61397318341943,dry,0,0.4801
3873117663,ZM,Southern,-17.898263,25.88833,1992,8,29,1992-08-29T16:25,0,937.0,4.385288476344606,dry,0,0.4185
3872906117,ZM,Southern,-17.857378,25.807852,2022,7,1,2022-07-01T17:24,0,903.0,9.090792549897742,dry,0,0.3677
3860724438,ZW,Matabeleland North,-19.171899,26.443279,1990,11,29,1990-11-29,0,1019.0,40.06133367046455,wet,1,0.353
3860663040,BW,Central,-19.654662,26.080208,2022,6,28,2022-06-28T16:30:42,0,948.0,81.64153627327607,dry,0,0.2658
3860480717,ZW,Mashonaland West,-16.390062,29.16828,2022,5,23,2022-05-23T14:17,0,924.0,39.790591759910825,dry,0,0.3072
3860228616,BW,Central,-20.525703,24.496031,2004,7,13,2004-07-13T17:19,0,926.0,199.10873476276126,dry,0,0.2384
3859765579,ZM,Eastern,-12.816384,32.180254,2022,5,19,2022-05-19T14:39,3,590.0,504.22754539648645,dry,0,0.5334
3859714092,MZ,Sofala,-18.832092,34.242316,2022,6,25,2022-06-25T16:51:50,7,80.0,303.7442603124243,dry,0,0.8435
3859687398,BW,North-West,-18.762316,23.896889,2005,9,19,2005-09-19T11:17,0,943.0,49.418418504353845,dry,0,0.3039
3859660645,BW,Chobe,-17.827858,25.10154,2004,7,23,2004-07-23T20:54,0,928.0,80.68479197440807,dry,0,0.3434
3859616507,BW,North-West,-19.46274,23.788444,2022,5,5,2022-05-05T09:38,0,945.0,59.70463709359716,dry,0,0.2915
3859487205,BW,Chobe,-17.949879,25.148685,2022,5,17,2022-05-17T11:14,0,1039.0,75.00793101609138,dry,0,0.2937
3859289220,BW,Chobe,-17.937339,25.07455,2014,7,16,2014-07-16T11:25,0,1033.0,82.81236150990969,dry,0,0.2859
3859246570,ZM,Eastern,-12.897916,32.058127,2022,5,21,2022-05-21T04:48,3,562.0,488.5659608517216,dry,0,0.5609
3858838615,BW,North-West,-19.52726,23.464983,2022,5,5,2022-05-05T15:09,0,947.0,58.74374658761021,dry,0,0.2383
3858740718,BW,Central,-22.105244,29.13661,2022,6,2,2022-06-02T09:54:48,4,592.0,216.34043668512996,dry,0,0.2329
3802600422,BW,Chobe,-17.871329,24.852413,2022,5,16,2022-05-16T17:34:08,0,990.0,106.48320047352611,dry,0,0.2782
3802593553,BW,Ghanzi,-21.03955,23.540968,2019,7,18,2019-07-18T21:44:45,0,985.0,226.82799296311038,dry,0,0.2073
3784959617,MZ,Sofala,-18.803621,34.326423,2019,8,14,2019-08-14T09:41,7,49.0,311.3075620363868,dry,0,0.7869
3784652099,ZM,Eastern,-12.482084,32.221402,2015,6,14,2015-06-14,3,567.0,534.8362010257861,dry,0,0.4846
3773693722,BW,North-West,-19.194049,23.683758,2019,7,27,2019-07-27T17:19,0,943.0,28.95503377401291,dry,0,0.2737
3773485837,BW,North-West,-19.140909,23.741022,2019,7,26,2019-07-26T16:11,0,943.0,29.783942831506366,dry,0,0.3152
3773428445,BW,North-West,-19.012882,23.669318,2019,7,26,2019-07-26T13:48,0,946.0,17.858413617123144,dry,0,0.2987
3773250382,BW,North-West,-19.029507,23.724524,2019,7,26,2019-07-26T17:04,0,945.0,23.83060342222159,dry,0,0.2987
3773116425,BW,North-West,-19.128306,23.809785,2019,7,28,2019-07-28T14:18,0,938.0,35.54602795686038,dry,0,0.3382
3773052572,BW,North-West,-19.115213,23.656935,2019,7,27,2019-07-27T09:08,0,945.0,20.88477983353207,dry,0,0.2783
3772982367,BW,Central,-20.319736,24.777305,2019,8,1,2019-08-01T15:42,0,919.0,198.55214540836963,dry,0,0.2525
3772738486,ZW,Matabeleland North,-17.829158,25.859964,2019,7,23,2019-07-23T15:56,0,982.0,10.583350613585814,dry,0,0.4211
3764533738,BW,North-West,-19.395328,22.965315,1992,9,4,1992-09-04T08:30,0,958.0,71.30865790417937,dry,0,0.2961
3764506597,ZW,Matabeleland North,-17.99797,25.936726,1992,8,29,1992-08-29T16:30,0,883.0,11.741598086452973,dry,0,0.3885
3764449579,BW,Chobe,-18.546908,24.716285,1992,9,2,1992-09-02T14:00,0,985.0,137.60375392880513,dry,0,0.2655
3764100632,BW,Chobe,-18.485042,24.701574,1992,9,2,1992-09-02T17:30,0,983.0,137.06967161938863,dry,0,0.2655
3760271981,BW,Chobe,-17.911195,25.061818,2020,1,3,2020-01-03T09:14,0,1008.0,84.16546135188476,wet,1,0.298
3760248085,BW,Chobe,-17.972868,25.162983,2020,1,3,2020-01-03T09:10,0,1048.0,73.63493374959282,wet,1,0.2937
3760193978,BW,Chobe,-17.960671,25.02397,2020,1,3,2020-01-03T09:09,0,1030.0,88.23763945375181,wet,1,0.2725
3760180709,ZW,Matabeleland North,-19.191181,26.522921,1992,8,28,1992-08-28T14:15,0,1019.0,47.80644177301131,dry,0,0.3502
3760024829,BW,Chobe,-17.992033,25.32563,2019,12,31,2019-12-31T19:52,0,1057.0,56.73040926703803,wet,1,0.3075
3759975475,ZW,Mashonaland West,-16.885787,28.33239,2019,5,19,2019-05-19T16:42,0,592.0,109.40998507365543,dry,0,0.4876
3759909667,BW,North-West,-19.507465,23.997617,2017,6,2,2017-06-02T10:46,0,950.0,76.89478233784577,dry,0,0.288
3759737785,BW,Ghanzi,-21.461405,23.945888,2019,10,23,2019-10-23T07:59,0,964.0,277.62054458742995,dry,0,0.2481
3759708014,BW,Chobe,-17.964605,25.293789,2020,1,2,2020-01-02T21:57,0,1055.0,59.769192350032995,wet,1,0.3015
3759691871,BW,Chobe,-17.950499,25.088571,2019,12,31,2019-12-31T13:37,0,1037.0,81.36547840128446,wet,1,0.2859
3759688992,BW,Chobe,-17.878441,25.088017,2020,1,3,2020-01-03T10:21,0,997.0,81.54805180355967,wet,1,0.298
3759661886,ZW,Matabeleland North,-19.125631,26.538147,2019,12,17,2019-12-17T18:07Z,0,1030.0,45.058237809542966,wet,1,0.3615
3759632006,BW,Chobe,-17.819196,25.199306,2020,1,3,2020-01-03T10:21,0,996.0,70.59848713771818,wet,1,0.3331
3759631064,BW,Chobe,-17.986697,25.015239,2020,1,3,2020-01-03T14:13,0,1033.0,89.3318236300908,wet,1,0.2725
3759600029,ZW,Matabeleland North,-18.136718,27.305079,2007,4,20,2007-04-20T08:26,0,840.0,148.68792926926236,wet,1,0.5941
3759520022,BW,North-West,-19.104932,23.765715,2019,6,6,2019-06-06T16:41,0,944.0,30.26700692667961,dry,0,0.3129
3759409434,MZ,Manica,-19.708511,33.381883,2022,3,1,2022-03-01,6,380.0,274.41268642823803,wet,1,1.0838
3759319778,ZW,Masvingo,-21.575103,32.158976,2022,4,9,2022-04-09T15:03Z,1,387.0,403.4655474400236,wet,1,0.3907
3759311008,BW,Chobe,-17.915415,25.165175,2020,1,3,2020-01-03T14:19,0,1026.0,73.22329633519864,wet,1,0.2987
3759304018,BW,Chobe,-17.820125,25.123982,2020,1,3,2020-01-03T09:55,0,927.0,78.45555162655899,wet,1,0.3434
3759297850,BW,Chobe,-17.808277,25.182867,2019,12,31,2019-12-31T13:39,0,974.0,72.52305606664771,wet,1,0.3434
3759253070,ZW,Matabeleland North,-17.876098,25.994107,2018,10,11,2018-10-11T07:46:49,0,946.0,15.446193733059719,dry,0,0.4148
3759226024,BW,Chobe,-17.982413,25.10145,2020,1,3,2020-01-03T10:11,0,1042.0,80.20435927906532,wet,1,0.2859
3747416315,MZ,Manica,-19.704082,33.243074,2022,3,24,2022-03-24T09:39Z,6,818.0,263.7144247022527,wet,1,1.2671
3747238724,BW,North-West,-19.313207,23.356508,2019,6,5,2019-06-05T09:58,0,952.0,37.94848789958449,dry,0,0.2753
3698358662,BW,Chobe,-17.941368,25.119273,2004,7,22,2004-07-22T12:50,0,1036.0,78.09042763947575,dry,0,0.2859
3698316763,BW,Chobe,-18.583873,24.108046,2005,5,13,2005-05-13T09:30Z,0,931.0,78.9807900665707,dry,0,0.2737
3698278764,BW,Chobe,-18.457962,24.191816,2005,5,12,2005-05-12T08:59Z,0,934.0,94.55263949120311,dry,0,0.2982
3499582552,BW,Chobe,-18.294549,23.95318,2019,6,3,2019-06-03T11:28,0,944.0,91.83071243005946,dry,0,0.3156
3499504652,BW,Chobe,-18.236632,23.819792,2019,6,4,2019-06-04T08:40,0,945.0,91.32697830670364,dry,0,0.3183
3466525470,BW,Central,-22.348716,28.811911,2022,1,30,2022-01-30T10:15:51,4,685.0,177.3428658889767,wet,1,0.2139
3465940955,ZW,Matabeleland North,-19.038597,27.145888,2019,5,28,2019-05-28T15:52,0,1031.0,103.82710913288663,dry,0,0.3419
3457069204,ZW,Mashonaland West,-16.083983,29.067508,2014,3,4,2014-03-04T13:28,0,473.0,12.680029862300831,wet,1,0.3447
3456998301,BW,North-West,-19.188336,22.853019,2011,3,11,2011-03-11T17:14,0,964.0,71.13537086225344,wet,1,0.3069
3456870429,BW,Chobe,-17.906281,25.163553,2018,6,11,2018-06-11T15:29,0,1022.0,73.41747569312172,dry,0,0.2987
3456644903,ZW,Mashonaland West,-15.660847,29.234464,2021,11,17,2021-11-17T06:30,0,977.0,57.53366644515492,wet,1,0.6574
3456636779,ZW,Mashonaland West,-15.752944,29.3434,2021,11,17,2021-11-17T06:30,0,360.0,57.0850930671309,wet,1,0.4691
3456458915,BW,Chobe,-17.954566,25.025511,2011,10,22,2011-10-22T07:13,0,1029.0,88.04775067019482,dry,0,0.2725
3456192153,ZW,Masvingo,-21.006285,31.954277,2021,12,29,2021-12-29T08:00,1,412.0,337.65666506027907,wet,1,0.4112
3456108967,ZW,Matabeleland North,-19.177185,27.039133,2019,5,28,2019-05-28T17:35,0,1011.0,95.98211422802193,dry,0,0.3327
3455941499,BW,Ghanzi,-21.608827,23.36698,2021,10,26,2021-10-26T14:22,0,990.0,290.4197385298513,dry,0,0.1926
3455844239,ZW,Mashonaland West,-16.055154,28.993275,2014,3,6,2014-03-06T08:33,0,444.0,6.800422563752366,wet,1,0.3532
3455802351,BW,Chobe,-18.34584,23.874079,2019,6,1,2019-06-01T17:45,0,946.0,82.72740883515723,dry,0,0.3152
3455559871,BW,Central,-19.781236,26.051577,2018,6,13,2018-06-13T13:42,0,934.0,95.97128118876539,dry,0,0.2451
3455554067,BW,Chobe,-18.754059,24.17971,2009,3,19,2009-03-19T17:58,0,921.0,76.56559772854494,wet,1,0.267
3455526732,ZW,Mashonaland West,-16.758024,28.569605,2021,12,21,2021-12-21T11:51,0,491.0,83.66406331477755,wet,1,0.4934
3455347763,BW,Chobe,-18.755417,24.664043,2008,3,12,2008-03-12T06:25Z,0,961.0,125.45643520344133,wet,1,0.2822
3416177784,BW,Chobe,-17.989072,25.131024,2002,8,15,2002-08-15T13:50,0,1045.0,77.15074793377876,dry,0,0.2859
3416132514,ZW,Matabeleland North,-17.840555,25.986114,2019,4,5,2019-04-05T04:47,0,950.0,16.51724653767665,wet,1,0.4512
3416129238,MZ,Sofala,-18.952889,34.311073,2021,11,12,2021-11-12T18:00,7,32.0,314.8233862887678,wet,1,0.7036
3416037654,BW,Chobe,-17.910224,25.007416,2019,4,6,2019-04-06T01:31,0,1021.0,89.92253433684348,wet,1,0.2905
3416025566,BW,Chobe,-18.515801,24.14308,2019,7,24,2019-07-24T10:03Z,0,932.0,86.50600161871382,dry,0,0.2815
3415992892,BW,Chobe,-17.839551,25.02587,2019,7,20,2019-07-20,0,932.0,88.47724138521409,dry,0,0.3079
3415850961,ZW,Masvingo,-21.10918,31.96486,2006,2,16,2006-02-16T16:50,1,357.0,349.138285697748,wet,1,0.3301
3415627716,MZ,Sofala,-18.92597,34.357182,2017,6,15,2017-06-15T15:51:11,7,26.0,318.44868450274276,dry,0,0.7037
3415595223,BW,Chobe,-17.868585,25.006314,2002,8,15,2002-08-15T16:43,0,990.0,90.24896157474113,dry,0,0.2905
3415585577,ZM,Southern,-17.816834,25.991209,2019,4,7,2019-04-07T03:12,0,975.0,18.545314394972852,wet,1,0.4512
3415541619,BW,Chobe,-17.997315,25.178374,2019,4,5,2019-04-05T21:38,0,1050.0,72.26109516434585,wet,1,0.2937
3415536817,BW,Chobe,-17.971128,25.180373,2019,4,5,2019-04-05T22:21,0,1047.0,71.78650171630728,wet,1,0.2937
3408236067,ZW,Mashonaland West,-16.190006,28.929402,2021,10,30,2021-10-30T08:02,0,444.0,10.247172877802443,dry,0,0.2818
3408003242,ZW,Mashonaland West,-16.003924,28.979355,2021,10,30,2021-10-30T17:53,0,423.0,11.134176900192855,dry,0,0.3318
3407896881,ZM,Eastern,-13.088462,31.687933,2021,9,14,2021-09-14T03:52,3,560.0,445.99660895715704,dry,0,0.5761
3399486086,ZW,Masvingo,-20.786691,32.018368,2021,10,25,2021-10-25T12:04Z,1,455.0,314.59833913422233,dry,0,0.4445
3399483857,BW,North-West,-19.596106,23.622342,2021,10,22,2021-10-22T09:29:10,0,944.0,67.51601999803262,dry,0,0.2499
3399425533,ZM,Lusaka,-15.813511,28.967453,2021,7,5,2021-07-05T17:32,0,462.0,31.91072238496837,dry,0,0.3806
3399411209,ZM,Muchinga,-12.844767,31.772751,2021,10,24,2021-10-24T06:56,3,577.0,472.4477801493384,dry,0,0.5993
3399392021,ZW,Masvingo,-21.330493,31.886172,2021,10,22,2021-10-22T06:04,1,381.0,372.5340754552015,dry,0,0.3742
3399236407,ZM,Lusaka,-15.760355,29.356278,2021,7,4,2021-07-04T11:37,0,392.0,57.562638834466334,dry,0,0.3762
3399187418,BW,Chobe,-18.50754,24.536208,2003,7,3,2003-07-03,0,967.0,122.07405861021559,dry,0,0.3322
3399169238,BW,North-West,-18.818412,23.574768,2021,9,29,2021-09-29T16:09,0,948.0,21.669422359098988,dry,0,0.2866
3399138049,BW,North-West,-19.012234,23.286307,2021,9,28,2021-09-28T16:39,0,956.0,22.507333518766636,dry,0,0.2726
3398997968,BW,North-West,-19.07321,23.43297,2021,9,26,2021-09-26T11:21,0,952.0,10.76624138571968,dry,0,0.2826
3398884164,ZM,Muchinga,-12.913414,31.65464,2021,10,23,2021-10-23T07:07,3,626.0,457.542067803933,dry,0,0.6487
3398850671,ZW,Masvingo,-20.005856,32.070157,2021,10,17,2021-10-17T11:04:29,1,707.0,230.9545647097537,dry,0,0.4315
3398831838,BW,North-West,-19.306555,23.428847,2021,10,22,2021-10-22T09:21,0,951.0,34.897090868406195,dry,0,0.2687
3398823025,BW,Central,-20.41985,25.179746,2019,7,21,2019-07-21T14:06,0,918.0,195.68157128500513,dry,0,0.2201
3398771154,BW,Zambezi,-17.867848,24.894956,2016,7,25,2016-07-25T18:07,0,990.0,102.01285955957293,dry,0,0.2873
3398750246,BW,North-West,-18.940216,23.514968,2021,9,30,2021-09-30T16:24,0,952.0,6.831471356590957,dry,0,0.2918
3391719218,BW,North-West,-19.168731,23.896058,2016,7,22,2016-07-22T17:28,0,939.0,45.65264790765131,dry,0,0.3341
3391714246,BW,Chobe,-17.889299,25.090871,2016,7,23,2016-07-23T14:14,0,1004.0,81.17734710677165,dry,0,0.298
3391707112,ZW,Masvingo,-21.450807,32.125211,2015,1,12,2015-01-12T12:44,1,380.0,389.2502924369102,wet,1,0.3397
3391703161,BW,North-West,-19.121512,23.992662,2016,7,22,2016-07-22T17:09,0,923.0,53.51185975391794,dry,0,0.3247
3391682194,BW,North-West,-19.090993,23.786224,2016,7,20,2016-07-20T18:03,0,940.0,31.740309567694958,dry,0,0.321
3391668179,BW,North-West,-19.081025,23.970628,2016,7,22,2016-07-22T16:57,0,928.0,50.282029907737915,dry,0,0.3247
3391662151,BW,North-West,-19.184731,23.600738,2016,7,20,2016-07-20T18:10,0,946.0,23.108203844975755,dry,0,0.2652
3391660171,BW,North-West,-19.055196,23.992214,2016,7,22,2016-07-22T17:05,0,927.0,52.10397283419075,dry,0,0.3247
3391640110,BW,North-West,-19.069838,23.876698,2016,7,22,2016-07-22T12:41,0,940.0,40.3508280903755,dry,0,0.3388
3391635139,BW,North-West,-19.065222,23.793424,2016,7,20,2016-07-20T18:06,0,943.0,31.684787948300155,dry,0,0.321
3391585232,BW,Chobe,-17.815631,24.867712,2016,7,24,2016-07-24T11:29,0,929.0,105.41259113269977,dry,0,0.2983
3391585211,BW,North-West,-19.095952,23.899293,2016,7,23,2016-07-23T08:33,0,936.0,43.303258883039206,dry,0,0.3388
3391545211,BW,North-West,-19.104479,23.838758,2016,7,20,2016-07-20T17:36,0,937.0,37.452171142007614,dry,0,0.321
3391514075,ZW,Masvingo,-21.214203,31.805569,2015,1,12,2015-01-12T18:43,1,336.0,358.83291988565765,wet,1,0.3552
3391479251,BW,North-West,-19.024499,23.909141,2016,7,21,2016-07-21T14:34,0,938.0,43.09880570800016,dry,0,0.3195
3391424861,BW,Chobe,-17.928266,25.062865,2021,9,22,2021-09-22T17:13,0,1028.0,84.03917949458054,dry,0,0.298
3391416217,BW,Chobe,-17.936271,25.171796,2016,7,24,2016-07-24T09:35,0,1040.0,72.52407372510184,dry,0,0.2937
3391393177,BW,North-West,-19.163616,23.814409,2016,7,21,2016-07-21T16:25,0,940.0,37.71756911703861,dry,0,0.3382
3391373208,BW,North-West,-19.004845,23.855149,2016,7,21,2016-07-21T09:50,0,940.0,37.34259016466258,dry,0,0.3195
3391309178,BW,North-West,-19.062257,23.982186,2016,7,21,2016-07-21T11:47,0,929.0,51.156577719150754,dry,0,0.3247
3384815214,ZW,Mashonaland Central,-16.526744,30.830504,2012,1,14,2012-01-14T12:55,0,1085.0,178.5779408535621,wet,1,0.4864
3384797120,BW,Chobe,-17.841064,25.17206,2016,2,10,2016-02-10T14:09,0,1001.0,73.09174399341002,wet,1,0.3434
3384263450,ZW,Matabeleland North,-18.706214,26.907586,2012,12,16,2012-12-16T01:53,0,1087.0,81.77412635043768,wet,1,0.4203
3384254492,ZW,Matabeleland North,-18.643897,27.036248,2012,12,15,2012-12-15T18:18,0,1040.0,96.81471540258934,wet,1,0.458
3384197641,ZW,Mashonaland West,-15.67879,29.234493,2011,1,13,2011-01-13T14:20,0,763.0,55.85119046264513,wet,1,0.6284
3384116737,ZW,Mashonaland West,-15.687102,29.210365,2011,1,13,2011-01-13T14:15,0,1089.0,53.69580833532174,wet,1,0.6029
3383832296,BW,Chobe,-17.934443,24.697147,2018,6,5,2018-06-05T09:43Z,0,929.0,122.73271648647912,dry,0,0.304
3355487034,BW,Chobe,-17.80006,25.199263,2015,8,16,2015-08-16T15:13,0,957.0,70.98989334605187,dry,0,0.3331
3355475014,BW,North-West,-18.951207,22.582178,2015,8,14,2015-08-14T11:30,0,976.0,96.66333979327476,dry,0,0.2992
3355113849,BW,Chobe,-18.549431,24.28871,2008,11,23,2008-11-23T18:37,0,937.0,96.97791384996452,wet,1,0.3194
3355032865,BW,Chobe,-18.560062,24.600528,2018,12,22,2018-12-22T15:57,0,969.0,125.76183976298216,wet,1,0.282
3355001848,MZ,Sofala,-18.999869,34.33488,2021,8,16,2021-08-16T17:07,7,36.0,318.93289500326483,dry,0,0.7257
3354999900,BW,North-West,-19.627888,22.833471,2018,12,28,2018-12-28T12:33,0,957.0,98.82595164701169,wet,1,0.3306
3354994047,BW,Chobe,-17.814021,25.123038,2015,8,17,2015-08-17T06:53,0,924.0,78.65862871104824,dry,0,0.3434
3344143039,BW,North-West,-19.069156,23.662821,2015,12,13,2015-12-13T06:23,0,944.0,18.76309457544495,wet,1,0.2783
3344139086,BW,North-West,-19.151964,23.660205,2015,12,13,2015-12-13T06:18,0,945.0,23.853131023916234,wet,1,0.2882
3344102107,BW,North-West,-19.176025,23.764415,2015,12,13,2015-12-13T05:10,0,938.0,33.9869469398533,wet,1,0.3152
3344072654,BW,North-West,-18.509357,21.947741,2006,6,25,2006-06-25T13:20,0,993.0,172.30295066521532,dry,0,0.3063
3344062553,BW,North-West,-18.426924,21.994839,2006,6,28,2006-06-28T15:24,0,993.0,170.84584655999475,dry,0,0.3303
3344036131,BW,North-West,-19.001973,23.738938,2015,12,13,2015-12-13T06:39,0,945.0,25.122000217872447,wet,1,0.2987
3344014700,BW,North-West,-19.180156,23.611517,2015,12,13,2015-12-13T06:48,0,946.0,23.208061586491247,wet,1,0.2856
3343996136,BW,North-West,-18.73517,23.403692,2015,12,15,2015-12-15T03:54,0,952.0,31.142555302959362,wet,1,0.2902
3343936047,BW,North-West,-19.11949,23.716471,2015,12,13,2015-12-13T06:40,0,943.0,26.34651788453143,wet,1,0.3129
3343853948,BW,North-West,-19.16375,23.697165,2015,12,13,2015-12-13T07:34,0,941.0,27.582923533828122,wet,1,0.2882
3343848890,BW,North-West,-19.038332,23.781778,2015,12,13,2015-12-13T08:12,0,940.0,29.926923249875916,wet,1,0.3167
3343846387,ZW,Masvingo,-21.219375,32.387133,2015,1,4,2015-01-04T13:50,1,202.0,369.83775321583227,wet,1,0.4544
3343796035,BW,North-West,-19.146709,23.780673,2015,12,13,2015-12-13T08:08,0,940.0,33.70667041242396,wet,1,0.3152
3343711881,BW,North-West,-18.538,23.539028,2019,3,2,2019-03-02T10:06,0,944.0,51.5361179346669,wet,1,0.3015
3338153527,ZW,Matabeleland North,-17.972581,25.814513,2014,7,26,2014-07-26T02:55Z,0,913.0,7.015152753138922,dry,0,0.3629
3338135506,ZW,Matabeleland North,-17.919863,25.951729,2014,7,26,2014-07-26T02:12Z,0,966.0,10.013263089494663,dry,0,0.4148
3338081990,BW,Chobe,-18.346701,23.886635,2018,7,12,2018-07-12T05:04:35,0,946.0,83.2819770690112,dry,0,0.3152
3338035347,BW,North-West,-19.289324,22.496584,2018,7,14,2018-07-14T03:11:15,0,967.0,110.20403647339859,dry,0,0.275
3337888985,BW,Central,-19.669906,25.946406,2019,8,15,2019-08-15T00:37:32,0,959.0,85.98108277925589,dry,0,0.2831
3337765982,BW,Chobe,-17.842283,25.078257,2019,8,15,2019-08-15T06:47:09,0,955.0,82.93254303360231,dry,0,0.3079
3337724972,BW,Chobe,-17.886752,25.072278,2019,8,15,2019-08-15T08:11:59,0,998.0,83.15676386501518,dry,0,0.298
3337541040,BW,Chobe,-17.947442,25.004086,2019,8,15,2019-08-15T07:28:02,0,1028.0,90.28842536555436,dry,0,0.2725
3337482852,BW,Chobe,-17.975324,25.238224,2014,8,5,2014-08-05T05:31Z,0,1051.0,65.72228118227707,dry,0,0.3015
3337463021,BW,Chobe,-17.872106,25.020444,2019,8,15,2019-08-15T08:11:32,0,988.0,88.7300472772557,dry,0,0.2905
3337437065,BW,Chobe,-17.829553,25.096104,2019,8,15,2019-08-15T07:52:26,0,927.0,81.22995664463289,dry,0,0.3079
3337413965,ZW,Matabeleland North,-17.987497,25.972425,2014,7,29,2014-07-29T06:25Z,0,893.0,14.06905348786735,dry,0,0.3912
3337413024,BW,Chobe,-17.940383,25.153124,2019,8,15,2019-08-15T08:10:47,0,1036.0,74.5078464948209,dry,0,0.2937
3335499598,BW,North-West,-19.420594,22.824544,2013,9,16,2013-09-16T17:01,0,962.0,84.95628887355724,dry,0,0.3094
3335498553,BW,Chobe,-18.616874,24.256938,2013,9,18,2013-09-18T16:57,0,936.0,90.34760345320284,dry,0,0.2868
3335472550,BW,North-West,-20.158618,22.844647,2013,9,13,2013-09-13T07:35,0,941.0,145.98473367263426,dry,0,0.2292
3335464592,BW,North-West,-20.124669,22.811134,2013,9,13,2013-09-13T10:05,0,943.0,144.3906260782632,dry,0,0.2292
3335246540,ZM,Southern,-17.925882,25.324182,2013,9,19,2013-09-19T17:01,0,1057.0,56.392223333796935,dry,0,0.3281
3328038951,BW,Central,-20.469136,24.812562,2021,7,10,2021-07-10T09:06:31,0,916.0,213.44289373091448,dry,0,0.2243
3327923980,BW,Central,-20.480028,24.677474,2021,7,9,2021-07-09T10:06:37,0,919.0,205.59538934576665,dry,0,0.2646
3327901668,ZM,Southern,-17.952708,25.888829,2005,7,13,2005-07-13T04:47,0,904.0,4.601521190121515,dry,0,0.3945
3327878498,BW,Chobe,-17.870432,24.903674,2005,7,11,2005-07-11T08:49,0,989.0,101.07396578730226,dry,0,0.2873
3327870516,BW,Chobe,-17.896763,24.869928,2005,7,11,2005-07-11T05:25,0,1010.0,104.5042290780592,dry,0,0.2874
3327856545,BW,Chobe,-17.82612,24.971473,2005,7,11,2005-07-11T08:41,0,930.0,94.36755957369715,dry,0,0.3088
3327814532,BW,Chobe,-17.954331,24.937526,2005,7,11,2005-07-11T08:38,0,1028.0,97.34857623204384,dry,0,0.2708
3327787266,BW,Chobe,-17.915636,24.943341,2005,7,11,2005-07-11T04:33,0,1022.0,96.69148972210068,dry,0,0.2874
3327725957,ZW,Matabeleland North,-17.858387,25.761554,2021,6,23,2021-06-23T17:21,0,908.0,12.49609301858818,dry,0,0.3677
3325817934,ZM,Muchinga,-13.011022,31.708647,2018,7,17,2018-07-17T16:55:05,3,596.0,453.9844396525389,dry,0,0.6207
3325701731,ZM,Eastern,-13.04492,31.820241,2018,7,16,2018-07-16T17:26:20,3,530.0,459.11486984192567,dry,0,0.5715
3325649925,ZM,Muchinga,-13.037281,31.647272,2018,7,17,2018-07-17T17:10,3,690.0,447.4565872608133,dry,0,0.6636
3325589944,ZM,Muchinga,-13.171384,31.652659,2018,7,17,2018-07-17T18:55,3,558.0,436.54381406985533,dry,0,0.5455
3321197374,BW,Central,-20.448098,25.076161,2020,8,31,2020-08-31T10:21:06,0,912.0,204.20593974861586,dry,0,0.2148
3321190694,BW,Chobe,-17.853874,25.046939,2003,6,22,2003-06-22T15:59,0,954.0,86.09779012915565,dry,0,0.3079
3321190594,BW,Chobe,-18.066433,24.47765,2003,6,21,2003-06-21T22:37,0,931.0,146.28594129683796,dry,0,0.3095
3321170372,BW,Central,-20.132622,26.196226,2020,9,13,2020-09-13T06:06:56,0,922.0,134.3304063275607,dry,0,0.2616
3321137605,BW,Chobe,-18.126434,24.500696,2003,6,21,2003-06-21T22:01,0,934.0,143.39386815496854,dry,0,0.293
3321108389,BW,Central,-20.026015,26.132748,2020,9,13,2020-09-13T06:20:35,0,926.0,122.48741758219876,dry,0,0.2454
3321106380,BW,Central,-20.149812,26.115519,2020,9,13,2020-09-13T06:06:08,0,918.0,136.30587438896828,dry,0,0.2616
3321092698,BW,Chobe,-17.92783,25.013344,2003,6,22,2003-06-22T16:58,0,1025.0,89.27814488684305,dry,0,0.2725
3321063373,BW,Central,-20.029304,26.172444,2020,9,13,2020-09-13T06:17:58,0,926.0,122.80609682561261,dry,0,0.2556
3320946386,BW,Central,-20.070637,26.099838,2020,9,13,2020-09-13T06:16:49,0,924.0,127.58760806069985,dry,0,0.2519
3320917375,BW,Central,-20.131895,26.131105,2020,9,13,2020-09-13T06:07:14,0,922.0,134.2609609383676,dry,0,0.2616
3320913383,BW,Central,-20.09598,26.178704,2020,9,13,2020-09-13T06:14:46,0,924.0,130.2251776782375,dry,0,0.2662
3320897386,BW,Central,-20.066728,26.083041,2020,9,13,2020-09-13T06:06:30,0,922.0,127.2614690471732,dry,0,0.2519
3320854386,BW,Central,-20.199826,26.099135,2020,9,13,2020-09-13T06:18:50,0,915.0,141.93726622704025,dry,0,0.2422
3320838778,ZM,Southern,-15.340537,25.891197,2021,4,8,2021-04-08T06:58,5,1129.0,229.46147543715944,wet,1,0.4678
3314351587,BW,Chobe,-18.142435,24.447912,2003,6,21,2003-06-21T17:53,0,932.0,138.11434294077836,dry,0,0.3084
3302546937,ZM,Southern,-17.830939,25.916537,2004,9,25,2004-09-25T11:09,0,936.0,12.132659910149577,dry,0,0.4517
3301865141,ZW,Mashonaland West,-18.028994,30.228446,2021,5,30,2021-05-30T09:16,-1,1190.0,134.49753817501264,dry,0,0.344
3124930857,ZW,Masvingo,-21.478999,32.012511,2021,5,2,2021-05-02T11:16,1,246.0,390.5465879110026,dry,0,0.359
3124872321,ZW,Masvingo,-21.244396,32.213789,2021,5,2,2021-05-02T13:45,1,340.0,368.42246276892706,dry,0,0.4655
3124843073,ZW,Masvingo,-21.376628,32.251048,2021,5,2,2021-05-02T13:42,1,243.0,383.6058037712654,dry,0,0.3375
3124613698,ZW,Masvingo,-21.540378,32.090787,2021,5,2,2021-05-02T10:13,1,296.0,398.49437911133646,dry,0,0.3481
3112857690,BW,North-West,-19.681227,21.03845,2021,5,1,2021-05-01T10:56,0,1154.0,269.14065135827406,dry,0,0.2849
3112793494,BW,North-West,-19.034456,23.56517,2018,6,2,2018-06-02T14:48,0,951.0,7.849594189977581,dry,0,0.2766
3112759885,ZW,Matabeleland North,-17.849586,25.891865,2017,11,18,2017-11-18T17:38,0,917.0,9.08162752370464,wet,1,0.4517
3112684721,BW,North-West,-20.118776,21.861334,2021,4,30,2021-04-30T10:45,0,957.0,212.02405207419233,wet,1,0.2016
3112557547,BW,North-West,-18.426717,23.520631,2021,4,30,2021-04-30T09:38:17,0,949.0,63.783179710955366,wet,1,0.2813
3112372869,BW,North-West,-19.504505,23.651843,2021,5,1,2021-05-01T08:52:01,0,942.0,58.319032685832205,dry,0,0.2646
3109291856,ZW,Matabeleland North,-18.936866,26.336496,2019,4,23,2019-04-23T16:48,0,1030.0,18.003119717195347,wet,1,0.3933
3109113549,BW,Chobe,-18.757785,24.475717,2015,2,15,2015-02-15T05:26Z,0,949.0,106.13228444787535,wet,1,0.281
3097312381,BW,Central,-20.431465,25.161657,2019,11,12,2019-11-12T14:23:29,0,915.0,197.77805773548374,wet,1,0.2201
3097309385,BW,Central,-20.419966,25.197274,2017,4,6,2017-04-06T11:31:17,0,919.0,194.7305713286247,wet,1,0.2201
3097289432,BW,Ghanzi,-22.357872,24.712701,2020,7,1,2020-07-01T15:38:53,0,1021.0,249.081627421906,dry,0,0.1615
3097277402,BW,Central,-20.601146,25.530715,2018,2,11,2018-02-11T10:30,0,904.0,197.8827316779894,wet,1,0.1646
3097272471,BW,Central,-20.575823,26.481335,2020,9,19,2020-09-19T17:42:55,0,987.0,186.52038006242637,dry,0,0.2297
3097268447,BW,Central,-20.505613,25.090108,2020,9,9,2020-09-09T11:43,0,911.0,208.73841466221472,dry,0,0.1952
3097266413,BW,Central,-20.433289,25.13511,2020,5,16,2020-05-16T18:05,0,913.0,199.43956161675297,dry,0,0.2201
3097259404,BW,Central,-20.490313,25.127527,2020,5,13,2020-05-13T17:24,0,912.0,205.20976893934306,dry,0,0.1952
3097258402,BW,Ghanzi,-22.229051,24.758836,2016,11,1,2016-11-01T15:41,0,1029.0,246.80671177943833,wet,1,0.1721
3097182415,BW,Ghanzi,-22.290638,24.60755,2017,3,18,2017-03-18T13:59,0,1016.0,260.89666502865964,wet,1,0.1663
3097177440,BW,Central,-20.482461,25.180107,2020,9,7,2020-09-07T18:38,0,911.0,201.59939238904676,dry,0,0.1892
3097172460,BW,Central,-20.547454,25.084749,2020,10,8,2020-10-08T09:27:01,0,913.0,212.96034011244393,dry,0,0.209
3097169345,BW,Central,-20.55759,25.164515,2019,7,21,2019-07-21T12:50,0,906.0,209.6187599527039,dry,0,0.1891
3097157405,BW,Central,-20.74468,25.438509,2017,3,15,2017-03-15T17:58,0,904.0,216.17613213363475,wet,1,0.3218
3097155438,BW,Central,-20.729188,25.425443,2016,12,6,2016-12-06T16:50:09,0,904.0,215.054209350987,wet,1,0.3218
3097153344,BW,Central,-20.404862,25.100191,2019,7,24,2019-07-24T13:23,0,915.0,198.8225521897875,dry,0,0.2148
3097093362,BW,Central,-20.71871,25.580848,2018,2,11,2018-02-11T10:29,0,904.0,208.63628941910414,wet,1,0.1673
3097090394,BW,Ghanzi,-22.310975,24.672276,2018,4,8,2018-04-08T11:13,0,1018.0,253.96298826830156,wet,1,0.163
3097089336,BW,Central,-20.51551,25.116557,2019,5,22,2019-05-22T17:45,0,913.0,208.19047718565707,dry,0,0.1952
3097085387,BW,North-West,-20.387746,25.060557,2020,2,27,2020-02-27T11:04,0,916.0,199.63053515652314,wet,1,0.2193
3097083373,BW,Central,-20.483281,25.005625,2017,4,6,2017-04-06T09:49,0,915.0,211.60481893621588,wet,1,0.2004
3097079454,BW,Central,-20.511009,25.15184,2020,9,6,2020-09-06T10:46,0,910.0,205.83802096573814,dry,0,0.1892
3097075430,BW,Central,-20.422851,25.135193,2020,9,4,2020-09-04T08:33,0,916.0,198.4616854439728,dry,0,0.2201
3097062414,BW,Ghanzi,-22.220618,24.665466,2020,7,1,2020-07-01T15:37:13,0,1023.0,256.4152790425321,dry,0,0.1766
3097046330,BW,North-West,-20.291554,25.164901,2019,5,23,2019-05-23T09:45,0,922.0,184.61908075759544,dry,0,0.2188
3097041404,BW,Central,-20.729616,25.44552,2017,3,15,2017-03-15T09:58,0,904.0,214.35149001212588,wet,1,0.3218
3097029372,BW,Central,-20.533177,25.113647,2019,11,12,2019-11-12T18:36:02,0,904.0,210.01825877358706,wet,1,0.1951
3097017351,BW,Central,-20.464161,25.184349,2016,10,12,2016-10-12T00:47,0,912.0,199.62814486629316,dry,0,0.1892
3097009472,BW,Central,-20.43654,25.090083,2020,10,8,2020-10-08T17:57:39,0,912.0,202.3286711594354,dry,0,0.2148
3097003338,BW,Central,-20.583748,25.014408,2019,5,23,2019-05-23T12:45,0,913.0,220.32087819362522,dry,0,0.209
3096988358,BW,Central,-20.549558,25.126754,2019,6,5,2019-06-05T09:28,0,904.0,210.8577305181968,dry,0,0.1951
3090859654,BW,North-West,-19.392393,23.163087,2011,8,28,2011-08-28T18:32,0,956.0,56.173826653329044,dry,0,0.2635
3090848611,BW,Chobe,-18.630011,24.583746,2011,8,31,2011-08-31T15:17,0,966.0,121.2597294864432,dry,0,0.276
3090826650,BW,Chobe,-18.750292,24.591589,2011,9,5,2011-09-05T11:58,0,964.0,118.16047469324101,dry,0,0.2774
3090817034,BW,Chobe,-17.950312,25.27936,2017,7,31,2017-07-31T17:41,0,1051.0,61.19817074134199,dry,0,0.3015
3090813691,BW,Chobe,-18.673705,24.57528,2011,9,1,2011-09-01T12:53,0,962.0,118.83581641065426,dry,0,0.276
3090780683,BW,Chobe,-18.771152,24.54622,2011,9,5,2011-09-05T11:42,0,959.0,112.97460604347098,dry,0,0.2758
3090780682,BW,North-West,-19.26227,23.079144,2011,8,30,2011-08-30T11:38,0,959.0,52.964376808551926,dry,0,0.2925
3090754783,ZW,Matabeleland North,-18.708588,26.835909,2008,4,20,2008-04-20T15:24,0,1090.0,74.51885227608157,wet,1,0.4331
3090694658,BW,Chobe,-18.610636,24.555601,2011,9,2,2011-09-02T07:55,0,960.0,119.24853241854811,dry,0,0.3023
3090621654,BW,Chobe,-18.680316,24.50856,2011,9,5,2011-09-05T15:11,0,946.0,111.93244462860729,dry,0,0.2975
3090567669,BW,Chobe,-18.733081,24.57296,2011,9,5,2011-09-05T10:57,0,962.0,116.73368652863797,dry,0,0.2774
3090522654,ZW,Matabeleland North,-17.97317,25.910738,2011,9,3,2011-09-03T08:19,0,903.0,7.848810881551594,dry,0,0.3945
3090520654,BW,Chobe,-18.716097,24.531777,2011,9,1,2011-09-01T17:37,0,955.0,113.06615788228682,dry,0,0.2809
3090519642,BW,Chobe,-18.725532,24.400547,2011,9,5,2011-09-05T12:35,0,927.0,99.55183925878373,dry,0,0.2926
3079901984,ZW,Matabeleland North,-18.755899,26.954513,2015,12,21,2015-12-21T23:19,0,1080.0,85.10264317018847,wet,1,0.4226
3079857984,ZW,Matabeleland North,-18.617452,26.841369,2016,9,22,2016-09-22T02:25,0,1108.0,78.91370888501879,dry,0,0.4502
3079842999,ZW,Matabeleland North,-18.775914,26.941086,2016,9,22,2016-09-22T03:30,0,1079.0,83.24905551681678,dry,0,0.4226
3079783557,ZM,Southern,-17.923656,25.778362,2016,8,10,2016-08-10T10:35,0,985.0,8.341222506203055,dry,0,0.3676
3070781650,BW,North-West,-18.725077,23.566035,2016,7,23,2016-07-23T12:16,0,947.0,31.34976954616667,dry,0,0.318
3070778343,BW,North-West,-19.390494,23.090522,2012,6,23,2012-06-23,0,956.0,61.10980978832342,dry,0,0.277
3070777290,BW,North-West,-19.629959,23.298672,2013,7,14,2013-07-14T08:49Z,0,948.0,73.16477281551424,dry,0,0.2264
3070721812,MZ,Maputo,-26.549297,32.783347,2017,11,6,2017-11-06T08:11,9,47.0,718.3107941596578,wet,1,0.6967
3070721728,BW,Chobe,-18.733882,24.504264,2012,6,25,2012-06-25,0,950.0,109.73410241224948,dry,0,0.281
3070594791,ZM,Western,-16.121554,23.47628,2016,3,27,2016-03-27T20:06,-1,1009.0,320.078467084174,wet,1,0.4979
3070466727,BW,Central,-19.673958,26.01225,2014,7,1,2014-07-01T14:55,0,960.0,84.83594423122052,dry,0,0.2664
3070399980,BW,North-West,-19.377127,23.149497,2012,6,22,2012-06-22,0,958.0,55.79779754217693,dry,0,0.2635
3070393850,MZ,Maputo,-26.409836,32.763526,2017,11,6,2017-11-06T08:11,9,6.0,707.7083163899047,wet,1,0.696
3070371061,BW,North-West,-19.266567,23.157901,2012,6,22,2012-06-22,0,958.0,46.58477705601312,dry,0,0.2738
3067977551,ZM,Southern,-17.823829,25.824999,2008,4,3,2008-04-03T17:52,0,992.0,11.680044418162073,wet,1,0.4211
3061652616,BW,North-West,-19.340516,23.155572,2013,8,11,2013-08-11T19:57Z,0,957.0,52.36670353920477,dry,0,0.2635
3059020888,ZW,Matabeleland North,-18.728535,27.038998,2017,12,14,2017-12-14T04:53,0,1072.0,94.45861195022289,wet,1,0.4317
3059011079,ZW,Matabeleland North,-18.949157,26.482819,2017,12,11,2017-12-11T08:45,0,1048.0,33.45189180342955,wet,1,0.4018
3058845958,BW,Chobe,-17.876784,24.871352,2018,11,21,2018-11-21T12:54,0,994.0,104.44828766552772,wet,1,0.2873
3058825811,ZW,Matabeleland North,-18.939782,26.49897,2017,12,14,2017-12-14T04:23,0,1046.0,35.08171380817744,wet,1,0.4018
3058745007,BW,Chobe,-17.96934,24.905672,2018,11,21,2018-11-21T08:38,0,1024.0,100.78132294496464,wet,1,0.2708
3058743855,ZW,Matabeleland North,-18.967438,26.387692,2017,12,11,2017-12-11T04:22,0,1016.0,23.811094861035137,wet,1,0.416
3058711964,BW,Chobe,-18.547871,24.00438,2018,11,22,2018-11-22T18:09,0,944.0,73.12433768770666,wet,1,0.3188
3044839807,BW,Central,-19.772243,26.016358,2017,3,21,2017-03-21T08:05,0,933.0,95.51580170031745,wet,1,0.2451
3044708761,BW,Central,-19.630637,26.078755,2017,3,20,2017-03-20T08:18,0,954.0,79.00441169877988,wet,1,0.2658
3039490624,BW,Chobe,-18.738325,24.543281,2012,11,30,2012-11-30T00:45,0,957.0,113.56379862101154,wet,1,0.2774
3039482314,BW,Chobe,-18.705068,24.573905,2015,10,2,2015-10-02T05:38,0,964.0,117.66879063698558,dry,0,0.2774
3039465382,BW,Chobe,-18.182511,24.42845,2017,12,22,2017-12-22T01:15,0,935.0,133.5575727151328,wet,1,0.3113
3039440330,BW,Chobe,-18.78361,24.595263,2015,10,2,2015-10-02T05:29,0,958.0,117.71234467948473,dry,0,0.2731
3039430341,BW,Chobe,-18.735734,24.543007,2015,10,2,2015-10-02T05:40,0,956.0,113.61092503767703,dry,0,0.2774
3039410072,ZM,Muchinga,-13.024023,31.774775,2010,10,19,2010-10-19T16:47,3,544.0,457.58180383525007,dry,0,0.5831
3039367330,BW,Chobe,-18.784128,24.519057,2015,10,2,2015-10-02T04:42,0,958.0,109.86387178156151,dry,0,0.2758
3039351343,BW,Chobe,-18.714302,24.474433,2015,10,2,2015-10-02T05:42,0,930.0,107.34471273470284,dry,0,0.281
3039293580,BW,Central,-19.604782,26.186359,2012,11,30,2012-11-30T08:01,0,965.0,75.63022391010327,wet,1,0.2924
3039290364,BW,Central,-22.237334,28.997284,2017,5,20,2017-05-20T20:43,4,543.0,198.6429416867872,dry,0,0.2066
3039289377,BW,Chobe,-17.993813,24.218544,2017,12,20,2017-12-20T05:59,0,933.0,135.12517959501417,wet,1,0.3201
3039220371,BW,Central,-22.304983,28.872856,2018,4,1,2018-04-01T02:25,4,633.0,184.47238976668515,wet,1,0.197
3039147014,ZW,Mashonaland West,-16.567582,28.890932,2007,3,24,2007-03-24T22:23,0,487.0,52.373398197315524,wet,1,0.3224
3039127276,BW,Chobe,-18.140642,24.238022,2017,12,23,2017-12-23T09:32,0,933.0,123.21669614981637,wet,1,0.3106
3032161690,BW,Chobe,-18.718454,24.53983,2020,7,15,2020-07-15T17:06:15,0,958.0,113.8069759865805,dry,0,0.2774
3032135130,ZW,Matabeleland North,-17.839138,25.802173,1997,8,23,1997-08-23,0,936.0,11.1167427875843,dry,0,0.4211
3032133314,BW,Kweneng,-23.519468,24.108265,2021,1,5,2021-01-05T16:58,-1,1071.0,322.55616937372525,wet,1,0.1276
3032120484,ZW,Matabeleland North,-19.025638,26.469395,2017,12,14,2017-12-14T04:23,0,1030.0,33.831955587126934,wet,1,0.4033
3032096441,BW,Chobe,-17.990052,24.36965,2017,12,20,2017-12-20T05:12,0,932.0,144.98708435624704,wet,1,0.3165
3032088965,BW,Chobe,-17.812258,24.816317,2016,1,29,2016-01-29T01:54Z,0,932.0,110.86018303187136,wet,1,0.2935
3032080735,BW,Chobe,-18.063861,24.266733,2017,12,21,2017-12-21T09:24,0,936.0,131.79450453498168,wet,1,0.3299
3032056575,BW,Chobe,-18.041632,24.272872,2017,12,21,2017-12-21T10:18,0,930.0,134.1506531239366,wet,1,0.3299
3032054709,BW,Chobe,-17.912371,24.333958,2017,12,20,2017-12-20T05:06,0,930.0,149.54346313988984,wet,1,0.3066
3032015322,BW,Chobe,-18.151609,24.290405,2017,12,21,2017-12-21T09:24,0,934.0,125.85645700783162,wet,1,0.3147
3031977999,BW,Central,-19.632081,26.140836,2016,1,27,2016-01-27T16:17Z,0,956.0,78.6785809174575,wet,1,0.2608
3031977402,BW,Chobe,-18.153074,24.331145,2017,12,21,2017-12-21T10:08,0,934.0,128.61949393148709,wet,1,0.3147
3031975927,BW,Central,-19.614764,26.123638,2016,1,27,2016-01-27T16:48Z,0,963.0,76.83692869285204,wet,1,0.2701
3031938306,ZW,Mashonaland West,-15.772471,29.57591,1999,10,25,1999-10-25,0,392.0,76.19109419094195,dry,0,0.4387
3031926469,ZW,Matabeleland North,-19.135711,26.418663,2017,12,14,2017-12-14T04:59,0,1009.0,35.44010617796537,wet,1,0.3531
3031924719,BW,Chobe,-17.855033,24.373666,2017,12,20,2017-12-20T09:55,0,931.0,157.1723698221547,wet,1,0.303
3031894986,BW,North-West,-19.021755,22.399273,2015,12,31,2015-12-31T10:04,0,977.0,115.74451472292537,wet,1,0.303
3031889486,ZW,Matabeleland North,-19.052747,26.445468,2017,12,14,2017-12-14T07:27,0,1020.0,32.6614345550617,wet,1,0.4034
3031883593,BW,Chobe,-18.050081,24.66314,2017,12,22,2017-12-22T01:14,0,1003.0,127.05607935788511,wet,1,0.2869
3031852822,BW,Chobe,-18.762945,24.416595,2019,11,2,2019-11-02T18:55,0,929.0,99.97373313229578,wet,1,0.2926
3031815296,BW,Chobe,-17.875298,24.373091,2017,12,20,2017-12-20T05:50,0,932.0,155.313538745302,wet,1,0.303
3031782457,BW,North-West,-18.327896,21.907386,2016,9,28,2016-09-28T02:35,0,995.0,183.66817961889288,dry,0,0.3169
3031778628,BW,Chobe,-17.98252,24.640405,2017,12,22,2017-12-22T01:17,0,928.0,128.87572581382418,wet,1,0.304
3031768634,ZW,Matabeleland North,-18.855653,26.865729,2017,12,14,2017-12-14T04:29,0,1070.0,74.03815981135865,wet,1,0.3944
3031733476,BW,Chobe,-17.939959,24.279369,2017,12,20,2017-12-20T05:00,0,930.0,143.70053398114695,wet,1,0.3031
3031732367,BW,Chobe,-18.015974,24.480695,2017,12,21,2017-12-21T09:23,0,931.0,145.9497612849264,wet,1,0.315
3031700321,ZM,Muchinga,-12.855135,31.73932,2004,12,17,2004-12-17T20:31,3,577.0,468.74698476181163,wet,1,0.5993
3031699684,BW,Chobe,-18.110478,24.298748,2017,12,20,2017-12-20T06:42,0,933.0,129.89479169576882,wet,1,0.3389
3031692699,BW,Chobe,-18.183698,24.309728,2017,12,21,2017-12-21T09:23,0,932.0,124.58531322769856,wet,1,0.3147
3018129700,BW,Chobe,-17.877733,25.163647,2015,1,26,2015-01-26T01:07,0,1014.0,73.56854015662256,wet,1,0.2987
3018097776,BW,Chobe,-18.167872,24.254809,2017,12,22,2017-12-22T01:17,0,935.0,122.02573989956308,wet,1,0.3147
3018091731,BW,Chobe,-17.981281,25.036,2015,1,26,2015-01-26T01:07,0,1033.0,87.09799298614526,wet,1,0.2726
3018054975,ZW,Matabeleland North,-18.930821,26.675113,2017,12,14,2017-12-14T04:59,0,1055.0,53.57477322484103,wet,1,0.3715
3018023712,BW,Chobe,-17.884366,25.199173,2015,1,26,2015-01-26T01:07,0,1000.0,69.76717709847165,wet,1,0.2987
3017960225,BW,Chobe,-17.867743,24.298528,2017,12,22,2017-12-22T10:05,0,929.0,151.48118556582534,wet,1,0.3066
3014093859,BW,North-West,-19.216285,22.81807,2016,5,30,2016-05-30T17:32,0,965.0,75.57773872934908,dry,0,0.3116
3014089894,BW,North-West,-19.2809,22.930227,2016,5,29,2016-05-29T18:58,0,963.0,67.51311738384281,dry,0,0.3101
3014080875,BW,North-West,-19.285487,22.888415,2016,5,29,2016-05-29T19:34,0,964.0,71.65962184420748,dry,0,0.3101
3014026035,BW,North-West,-19.852532,23.143171,2017,4,16,2017-04-16T00:12,0,947.0,101.91487461951931,wet,1,0.2443
3008461095,MZ,Sofala,-18.462135,35.53997,2020,12,17,2020-12-17T13:56,-1,63.0,429.7474406384652,wet,1,0.572
3005253845,ZM,Eastern,-13.056733,31.60362,2019,9,11,2019-09-11T12:35,3,672.0,442.76120429975805,dry,0,0.6637
3005189914,ZW,Matabeleland North,-18.09791,25.663196,2016,2,21,2016-02-21T16:22Z,0,1078.0,28.169779425106892,wet,1,0.3592
3005149094,BW,Chobe,-18.270973,24.989182,2018,11,26,2018-11-26,0,1012.0,99.51345780634493,wet,1,0.267
3005104820,ZM,Eastern,-12.977958,31.862732,2020,10,21,2020-10-21T12:37,3,537.0,467.7331897477701,dry,0,0.5672
3005080742,BW,Chobe,-18.16669,24.211681,2017,12,22,2017-12-22T01:15,0,936.0,119.21451149494052,wet,1,0.3106
2999059925,ZM,Muchinga,-13.132079,31.673969,2020,10,19,2020-10-19T14:37,3,570.0,441.3491053598963,dry,0,0.6547
2988720375,BW,North-West,-20.392705,24.227578,2006,12,12,2006-12-12,0,960.0,172.57909939770383,wet,1,0.2291
2988556419,BW,Central,-19.750573,26.196778,2014,9,30,2014-09-30,0,939.0,91.86816187851892,dry,0,0.2594
2988547961,ZW,Matabeleland North,-18.699247,26.984397,2017,8,28,2017-08-28T17:51,0,1087.0,89.74047665546333,dry,0,0.4226
2988435919,ZW,Matabeleland North,-18.658449,26.821067,2017,8,27,2017-08-27T17:20,0,1114.0,75.07221254963231,dry,0,0.4331
2984532882,BW,Zambezi,-17.969057,25.020601,2016,2,20,2016-02-20T13:41Z,0,1031.0,88.63902912861666,wet,1,0.2725
2984529856,BW,Zambezi,-17.862771,25.081057,2016,2,20,2016-02-20T13:38Z,0,983.0,82.41301722070355,wet,1,0.298
2984527815,BW,Zambezi,-17.965754,25.055834,2016,2,20,2016-02-20T13:37Z,0,1033.0,84.89812446207168,wet,1,0.2726
2984520583,BW,Chobe,-17.858051,25.194724,2016,2,20,2016-02-20T08:25Z,0,1007.0,70.4876563121392,wet,1,0.2987
2984441026,BW,Chobe,-17.920885,25.123719,2016,2,21,2016-02-21T08:27Z,0,1030.0,77.60242452431997,wet,1,0.2859
2984417646,ZM,Lusaka,-15.703387,29.304186,2020,11,7,2020-11-07T19:32:11,0,395.0,58.13397172441093,wet,1,0.466
2984365028,ZW,Matabeleland North,-17.931992,25.65601,2016,2,21,2016-02-21T12:15Z,0,1055.0,21.30220730579078,wet,1,0.358
2980998299,ZW,Midlands,-19.544138,29.712589,2020,11,6,2020-11-06T11:06:43,-1,1424.0,254.73328146409835,wet,1,0.536
2980805030,BW,North-West,-20.29209,24.477996,2018,12,21,2018-12-21T17:48,0,929.0,176.43955691503965,wet,1,0.2336
2963842556,ZM,Eastern,-13.153533,31.787856,2020,10,18,2020-10-18T16:44,3,530.0,447.8195532823034,dry,0,0.5754
2898474004,ZM,Southern,-17.910064,25.86128,2006,8,17,2006-08-17T09:36,0,895.0,1.640773818693529,dry,0,0.4185
2882962083,BW,North-West,-19.204162,22.93597,2016,5,29,2016-05-29T19:00,0,960.0,63.46313517824083,dry,0,0.3124
2882925572,BW,North-West,-18.701983,22.112719,2020,9,25,2020-09-25T17:44Z,0,992.0,149.69778116862017,dry,0,0.3006
2873930812,ZW,Masvingo,-20.610194,31.883472,2020,6,7,2020-06-07T17:27:57,1,507.0,293.016259709246,dry,0,0.5326
2873787524,ZW,Matabeleland North,-17.862911,25.800518,2020,9,25,2020-09-25T08:02:18,0,896.0,9.086847807518154,dry,0,0.3677
2873717166,ZW,Matabeleland North,-18.785749,26.898546,2020,9,28,2020-09-28T15:31,0,1078.0,78.64244152982745,dry,0,0.4071
2864797858,ZW,Matabeleland North,-17.856935,25.600905,2020,9,13,2020-09-13T09:19:07,0,938.0,28.136075100855276,dry,0,0.3853
2856703582,ZM,Lusaka,-15.742055,29.482643,2001,9,15,2001-09-15,0,399.0,69.48426039140635,dry,0,0.396
2856694164,ZW,Matabeleland North,-17.858924,25.759972,2014,5,30,2014-05-30T12:12,0,908.0,12.597496797471997,dry,0,0.3677
2856672573,BW,Chobe,-18.368715,24.202386,2016,7,24,2016-07-24T17:03,0,957.0,101.9864001446974,dry,0,0.3
2856549995,ZM,Lusaka,-15.712733,29.225865,2016,7,31,2016-07-31T11:35,0,608.0,52.19778516916308,dry,0,0.4871
2851265581,MZ,Sofala,-18.943077,34.44166,2017,11,10,2017-11-10T06:45,7,29.0,327.48173807372183,wet,1,0.6729
2851172422,BW,North-West,-19.816594,24.78944,2017,8,2,2017-08-02T10:53,0,931.0,162.8862084163753,dry,0,0.2881
2850918569,ZM,Central,-14.789358,26.11752,2017,10,10,2017-10-10T18:18,5,1111.0,203.6397339043133,dry,0,0.4321
2850865227,BW,Chobe,-17.863492,24.901674,2006,9,28,2006-09-28T23:33,0,988.0,101.33575842016518,dry,0,0.2873
2850843397,BW,Chobe,-18.734273,24.393995,2010,5,5,2010-05-05T12:45,0,930.0,98.59789714069395,dry,0,0.2926
2850781341,ZM,Southern,-17.87686,25.860367,2013,6,20,2013-06-20T17:25,0,898.0,5.285720662743228,dry,0,0.4185
2850763375,BW,North-West,-19.295539,22.786678,2010,5,12,2010-05-12T20:33,0,963.0,81.8190613413248,dry,0,0.3159
2850690271,BW,North-West,-19.573918,23.18163,2006,9,25,2006-09-25T18:50,0,952.0,72.03527774614267,dry,0,0.2504
2850670497,ZW,Matabeleland North,-19.067544,26.561571,2010,5,14,2010-05-14T19:15,0,1038.0,44.5315568429585,dry,0,0.3483
2826427026,ZW,Matabeleland North,-18.84011,27.059266,2018,6,8,2018-06-08T10:06,0,1048.0,94.4738689344796,dry,0,0.3799
2826412843,BW,North-West,-18.962016,22.450603,2018,6,3,2018-06-03,0,976.0,110.42354024268839,dry,0,0.2913
2826359413,ZM,Muchinga,-13.113061,31.635047,2018,2,24,2018-02-24T17:09,3,644.0,440.18136395083684,wet,1,0.6545
2826316565,BW,North-West,-19.741907,23.356044,2012,7,29,2012-07-29T06:43,0,944.0,83.8670089174647,dry,0,0.2354
2826305409,ZM,Muchinga,-13.161515,31.647248,2018,2,24,2018-02-24T16:31,3,563.0,436.98049783368015,wet,1,0.5455
2826271394,ZM,Muchinga,-13.045009,31.745584,2018,2,24,2018-02-24T06:13,3,544.0,453.74253616226173,wet,1,0.5831
2826214822,BW,North-West,-18.978012,22.51835,2018,6,4,2018-06-04,0,975.0,103.24324377115681,dry,0,0.2915
2826170393,ZM,Muchinga,-13.131705,31.677543,2018,2,25,2018-02-25T18:14,3,564.0,441.63573341788583,wet,1,0.6547
2826166776,BW,North-West,-19.872109,24.634223,2017,8,2,2017-08-02T11:43,0,936.0,153.45533001775627,dry,0,0.2777
2826157857,BW,North-West,-18.975596,22.524129,2018,6,4,2018-06-04,0,975.0,102.6432863821459,dry,0,0.2915
2826139403,ZM,Muchinga,-13.032697,31.600716,2018,2,24,2018-02-24T09:18,3,658.0,444.61630042036285,wet,1,0.6638
2826129773,BW,North-West,-19.986652,24.734673,2017,8,2,2017-08-02T10:53,0,933.0,169.66240294855194,dry,0,0.272
2814387713,MZ,Sofala,-18.801742,34.371264,2014,6,11,2014-06-11T15:47,7,37.0,315.78488061355984,dry,0,0.787
2814022971,MZ,Sofala,-18.903683,34.34028,2017,11,26,2017-11-26T18:08,7,25.0,315.98415219832657,wet,1,0.6772
2813960396,ZW,Matabeleland North,-17.889599,25.992268,2019,9,15,2019-09-15T22:39:12,0,953.0,14.80305288629726,dry,0,0.4148
2813919219,ZW,Matabeleland North,-17.806895,25.689534,2020,3,1,2020-03-01T00:44:38,0,912.0,22.02950753192895,wet,1,0.3932
2813904204,MZ,Sofala,-18.978873,34.241764,2014,6,29,2014-06-29T16:19,7,77.0,308.9356691663705,dry,0,0.7782
2803079582,BW,Zambezi,-17.825167,25.035591,2020,3,3,2020-03-03T12:29:01,0,928.0,87.64471802991908,wet,1,0.3079
2802923505,BW,North-West,-19.101605,22.584108,2006,7,30,2006-07-30T00:21,0,973.0,96.92517191269926,dry,0,0.2757
2641486992,BW,North-West,-19.490022,23.326983,2018,4,25,2018-04-25,0,950.0,57.43560161034109,wet,1,0.2133
2641348990,BW,North-West,-19.380091,22.717237,2018,4,26,2018-04-26,0,966.0,92.43115267863496,wet,1,0.3193
2634556505,ZM,North-Western,-14.336669,25.808178,2002,10,23,2002-10-23T08:32,5,1124.0,247.04170311064766,dry,0,0.5713
2634492548,ZM,Central,-14.811236,26.062377,2015,7,13,2015-07-13T17:04,5,1090.0,209.25857831429136,dry,0,0.4104
2634447844,BW,North-West,-19.277882,23.263306,2019,2,8,2019-02-08T08:07,0,956.0,39.660935170265816,wet,1,0.2664
2634413619,ZM,Lusaka,-15.455786,29.437303,2016,12,1,2016-12-01,0,975.0,88.60192386424558,wet,1,0.6172
2634352051,ZM,North-Western,-14.70549,26.086448,2002,10,18,2002-10-18T14:33,5,1105.0,208.2579067398309,dry,0,0.4455
2634020202,ZM,North-Western,-14.621218,26.288736,2002,10,21,2002-10-21T15:04,5,1154.0,188.7210792332488,dry,0,0.4803
2634008183,ZM,North-Western,-14.456298,26.265994,2002,10,20,2002-10-20T14:49,5,1128.0,196.03157378418555,dry,0,0.4828
2634001095,ZM,North-Western,-14.602724,26.160733,2002,10,19,2002-10-19T17:04,5,1113.0,202.60422169522818,dry,0,0.4742
2626680816,ZW,Matabeleland North,-17.979929,25.413292,2018,9,2,2018-09-02T05:00,0,1046.0,47.36283563595562,dry,0,0.3638
2626670502,BW,North-West,-19.421019,23.199422,2018,9,5,2018-09-05T02:21,0,955.0,56.460529339292854,dry,0,0.2492
2626642787,BW,North-West,-19.419631,23.172852,2018,9,4,2018-09-04T11:52,0,955.0,57.94192510099729,dry,0,0.2492
2626642775,BW,Chobe,-17.926459,25.052512,2018,9,3,2018-09-03T02:04,0,1030.0,85.1341067415351,dry,0,0.298
2626629686,BW,Chobe,-17.800119,25.14981,2018,9,2,2018-09-02T10:57,0,936.0,76.12929253313067,dry,0,0.3434
2626626484,ZM,Lusaka,-15.378058,29.75086,2013,6,6,2013-06-06T02:01,0,1033.0,117.43437801600881,dry,0,0.6205
2626616926,BW,Chobe,-17.858086,25.142844,2018,9,2,2018-09-02T10:23,0,994.0,75.94919056568243,dry,0,0.3434
2626595457,BW,Chobe,-17.835511,25.173091,2018,9,3,2018-09-03T01:36,0,999.0,73.06551196690673,dry,0,0.3434
2626591859,BW,Chobe,-17.919086,25.14567,2018,9,3,2018-09-03T01:56,0,1029.0,75.28172104397227,dry,0,0.2987
2626581452,ZW,Matabeleland North,-19.040187,27.142503,2016,9,16,2016-09-16T16:38,0,1031.0,103.49510411183292,dry,0,0.3419
2626563511,BW,Chobe,-17.926665,25.055774,2018,9,2,2018-09-02T10:11,0,1024.0,84.78901670346366,dry,0,0.298
2626550997,ZM,Muchinga,-13.01915,31.67923,2013,6,9,2013-06-09T22:02,3,651.0,451.23095988065984,dry,0,0.6206
2626499818,ZW,Masvingo,-21.359971,32.194015,2016,8,21,2016-08-21T12:04,1,202.0,380.60947358937545,dry,0,0.3963
2626484695,ZM,Lusaka,-15.312874,29.711028,2013,6,5,2013-06-05T00:42,0,1110.0,119.56826202795004,dry,0,0.6248
2626432071,BW,North-West,-19.547571,23.116792,2018,9,5,2018-09-05T01:24,0,953.0,72.97311980320572,dry,0,0.2921
2626431217,BW,Chobe,-17.996803,24.933158,2018,9,3,2018-09-03T11:11,0,1028.0,98.07354905369559,dry,0,0.2708
2626429908,BW,North-West,-19.532664,23.051536,2018,9,5,2018-09-05T11:07,0,957.0,75.65770242500467,dry,0,0.3042
2626400391,ZM,Eastern,-13.12222,31.759971,2017,7,13,2017-07-13T08:28,3,525.0,448.3592041427931,dry,0,0.5762
2626376682,ZM,Muchinga,-13.086807,31.785145,2013,6,6,2013-06-06T23:20,3,527.0,453.10965057580034,dry,0,0.5755
2626367433,ZM,Lusaka,-15.350597,29.771788,2013,6,5,2013-06-05T00:42,0,1134.0,121.16277498145452,dry,0,0.6776
2626300747,BW,North-West,-19.443374,23.051236,2018,9,5,2018-09-05T11:18,0,958.0,68.19613452101434,dry,0,0.2869
2626267150,BW,Ghanzi,-21.489851,23.474795,2019,2,13,2019-02-13,0,997.0,276.8712834857171,wet,1,0.2054
2626263269,ZM,Muchinga,-13.081182,31.628907,2017,7,14,2017-07-14T13:22,3,627.0,442.44460863383944,dry,0,0.6545
2626213143,ZM,Eastern,-13.183044,31.740492,2017,7,13,2017-07-13T17:29,3,539.0,441.9346377129714,dry,0,0.5069
2626177183,ZM,Lusaka,-15.314367,29.67399,2013,6,5,2013-06-05T00:29,0,935.0,116.77876674989889,dry,0,0.6099
2626123247,ZM,Muchinga,-13.038899,31.756354,2013,6,7,2013-06-07T07:33,3,542.0,455.0223014039302,dry,0,0.5831
2620161835,ZW,Matabeleland North,-17.977959,25.792893,2016,1,20,2016-01-20T18:02,0,946.0,9.04846237505786,wet,1,0.3628
2620152447,ZM,Muchinga,-13.185384,31.639541,2008,4,18,2008-04-18T16:48,3,569.0,434.43685492275506,wet,1,0.5455
2620138228,ZM,Lusaka,-15.780138,29.36613,2013,6,4,2013-06-04T06:08,0,398.0,56.961202312859214,dry,0,0.3762
2620115549,BW,North-West,-19.748472,23.237491,2008,4,11,2008-04-11T15:59,0,945.0,87.6633954590473,wet,1,0.2377
2619945112,BW,Chobe,-18.711464,25.743264,2008,4,14,2008-04-14T13:07,0,1087.0,50.40881081856009,wet,1,0.3345
2619900989,ZM,Muchinga,-13.149388,31.714934,2008,4,18,2008-04-18T07:10,3,529.0,442.85216775132415,wet,1,0.5761
2619898030,BW,North-West,-19.69549,23.328797,2008,4,11,2008-04-11T17:33,0,947.0,79.39343021317656,wet,1,0.2332
2619887059,ZM,Lusaka,-15.628515,29.378337,2013,6,3,2013-06-03T06:41,0,644.0,69.62431113180826,dry,0,0.4943
2611258674,BW,Chobe,-17.931764,25.117193,1992,8,23,1992-08-23T10:26,0,1031.0,78.29393300463255,dry,0,0.2859
2611097267,BW,Central,-20.59004,24.82219,2017,9,26,2017-09-26T16:05,0,914.0,224.48633185606386,dry,0,0.2089
2609236524,ZW,Matabeleland North,-19.257271,29.020304,2019,4,10,2019-04-10T13:48:54,-1,1183.0,296.326041330897,wet,1,0.3648
2609227270,BW,Chobe,-18.78305,24.573778,2017,8,2,2017-08-02,0,959.0,115.51384870388267,dry,0,0.2731
2609212715,BW,Ghanzi,-22.206804,23.625268,2019,4,12,2019-04-12T12:45:48,0,995.0,356.81853669710114,wet,1,0.1797
2609212713,ZW,Matabeleland North,-17.895008,25.862425,2019,3,24,2019-03-24T13:59:37,0,899.0,3.3037061742044815,wet,1,0.4185
2609083885,BW,Chobe,-17.926692,25.067507,2019,3,28,2019-03-28T16:22,0,1036.0,83.54770948850592,wet,1,0.298
2603542214,ZW,Matabeleland North,-18.656391,26.289921,2005,8,30,2005-08-30T09:14,0,945.0,32.5906639797743,dry,0,0.3749
2603500253,ZW,Matabeleland North,-18.651467,26.950033,2005,8,31,2005-08-31T16:55,0,1088.0,87.97682689503283,dry,0,0.4409
2603497572,BW,North-West,-19.484445,22.89652,2005,9,23,2005-09-23T17:08,0,959.0,83.15991267544176,dry,0,0.3262
2603473912,BW,Chobe,-17.884504,25.109902,2005,9,19,2005-09-19T16:33,0,1009.0,79.19515523674188,dry,0,0.298
2603460729,BW,Central,-19.393723,25.935896,2005,9,17,2005-09-17T06:52,0,994.0,57.45209011478242,dry,0,0.2649
2603366371,BW,North-West,-19.499249,22.966932,2005,9,21,2005-09-21T17:15,0,959.0,78.82478341006134,dry,0,0.3132
2603339663,ZW,Matabeleland North,-18.695565,26.212316,2005,8,29,2005-08-29T12:06,0,1022.0,25.966652421414416,dry,0,0.3719
2603337420,BW,Chobe,-18.419253,25.591903,2005,9,17,2005-09-17T08:36,0,1071.0,61.762247387991444,dry,0,0.3064
2603314686,ZW,Matabeleland North,-18.540871,25.905709,2005,8,28,2005-08-28T16:18,0,1057.0,50.730732033459155,dry,0,0.3626
2597855581,BW,Chobe,-17.962194,25.063081,2016,1,2,2016-01-02T17:18,0,1035.0,84.11272434757556,wet,1,0.2859
2597750667,BW,North-West,-19.435014,23.868221,2010,10,7,2010-10-07T22:31,0,942.0,61.92401021271804,dry,0,0.2952
2597701164,ZM,Central,-14.920437,25.997658,2019,12,19,2019-12-19T18:04Z,5,1081.0,215.28471430812127,wet,1,0.4034
2597685174,ZW,Mashonaland Central,-17.12392,31.685086,2020,3,7,2020-03-07T10:05:10,-1,881.0,99.37201887015951,wet,1,0.4934
2596421364,ZW,Matabeleland North,-19.149816,26.575963,1990,7,1,1990-07-01,0,1028.0,49.84226325000643,dry,0,0.3721
2596312725,ZM,Muchinga,-13.090694,31.77417,2012,10,25,2012-10-25T12:39,3,526.0,451.99375886484137,dry,0,0.5755
2596277031,BW,North-West,-20.320785,23.765967,2016,8,13,2016-08-13T02:20:10,0,942.0,149.48173417402828,dry,0,0.2292
2596265044,BW,North-West,-20.336879,23.758808,2016,8,13,2016-08-13T02:16:54,0,951.0,151.10385625620188,dry,0,0.2292
2596252072,BW,North-West,-19.233816,23.104376,2016,8,12,2016-08-12T09:18:19,0,961.0,49.02683945564612,dry,0,0.2775
2596249062,BW,North-West,-19.261675,23.074677,2016,8,12,2016-08-12T10:07:24,0,961.0,53.320667708238446,dry,0,0.2925
2596247057,BW,Ghanzi,-21.251521,23.548449,2016,8,15,2016-08-15T03:34:29,0,977.0,250.40879835623187,dry,0,0.1963
2596246744,ZM,Muchinga,-13.039938,31.754312,2012,10,27,2012-10-27T10:45,3,540.0,454.7896160460112,dry,0,0.5831
2596246057,BW,North-West,-20.184551,23.469676,2016,8,16,2016-08-16T10:36:19,0,951.0,131.75436044043053,dry,0,0.217
2596229072,BW,North-West,-20.604772,23.453022,2016,8,15,2016-08-15T10:12:04,0,996.0,178.51016997494628,dry,0,0.2094
2596224034,BW,North-West,-20.408157,23.463524,2016,8,14,2016-08-14T02:35:44,0,983.0,156.62646379757913,dry,0,0.2299
2596224033,BW,North-West,-20.555046,23.469461,2016,8,16,2016-08-16T07:28:13,0,988.0,172.9427474430102,dry,0,0.2224
2596222073,BW,North-West,-19.261967,23.14958,2016,8,12,2016-08-12T10:16:06,0,959.0,46.94371853759682,dry,0,0.2775
2596091441,ZM,Muchinga,-13.132135,31.701728,2012,10,25,2012-10-25T16:19,3,542.0,443.3329318373553,dry,0,0.5761
2596085652,ZM,Eastern,-13.181321,31.725086,2012,10,27,2012-10-27T07:11,3,527.0,440.9524701434849,dry,0,0.5069
2596072499,ZM,Muchinga,-13.128649,31.953508,2012,10,26,2012-10-26T06:41,3,549.0,462.1389412432814,dry,0,0.5506
2596065958,BW,North-West,-20.183251,23.372606,2016,8,15,2016-08-15T03:17:01,0,959.0,132.24656756234327,dry,0,0.2295
2596060930,BW,North-West,-20.598529,23.721093,2016,8,13,2016-08-13T02:05:47,0,962.0,179.24693481950592,dry,0,0.2123
2596038975,BW,North-West,-20.736224,23.409311,2016,8,15,2016-08-15T04:09:44,0,997.0,193.29208113185388,dry,0,0.2015
2580241731,ZM,Central,-14.987481,26.174803,2012,10,19,2012-10-19T17:34,5,1211.0,196.04732714363413,dry,0,0.4389
2580236083,ZM,Central,-14.998313,26.151268,2012,10,23,2012-10-23T08:55,5,1171.0,198.56529906252092,dry,0,0.4389
2580103551,ZM,Central,-14.929635,26.049294,2012,10,19,2012-10-19T10:43,5,1112.0,209.69739103638898,dry,0,0.4034
2580097594,ZM,Central,-15.15337,26.115184,2012,10,20,2012-10-20T16:59,5,1161.0,203.08448959811295,dry,0,0.496
2579377458,BW,Chobe,-18.733667,24.567781,2018,6,12,2018-06-12T17:33,0,959.0,116.18992661244174,dry,0,0.2774
2579319950,BW,Central,-19.691854,26.03371,2020,1,20,2020-01-20T16:28:43Z,0,943.0,86.40055494701686,wet,1,0.2664
2579317329,BW,Chobe,-18.711124,24.395847,2020,3,9,2020-03-09T19:25:38,0,933.0,99.5901909771196,wet,1,0.2926
2576286699,BW,Central,-19.71099,26.082972,2020,2,25,2020-02-25T23:22,0,943.0,87.84026598253764,wet,1,0.2486
2576261598,BW,Central,-19.290398,25.628013,2020,2,25,2020-02-25T18:55,0,1019.0,69.60231189622941,wet,1,0.3095
2574296925,BW,North-West,-19.756716,23.404986,2019,4,13,2019-04-13T16:39,0,941.0,84.73116955261189,wet,1,0.2566
2574227883,BW,Central,-19.641479,25.812803,2019,4,24,2019-04-24T09:26,0,979.0,87.87221571505226,wet,1,0.2713
2574146682,BW,North-West,-19.625962,23.379415,2019,8,19,2019-08-19T02:09:31,0,944.0,70.74466512776193,dry,0,0.2203
2574116456,ZW,Mashonaland East,-18.498912,31.55654,2020,2,11,2020-02-11T21:03,8,1394.0,55.796860417968794,wet,1,0.6484
2574070394,ZM,Muchinga,-13.013235,31.787571,2018,2,24,2018-02-24T07:40,3,545.0,459.39794369870566,wet,1,0.5831
2573974312,ZM,Muchinga,-13.073602,31.664042,2018,2,24,2018-02-24T07:24,3,633.0,445.55593263902733,wet,1,0.6206
2563630853,BW,Chobe,-18.797431,24.552379,2019,11,18,2019-11-18T11:03,0,958.0,112.97890640400767,wet,1,0.2758
2563516974,ZM,Southern,-17.97625,25.840716,2017,3,13,2017-03-13T00:29,0,919.0,6.034019114450364,wet,1,0.3629
2563501089,ZM,Eastern,-12.858823,31.966988,2014,8,17,2014-08-17T15:55,3,538.0,485.1407483610209,dry,0,0.5576
2557819219,BW,North-West,-19.346198,23.844689,2017,6,26,2017-06-26T08:25,0,936.0,52.84368196572715,dry,0,0.2931
2557792969,BW,Central,-21.200933,25.285101,2019,6,16,2019-06-16T21:37:19,0,935.0,248.30455637217187,dry,0,0.178
2557792366,BW,North-West,-19.480566,22.025725,2019,6,15,2019-06-15T21:14:54,0,967.0,163.73933800386783,dry,0,0.2626
2557774567,BW,Chobe,-17.822917,24.774598,2019,11,20,2019-11-20T11:04,0,932.0,115.12293250737781,wet,1,0.2935
2540843721,BW,Zambezi,-17.86749,25.187985,2018,3,3,2018-03-03T15:09,0,1011.0,71.09408900513456,wet,1,0.2987
2540840685,BW,Chobe,-17.859058,25.178589,2018,3,1,2018-03-01T16:41,0,1008.0,72.17435012157382,wet,1,0.2987
2540840676,BW,Chobe,-17.97505,25.117146,2018,3,2,2018-03-02T15:30,0,1042.0,78.48805725970884,wet,1,0.2859
2540840675,BW,Chobe,-17.889662,25.035135,2018,3,1,2018-03-01T16:42,0,1012.0,87.06646490820388,wet,1,0.298
2540777715,BW,Chobe,-17.939628,25.000384,2018,3,2,2018-03-02T18:12,0,1028.0,90.66140878650975,wet,1,0.2725
2529381344,BW,North-West,-18.615885,22.94831,2019,12,7,2019-12-07T14:18,0,964.0,72.08564709007416,wet,1,0.2909
2529373297,BW,North-West,-18.963304,22.96704,2019,12,7,2019-12-07T10:52,0,966.0,56.18825469673768,wet,1,0.3393
2529354421,BW,North-West,-19.169002,23.922002,2017,3,6,2017-03-06T09:26,0,933.0,48.162808838500275,wet,1,0.3341
2529279402,BW,North-West,-19.519424,23.872569,2017,4,8,2017-04-08T06:52,0,944.0,69.75257570562131,wet,1,0.2886
2529262410,BW,Chobe,-17.706848,25.081198,2017,4,1,2017-04-01T16:02,0,928.0,85.63410793380257,wet,1,0.3542
2517947973,MZ,,-25.99476,33.208745,2019,4,28,2019-04-28T12:58:31,9,0.0,720.5022423215416,wet,1,0.5318
2465282766,BW,Chobe,-17.89683,24.790059,2008,6,17,2008-06-17T15:18,0,992.0,112.95125131686021,dry,0,0.2782
2460128469,BW,North-West,-20.303699,24.494947,2019,11,19,2019-11-19T12:07,0,928.0,178.52017394025015,wet,1,0.2336
2460112075,BW,Chobe,-18.459244,24.254554,2009,11,15,2009-11-15,0,958.0,99.64572089283934,wet,1,0.2983
2460068949,BW,North-West,-20.255413,24.722843,2019,11,19,2019-11-19T12:06,0,924.0,189.44308996523233,wet,1,0.25
2460067055,BW,Central,-20.518574,24.437123,2019,11,19,2019-11-19T11:49,0,927.0,195.26763790137025,wet,1,0.2479
2460046818,BW,North-West,-20.363346,24.432911,2019,11,19,2019-11-19T13:00,0,931.0,180.33684853233478,wet,1,0.2238
2456591764,BW,Chobe,-17.960896,25.132707,2014,8,3,2014-08-03,0,1045.0,76.74986659853509,dry,0,0.2859
2456561452,BW,Chobe,-18.270259,25.268769,2019,9,8,2019-09-08T13:06,0,1052.0,73.12930829627163,dry,0,0.2841
2429621649,MZ,Maputo,-26.557756,32.842153,2006,11,10,2006-11-10T10:26,9,62.0,723.6054697543815,wet,1,0.7482
2429602299,BW,North-West,-19.202368,23.319453,2018,8,3,2018-08-03T15:47,0,956.0,29.431877482390068,dry,0,0.2753
2429562665,BW,North-West,-19.468265,23.605659,2002,5,1,2002-05-01,0,943.0,53.23721394756825,dry,0,0.2567
2429559440,ZW,Matabeleland North,-18.819355,27.143709,2019,4,14,2019-04-14T13:15:18,0,1039.0,103.5600443525493,wet,1,0.3981
2429364789,ZW,Matabeleland North,-17.967566,25.51731,2019,9,25,2019-09-25T15:39,0,1050.0,36.27570519099114,dry,0,0.3338
2429363343,ZW,Matabeleland North,-17.964836,25.816667,2019,9,26,2019-09-26T08:15,0,908.0,6.221094336604246,dry,0,0.3629
2429357946,BW,North-West,-19.085644,23.322466,2019,9,22,2019-09-22T17:14,0,954.0,20.95011488183284,dry,0,0.285
2429350088,BW,North-West,-18.507866,23.547016,2019,9,18,2019-09-18T18:27,0,945.0,54.94625857920611,dry,0,0.3015
2429291161,BW,North-West,-19.1575,23.305945,2019,8,11,2019-08-11T14:21:04,0,958.0,26.88070679666059,dry,0,0.2791
2429291069,BW,North-West,-19.225501,23.333027,2019,8,12,2019-08-12T10:39:04,0,956.0,30.602178599854767,dry,0,0.2753
2429290084,BW,North-West,-19.099265,23.288632,2019,8,10,2019-08-10,0,954.0,24.806847649346512,dry,0,0.2791
2429289971,BW,North-West,-19.141301,23.765161,2019,8,9,2019-08-09T16:10:46,0,945.0,31.990587625000078,dry,0,0.3152
2429289754,BW,North-West,-18.884886,23.653863,2019,8,9,2019-08-09T14:20:46,0,946.0,20.632688173127733,dry,0,0.2658
2429288568,BW,Chobe,-17.862281,25.03641,2019,8,5,2019-08-05T17:19:33,0,977.0,87.12637746935839,dry,0,0.3079
2429287987,BW,Chobe,-17.912308,25.057159,2019,8,5,2019-08-05T16:12:30,0,1009.0,84.65601213111997,dry,0,0.298
2429287737,BW,Chobe,-18.406898,23.977633,2019,8,7,2019-08-07T09:59:06,0,942.0,82.94589348438822,dry,0,0.3082
2429287530,BW,North-West,-18.950473,23.603142,2019,8,9,2019-08-09T14:30:50,0,952.0,12.16374123575112,dry,0,0.2722
2429266316,ZW,Matabeleland North,-17.819319,25.818201,2019,9,19,2019-09-19T23:21,0,994.0,12.381489268813073,dry,0,0.4211
2423260962,ZW,Matabeleland North,-19.127449,26.738488,2005,10,10,2005-10-10T00:00,0,1037.0,64.27619361962506,dry,0,0.3625
2423260961,ZM,Southern,-17.962186,25.778974,2016,11,6,2016-11-06T04:40,0,951.0,9.285856335407065,wet,1,0.3628
2423260960,BW,North-West,-19.31569,21.59221,2005,10,21,2005-10-21T00:00,0,1010.0,203.43809180717096,dry,0,0.303
2423260959,BW,North-West,-19.289934,23.149347,2017,5,25,2017-05-25T12:29,0,958.0,48.95026313759404,dry,0,0.2738
2423260956,ZW,Matabeleland North,-19.032973,26.64444,2014,11,28,2014-11-28T19:13,0,1044.0,51.743848157854885,wet,1,0.3466
2423260954,ZW,Matabeleland North,-19.012416,26.463227,2011,11,3,2011-11-03T16:31,0,1032.0,32.755356621182116,wet,1,0.4033
2423260952,ZW,Matabeleland North,-19.002012,26.509424,2011,11,4,2011-11-04T09:25,0,1040.0,37.13884118695666,wet,1,0.3828
2423260944,ZW,Matabeleland North,-19.044282,26.552815,2009,11,6,2009-11-06T15:44,0,1034.0,42.80375072570006,wet,1,0.3828
2423260939,ZW,Matabeleland North,-19.080269,26.42044,2016,11,12,2016-11-12T18:43,0,1004.0,31.8620215967485,wet,1,0.361
2423260936,BW,North-West,-19.948056,23.80211,2010,4,8,2010-04-08T11:10,0,946.0,110.0736597822077,wet,1,0.2835
2423255184,BW,Ghanzi,-22.165449,22.69703,2017,4,9,2017-04-09T12:05:30,0,1033.0,361.7670829931438,wet,1,0.1363
2423238330,BW,North-West,-18.597154,21.881648,2015,11,25,2015-11-25T08:28,0,1003.0,176.14326776275533,wet,1,0.2784
2423233863,ZW,Matabeleland North,-17.827818,25.916686,2016,10,9,2016-10-09T11:56,0,937.0,12.438901180573248,dry,0,0.4517
2423156913,BW,North-West,-18.514139,22.111364,2019,9,5,2019-09-05T13:20,0,987.0,155.86990092015625,dry,0,0.2935
2423156719,ZW,Mashonaland West,-16.136934,29.437216,2019,9,15,2019-09-15T16:33,0,538.0,52.208044082864724,dry,0,0.4007
2423156146,ZW,Mashonaland West,-16.024083,29.474331,2019,9,15,2019-09-15T13:12,0,497.0,56.65931379432564,dry,0,0.4469
2423143093,ZW,Mashonaland West,-16.114308,29.524525,2019,9,14,2019-09-14T16:40,0,569.0,61.39705469418587,dry,0,0.4039
2423142404,ZW,Mashonaland West,-16.163834,29.436368,2019,9,14,2019-09-14T17:30,0,888.0,52.43479295735025,dry,0,0.4345
2423129922,ZW,Mashonaland West,-16.028907,29.541891,2019,9,14,2019-09-14T15:26,0,538.0,63.73735962264122,dry,0,0.4475
2423124897,ZW,Mashonaland West,-16.168612,29.491528,2019,9,14,2019-09-14T15:23,0,752.0,58.344414127153264,dry,0,0.4045
2423124547,ZW,Mashonaland West,-16.05482,29.566459,2019,9,14,2019-09-14T10:44,0,562.0,66.05741173863781,dry,0,0.4113
2423117242,ZW,Mashonaland West,-15.787288,29.296486,2019,9,13,2019-09-13T09:59,0,368.0,50.8079716461996,dry,0,0.3895
2423100115,ZW,Mashonaland West,-16.773702,28.502737,2019,6,29,2019-06-29T06:07:32,0,487.0,88.80982220674855,dry,0,0.493
2423027071,BW,Central,-19.648908,26.124786,2019,8,14,2019-08-14T10:59,0,950.0,80.62101390100564,dry,0,0.2608
2422887001,BW,Chobe,-18.687785,24.054783,2019,8,7,2019-08-07T17:39,0,931.0,67.92474336288531,dry,0,0.2852
2422822369,ZW,Matabeleland North,-17.811468,25.689981,2018,11,20,2018-11-20T10:01,0,900.0,21.69323479053108,wet,1,0.3932
2397649016,BW,Chobe,-18.620034,24.45813,2019,7,28,2019-07-28T23:22,0,955.0,109.34158711031891,dry,0,0.3349
2397568208,ZM,Muchinga,-13.075894,31.796605,2018,7,15,2018-07-15T07:39,3,530.0,454.84193230842266,dry,0,0.5754
2397540714,BW,Chobe,-17.967771,24.907464,2019,6,22,2019-06-22T11:40:46,0,1029.0,100.58390242476077,dry,0,0.2708
2397515077,BW,North-West,-19.623433,22.576617,2019,8,15,2019-08-15T17:08,0,962.0,119.14173126624574,dry,0,0.2868
2366069043,ZW,Matabeleland North,-19.157886,26.53627,2019,7,21,2019-07-21T05:35,0,1025.0,46.77086078030329,dry,0,0.3615
2366066875,ZW,Matabeleland North,-19.146887,26.435005,2019,7,20,2019-07-20T07:50,0,1018.0,37.55029662906685,dry,0,0.353
2350368085,ZW,Matabeleland North,-18.746602,26.81045,2018,7,2,2018-07-02T11:45:29,0,1088.0,70.68055190501096,dry,0,0.3873
2331858936,ZW,Matabeleland North,-19.121167,27.179065,2015,7,16,2015-07-16T16:19:28,0,1021.0,108.72927310084698,dry,0,0.3562
2331857358,ZW,Matabeleland North,-19.13477,27.154115,2015,7,16,2015-07-16T16:19:28,0,1023.0,106.47824257882884,dry,0,0.3445
2331856208,ZW,Matabeleland North,-19.139592,27.03885,2015,7,16,2015-07-16T20:10:27,0,1020.0,94.82595846901155,dry,0,0.3327
2331855944,BW,Chobe,-17.916181,25.094989,2015,7,7,2015-07-07T06:16:20,0,1026.0,80.64721792872356,dry,0,0.298
2331855238,BW,Chobe,-17.987195,25.048425,2015,7,8,2015-07-08T01:15:51,0,1035.0,85.83685085975445,dry,0,0.2726
2331854675,BW,North-West,-19.597379,23.616264,2015,7,9,2015-07-09T08:50:27,0,944.0,67.53683653481536,dry,0,0.2499
2311359289,ZW,Manicaland,-18.91663,32.641963,2013,11,5,2013-11-05T17:00:38,-1,1155.0,157.78421183399445,wet,1,0.6062
2311316853,BW,Chobe,-17.801452,25.160236,2019,7,26,2019-07-26T12:22:46,0,995.0,75.01702524529907,dry,0,0.3434
2294663757,ZW,Masvingo,-20.573392,32.33238,2019,4,28,2019-04-28T11:09,1,419.0,299.18405079267876,wet,1,0.4846
2294663660,ZW,Masvingo,-20.587036,32.380673,2019,4,24,2019-04-24T16:15,1,506.0,302.14565476767814,wet,1,0.5311
2294662557,ZW,Mashonaland West,-15.793653,29.900375,2019,7,17,2019-07-17T14:44,0,452.0,107.16781607543444,dry,0,0.3479
2294661129,ZW,Mashonaland West,-16.141969,28.832542,2019,7,17,2019-07-17T18:25,0,393.0,13.386915402429624,dry,0,0.397
2294573109,MZ,Niassa,-12.023429,38.208775,2019,6,22,2019-06-22T16:37,10,280.0,979.8915791577768,dry,0,0.4332
2294478722,ZW,Matabeleland North,-17.994089,25.853442,2017,4,9,2017-04-09T16:33,0,944.0,7.770357169985669,wet,1,0.4156
2294477256,ZW,Matabeleland North,-17.806735,25.897822,2017,4,9,2017-04-09T16:44,0,938.0,13.761408665022644,wet,1,0.3079
2294476691,BW,Chobe,-17.884812,25.182448,2017,4,7,2017-04-07T06:39,0,1004.0,71.53019426079756,wet,1,0.3079
2294476555,BW,Chobe,-17.804595,25.134268,2017,4,7,2017-04-07T15:48,0,930.0,77.65966726884845,wet,1,0.3079
2283274972,ZW,Mashonaland West,-15.896542,29.464225,2019,5,21,2019-05-21T18:25,0,441.0,59.43846483880407,dry,0,0.3079
2283272850,ZW,Mashonaland West,-15.871539,29.425496,2019,5,21,2019-05-21T16:46,0,414.0,56.82292404832549,dry,0,0.3079
2283214159,ZW,Matabeleland North,-19.196973,27.027349,2019,5,25,2019-05-25T00:27,0,1000.0,95.46746033816233,dry,0,0.3079
2283207781,ZM,North-Western,-14.470264,26.157774,2010,10,8,2010-10-08T16:07,5,1101.0,206.67939932389422,dry,0,0.3079
2283182448,ZW,Matabeleland North,-19.052533,27.141151,2019,5,27,2019-05-27T08:36,0,1030.0,103.52950628891814,dry,0,0.3079
2283152956,ZW,Matabeleland North,-19.110854,27.193827,2019,5,26,2019-05-26T16:43,0,1021.0,110.03198367616542,dry,0,0.3079
2283081665,ZW,Mashonaland East,-18.409119,31.513959,2012,8,27,2012-08-27T13:14,8,1407.0,45.51584610816508,dry,0,0.3079
2283079558,ZW,Mashonaland East,-18.450415,31.437217,2012,8,28,2012-08-28T02:21,8,1439.0,50.52091018504798,dry,0,0.3079
2283079224,ZW,Mashonaland East,-18.568746,31.515187,2012,8,27,2012-08-27T19:13,8,1404.0,63.26199360822774,dry,0,0.3079
2283078942,ZW,Mashonaland East,-18.413733,31.576403,2012,8,27,2012-08-27T19:14,8,1398.0,46.70749608636058,dry,0,0.3079
2283078651,ZW,Mashonaland East,-18.429117,31.505047,2012,8,26,2012-08-26T07:39,8,1437.0,47.718611021488776,dry,0,0.3079
2283077912,ZW,Mashonaland East,-18.466224,31.432434,2012,8,28,2012-08-28T08:19,8,1457.0,52.330539270906314,dry,0,0.3079
2283061768,BW,Chobe,-17.916214,25.130602,2018,6,26,2018-06-26T04:27:55,0,1017.0,76.87955366974214,dry,0,0.3079
2283061702,BW,Chobe,-17.910766,25.145626,2018,6,25,2018-06-25T05:31:51,0,1031.0,75.30095063947255,dry,0,0.3079
2283060789,BW,North-West,-19.444136,23.00994,2018,6,22,2018-06-22T01:08:52,0,958.0,71.3194361618243,dry,0,0.3079
2283060722,BW,North-West,-19.275934,23.564712,2018,6,23,2018-06-23T02:20:17,0,948.0,31.426509396073687,dry,0,0.3079
2283051678,ZW,Mashonaland West,-16.871637,28.248366,2019,5,20,2019-05-20T15:03,0,504.0,113.83562453640005,dry,0,0.3079
2273313642,BW,Chobe,-17.808437,25.14459,2015,1,26,2015-01-26T01:07,0,932.0,76.5097519875445,wet,1,0.3079
2273308283,BW,Chobe,-17.98813,25.100687,2015,1,26,2015-01-26T02:17,0,1042.0,80.33718240591419,wet,1,0.3079
2273292757,BW,Chobe,-18.572672,23.921641,2012,7,31,2012-07-31T11:17,0,942.0,65.02304836430395,dry,0,0.3079
2273274418,ZW,Mashonaland West,-16.943806,28.310101,2019,5,17,2019-05-17T17:27,0,546.0,116.00329051315855,dry,0,0.3079
2273266332,ZW,Mashonaland West,-15.692274,29.298004,2019,6,23,2019-06-23T09:10:26,0,394.0,58.655872628157304,dry,0,0.3079
2273266305,BW,North-West,-19.064391,23.933623,2005,1,19,2005-01-19T05:53,0,937.0,46.13984530669221,wet,1,0.3079
2273249583,BW,North-West,-19.033637,23.699302,2019,6,8,2019-06-08T23:23,0,944.0,21.28309987686464,dry,0,0.3079
2273249526,BW,North-West,-18.574627,22.221664,2018,10,4,2018-10-04T04:57,0,1001.0,142.64086990293046,dry,0,0.3079
2273240836,BW,North-West,-19.113098,23.683727,2019,4,18,2019-04-18,0,946.0,23.044005532432156,wet,1,0.3079
2273232985,ZW,Matabeleland North,-19.14836,26.468021,1999,7,16,1999-07-16T22:44,0,1029.0,40.3308883516598,dry,0,0.3079
2273226507,BW,Central,-22.305227,28.838359,2013,7,10,2013-07-10T10:14,4,652.0,181.00107560803298,dry,0,0.3079
2273226402,BW,Chobe,-17.918772,25.346179,2016,9,20,2016-09-20T14:18,0,1040.0,54.06930290824749,dry,0,0.3079
2273225121,BW,Central,-19.798447,26.02049,2016,9,18,2016-09-18T14:30,0,930.0,98.32285629361739,dry,0,0.3079
2269326371,BW,North-West,-19.270152,23.081171,2019,6,7,2019-06-07T18:21,0,960.0,53.27509581440679,dry,0,0.3079
2269325992,BW,North-West,-19.223145,23.07257,2019,6,7,2019-06-07T18:23,0,957.0,51.3071900753181,dry,0,0.3079
2269288189,BW,North-West,-19.117405,23.622921,2019,6,6,2019-06-06T00:21,0,946.0,18.366501504228506,dry,0,0.3079
2269271750,BW,North-West,-19.195634,23.716483,2019,6,5,2019-06-05T00:28,0,941.0,31.474390992533895,dry,0,0.3079
2269267707,BW,North-West,-19.30354,23.227915,2019,6,5,2019-06-05T18:20,0,956.0,44.22687989965703,dry,0,0.3079
2269254007,ZW,Matabeleland North,-19.096207,27.075095,2019,5,28,2019-05-28T20:59,0,1029.0,97.47357102614309,dry,0,0.3079
2269248295,ZM,Muchinga,-13.188082,31.966144,2018,7,16,2018-07-16T16:26,3,562.0,458.3688846850136,dry,0,0.3079
2269239875,BW,Chobe,-18.356427,23.975735,2019,6,4,2019-06-04T23:31,0,942.0,87.36375448372574,dry,0,0.3079
2265906903,BW,Chobe,-18.211973,23.914229,2019,6,3,2019-06-03T01:01,0,939.0,97.89586299217653,dry,0,0.3079
2265884327,ZM,Muchinga,-13.182631,31.60646,2018,7,17,2018-07-17T16:52,3,577.0,432.3060859811402,dry,0,0.3079
2265859083,BW,Central,-22.365769,28.999832,2010,8,22,2010-08-22T17:23,4,655.0,196.00773570123158,dry,0,0.3079
2265858668,BW,Chobe,-17.973394,25.320861,2019,4,28,2019-04-28T17:17,0,1056.0,56.9977071232458,wet,1,0.3079
2265856877,BW,Central,-22.414563,28.990399,2010,8,28,2010-08-28T17:34,4,650.0,194.21257438605207,dry,0,0.3079
2265839593,BW,Central,-20.484796,25.166401,2019,4,22,2019-04-22T08:55,0,910.0,202.55935451735215,wet,1,0.3079
2252066793,ZW,Mashonaland West,-15.605254,30.261794,2019,3,14,2019-03-14T14:07,0,351.0,150.71551586840937,wet,1,0.3079
2251998449,BW,Central,-22.578243,28.971065,2010,8,30,2010-08-30T13:38,4,769.0,190.50861706446858,dry,0,0.3079
2251962242,BW,North-West,-19.269546,23.12728,2004,10,21,2004-10-21,0,961.0,49.309440797360544,dry,0,0.3079
2251945487,ZW,Masvingo,-20.757,32.148206,2018,7,30,2018-07-30T07:34,1,460.0,314.01221862067723,dry,0,0.3079
2251943032,ZW,Masvingo,-20.626573,32.087989,2018,7,29,2018-07-29T10:15,1,506.0,298.506608533127,dry,0,0.3079
2251942790,ZW,Masvingo,-20.648712,32.053171,2018,7,29,2018-07-29T14:33,1,535.0,300.1871419799642,dry,0,0.3079
2251928426,ZW,Masvingo,-20.49613,32.278229,2018,10,19,2018-10-19T07:14,1,425.0,289.3284710630759,dry,0,0.3079
2251920975,ZW,Masvingo,-20.409335,32.322262,2018,10,22,2018-10-22T10:17,1,436.0,281.47320191937285,dry,0,0.3079
2251919109,ZW,Masvingo,-21.458994,32.086692,2018,9,7,2018-09-07T16:53,1,380.0,389.49175598769733,dry,0,0.3079
2251918407,ZW,Masvingo,-21.454982,32.122911,2018,9,7,2018-09-07T15:51,1,380.0,389.6674492443458,dry,0,0.3079
2251913948,BW,Chobe,-18.731513,24.512982,2004,10,24,2004-10-24,0,951.0,110.68918721383557,dry,0,0.3079
2251910539,ZW,Masvingo,-20.43919,32.208705,2019,4,11,2019-04-11T11:04,1,440.0,281.2460119361373,wet,1,0.3079
2251908777,ZW,Mashonaland West,-15.846486,29.587054,2019,5,16,2019-05-16T13:01,0,431.0,73.7057596479501,dry,0,0.3079
2251907853,ZW,Mashonaland West,-16.070609,28.986887,2019,5,17,2019-05-17T12:43,0,436.0,5.1198336925845815,dry,0,0.3079
2251907719,ZW,Mashonaland West,-16.14869,28.800683,2019,5,17,2019-05-17T16:17,0,407.0,16.843966389901034,dry,0,0.3079
2244292249,BW,Chobe,-17.992551,25.11375,2004,10,23,2004-10-23,0,1040.0,79.00561862933941,dry,0,0.3079
2242825449,ZW,Mashonaland West,-15.939656,28.980555,2019,4,27,2019-04-27T14:23,0,366.0,18.126035911997143,wet,1,0.3079
2237414294,ZW,Mashonaland East,-18.530944,31.570257,2012,8,31,2012-08-31T09:22,8,1360.0,59.50255034468905,dry,0,0.3079
2237414280,ZW,Mashonaland East,-18.5025,31.534952,2012,8,27,2012-08-27T19:14,8,1375.0,55.9972239520505,dry,0,0.3079
2236911483,ZM,Central,-15.059598,28.517372,2019,2,23,2019-02-23T10:11,0,1151.0,55.954934744417116,wet,1,0.3079
2236289447,ZM,Muchinga,-13.181525,31.756634,2005,12,8,2005-12-08T07:00,3,539.0,443.2401785116454,wet,1,0.3079
2236289003,ZM,Muchinga,-12.837262,31.485458,2005,12,8,2005-12-08T08:58,3,682.0,446.4599753442084,wet,1,0.3079
2236288705,ZM,Muchinga,-12.864483,31.613644,2005,12,8,2005-12-08T05:46,3,642.0,456.57544278352356,wet,1,0.3079
2236287347,ZM,Muchinga,-13.05206,31.706869,2005,12,8,2005-12-08T06:00,3,581.0,450.3983615957733,wet,1,0.3079
2235554150,ZM,Muchinga,-11.865614,32.264434,2019,4,4,2019-04-04T04:29,3,643.0,578.0311169417192,wet,1,0.3079
2235501564,BW,North-West,-19.308378,22.802531,2019,3,24,2019-03-24T13:13,0,961.0,80.88899991432339,wet,1,0.3079
2235499545,BW,Central,-22.181097,29.108928,2019,3,20,2019-03-20T07:45,4,561.0,211.31869923447917,wet,1,0.3079
2235499296,BW,Central,-22.054403,29.09734,2019,3,20,2019-03-20T06:08,4,623.0,214.1827106908035,wet,1,0.3079
2234748505,ZW,Masvingo,-20.406098,32.395174,2018,7,28,2018-07-28T07:19,1,528.0,283.57552731957605,dry,0,0.3079
2028512817,ZW,Masvingo,-20.090885,32.182838,2018,1,12,2018-01-12T15:36,1,579.0,243.3201813399036,wet,1,0.3079
2028449504,BW,North-West,-18.87404,22.937095,2019,2,22,2019-02-22T15:17,0,966.0,60.838566760156866,wet,1,0.3079
2012961698,ZM,Muchinga,-11.955888,32.306964,2019,3,1,2019-03-01T09:02,3,609.0,575.6804972707616,wet,1,0.3079
2006079812,BW,Chobe,-17.837704,25.091158,2014,7,25,2014-07-25T23:42,0,929.0,81.63527608228691,dry,0,0.3079
2006079794,BW,Chobe,-17.90403,25.168719,2014,7,27,2014-07-27T01:17,0,1024.0,72.87887551966607,dry,0,0.3079
2006079790,BW,Chobe,-17.897972,25.126043,2014,7,27,2014-07-27T19:46,0,1013.0,77.41599263074359,dry,0,0.3079
2006079772,BW,Chobe,-17.981416,25.175919,2014,7,26,2014-07-26T23:42,0,1048.0,72.34577680591562,dry,0,0.3079
2006079769,BW,Chobe,-17.866833,25.020347,2014,7,27,2014-07-27T23:45,0,986.0,88.78187533697961,dry,0,0.3079
2006079763,BW,Chobe,-17.952391,25.099983,2014,7,26,2014-07-26T23:42,0,1036.0,80.16648312293925,dry,0,0.3079
2006079742,BW,Chobe,-17.849674,25.028842,2014,7,26,2014-07-26T23:42,0,963.0,88.04884340308575,dry,0,0.3079
2006079732,BW,Chobe,-17.990461,25.057293,2014,7,27,2014-07-27T23:43,0,1038.0,84.93186318901778,dry,0,0.3079
2006079414,BW,North-West,-19.880606,23.232566,2014,7,22,2014-07-22T00:40,0,944.0,101.85501463264966,dry,0,0.3079
2006079394,BW,North-West,-19.903911,23.264447,2014,7,22,2014-07-22T01:04,0,940.0,103.50005586105142,dry,0,0.3079
2006079387,BW,North-West,-19.98313,23.218253,2014,7,23,2014-07-23T20:03,0,941.0,113.23802721242056,dry,0,0.3079
2006079324,BW,North-West,-19.819719,23.298316,2014,7,22,2014-07-22T00:57,0,945.0,93.57055152540977,dry,0,0.3079
2006079293,BW,North-West,-19.614437,23.382135,2014,7,22,2014-07-22T00:57,0,947.0,69.43285410966787,dry,0,0.3079
2006079276,BW,North-West,-19.900723,23.256002,2014,7,23,2014-07-23T19:46,0,943.0,103.37146239647511,dry,0,0.3079
2006079274,BW,North-West,-19.956313,23.378673,2014,7,22,2014-07-22T00:49,0,941.0,107.09507024971789,dry,0,0.3079
2006079271,BW,North-West,-19.855229,23.315027,2014,7,22,2014-07-22T00:49,0,943.0,97.05511815000015,dry,0,0.3079
2006079265,BW,North-West,-19.836485,23.364359,2014,7,24,2014-07-24T19:48,0,941.0,94.09427707249246,dry,0,0.3079
2006079170,BW,North-West,-19.845054,23.237266,2014,7,22,2014-07-22T00:53,0,945.0,97.92168985991856,dry,0,0.3079
2006079150,BW,North-West,-19.999801,23.356829,2014,7,24,2014-07-24T19:52,0,941.0,112.1810415486445,dry,0,0.3079
2006079078,BW,Central,-19.701932,26.087125,2014,7,21,2014-07-21T03:53,0,949.0,86.79555011183675,dry,0,0.3079
1993761237,ZW,Masvingo,-21.462321,32.128965,2018,9,7,2018-09-07T15:51,1,379.0,390.5780296501196,dry,0,0.3079
1993761167,ZW,Masvingo,-21.49701,32.117429,2018,9,7,2018-09-07T16:53,1,330.0,394.17978241122427,dry,0,0.3079
1990581959,ZM,Muchinga,-11.832505,32.209745,2018,11,16,2018-11-16T11:58,3,688.0,575.5936225885113,wet,1,0.3079
1986619739,ZM,Muchinga,-11.94604,32.207023,2019,1,9,2019-01-09T00:40,3,645.0,567.6378455209607,wet,1,0.3079
1986580579,ZW,Matabeleland North,-16.977287,27.903742,2017,2,9,2017-02-09,0,487.0,148.16733541106174,wet,1,0.3079
1986578970,BW,North-West,-18.439013,21.816676,2018,11,19,2018-11-19T08:58,0,1018.0,187.9287193362476,wet,1,0.3079
1978863345,BW,Chobe,-17.990565,25.164729,2018,11,3,2018-11-03T18:53:36,0,1048.0,73.61793157662811,wet,1,0.3079
1978451403,BW,North-West,-20.051118,24.601152,2000,6,27,2000-06-27,0,927.0,164.24848135860455,dry,0,0.3079
1950017277,ZM,Muchinga,-11.859383,32.360341,2018,12,11,2018-12-11T09:35,3,617.0,586.7547598516113,wet,1,0.3079
1948776658,BW,Chobe,-17.997571,25.11121,2016,10,11,2016-10-11T05:18,0,1043.0,79.32732410366147,dry,0,0.3079
1948776471,BW,Chobe,-17.876236,25.170301,2016,10,11,2016-10-11T04:59,0,1008.0,72.87855591601505,dry,0,0.3079
1948776451,BW,Chobe,-17.954812,25.147588,2016,10,11,2016-10-11T05:11,0,1045.0,75.14562069858115,dry,0,0.3079
1948776426,BW,Chobe,-17.81297,25.110581,2016,10,11,2016-10-11T04:59,0,931.0,79.97934242742572,dry,0,0.3079
1948746678,BW,Chobe,-18.404623,24.11052,2018,11,21,2018-11-21T16:14:22,0,944.0,92.29048560669511,wet,1,0.3079
1946354294,ZW,Matabeleland North,-17.834569,25.347733,2009,9,23,2009-09-23T17:01,0,925.0,54.82966682589358,dry,0,0.3079
1946349832,BW,North-West,-19.904037,24.631732,2018,10,4,2018-10-04T12:19,0,935.0,155.51477324075864,dry,0,0.3079
1944407077,MZ,Sofala,-18.957758,34.559506,2018,5,24,2018-05-24T10:26,7,34.0,339.7736746932077,dry,0,0.3079
1935629872,ZM,Muchinga,-11.998713,32.357035,2018,11,9,2018-11-09T05:29,3,590.0,577.2691377385319,wet,1,0.3079
1935590634,ZM,Muchinga,-11.948061,32.32317,2018,11,3,2018-11-03T02:50,3,610.0,577.6154709960337,wet,1,0.3079
1932348503,BW,Chobe,-18.991058,24.039861,2018,9,29,2018-09-29T18:05:30,0,922.0,56.76950580774304,dry,0,0.3079
1931529909,ZW,Matabeleland North,-18.650732,26.247904,2018,5,2,2018-05-02T18:29,0,973.0,31.687612773983197,dry,0,0.3079
1914343824,ZW,Mashonaland West,-15.859195,29.47066,2018,9,23,2018-09-23T12:52,0,421.0,61.76358587806753,dry,0,0.3079
1914343078,ZW,Mashonaland West,-15.80753,29.586922,2018,9,23,2018-09-23T17:31,0,411.0,75.46188958960772,dry,0,0.3079
1914326565,ZW,Mashonaland West,-15.998498,29.525076,2018,9,22,2018-09-22T15:38,0,509.0,62.48103491880685,dry,0,0.3079
1914326465,ZW,Mashonaland West,-15.867466,29.563866,2018,9,22,2018-09-22T13:54,0,432.0,70.53030459288829,dry,0,0.3079
1914326411,ZW,Mashonaland West,-15.831939,29.598326,2018,9,22,2018-09-22T12:49,0,422.0,75.44717618834487,dry,0,0.3079
1914326395,ZW,Mashonaland West,-15.92627,29.48074,2018,9,22,2018-09-22T12:39,0,453.0,59.924797356534775,dry,0,0.3079
1914244618,ZW,Mashonaland West,-15.821867,29.506212,2018,9,22,2018-09-22T11:58,0,414.0,67.02534008563292,dry,0,0.3079
1914238545,ZW,Mashonaland West,-15.966726,29.420439,2018,9,22,2018-09-22T13:09,0,457.0,52.41420306266517,dry,0,0.3079
1914238307,ZW,Mashonaland West,-15.91109,29.402998,2018,9,22,2018-09-22T12:34,0,431.0,52.7786634114063,dry,0,0.3079
1914237025,ZW,Mashonaland West,-15.790663,29.23721,2018,9,20,2018-09-20T15:00,0,370.0,46.109459279309185,dry,0,0.3079
1914209218,BW,Chobe,-18.67108,24.414022,2014,5,11,2014-05-11T04:03,0,931.0,102.91024915436925,dry,0,0.3079
1913675452,BW,North-West,-19.156683,23.979754,2018,8,12,2018-08-12T13:46,0,927.0,53.34146298766478,dry,0,0.3079
1913675177,BW,North-West,-19.287799,23.117323,2009,6,20,2009-06-20T17:32,0,958.0,51.381241042214164,dry,0,0.3079
1913675162,BW,North-West,-19.207395,23.052587,2009,6,22,2009-06-22,0,960.0,52.36198672117277,dry,0,0.3079
1913675155,BW,North-West,-19.28129,23.082136,2009,6,26,2009-06-26T13:39,0,959.0,53.89931556973585,dry,0,0.3079
1913675142,BW,North-West,-19.274977,23.143699,2009,6,26,2009-06-26T14:53,0,957.0,48.33056899262232,dry,0,0.3079
1913675116,BW,North-West,-19.38287,23.099899,2009,6,21,2009-06-21T14:26,0,957.0,59.81533215820083,dry,0,0.3079
1913675111,BW,North-West,-19.265032,23.06794,2009,6,22,2009-06-22T18:11,0,958.0,54.11710756737125,dry,0,0.3079
1901082803,MZ,Sofala,-18.980366,34.205448,2018,8,9,2018-08-09T02:44,7,133.0,305.4127074846137,dry,0,0.3079
1891324103,ZM,Muchinga,-13.033503,31.852808,2018,7,16,2018-07-16T16:27,3,529.0,462.4199846245418,dry,0,0.3079
1890711521,BW,Chobe,-17.829291,25.045903,2015,2,12,2015-02-12T23:38:41,0,928.0,86.50401399684065,wet,1,0.3079
1890711518,BW,Chobe,-18.71119,24.642484,2015,2,12,2015-02-12T09:57:42,0,973.0,124.43605429387601,wet,1,0.3079
1890704340,BW,North-West,-19.56522,23.382088,2015,2,11,2015-02-11T08:13:47,0,946.0,64.05644265546813,wet,1,0.3079
1890704236,BW,North-West,-19.511757,23.30073,2015,2,11,2015-02-11T04:20:01,0,953.0,60.627726531943225,wet,1,0.3079
1890685096,ZW,Mashonaland West,-15.784839,29.264777,2018,7,27,2018-07-27T12:57,0,367.0,48.58790160174293,dry,0,0.3079
1890684133,ZM,Muchinga,-13.151132,31.78181,2018,7,16,2018-07-16T09:59,3,528.0,447.5730661759595,dry,0,0.3079
1890684125,ZM,Muchinga,-13.116443,31.713774,2018,7,16,2018-07-16T08:27,3,537.0,445.50398517508967,dry,0,0.3079
1890074771,ZW,Mashonaland West,-15.71763,29.595602,2018,7,25,2018-07-25T10:15,0,392.0,81.08011723420412,dry,0,0.3079
1883560174,ZM,Muchinga,-13.046007,31.848768,2018,7,15,2018-07-15T16:50,3,529.0,461.09577625223886,dry,0,0.3079
1883560093,ZM,Muchinga,-13.081067,31.750226,2018,7,15,2018-07-15T13:11,3,524.0,451.0663102143493,dry,0,0.3079
1883560071,ZM,Eastern,-13.143558,31.754648,2018,7,15,2018-07-15T17:29,3,525.0,446.2128910523453,dry,0,0.3079
1883560057,ZM,Eastern,-13.021256,31.761265,2018,7,15,2018-07-15T14:21,3,548.0,456.84911283839364,dry,0,0.3079
1883560054,ZM,Muchinga,-13.085895,31.937608,2018,7,15,2018-07-15T16:18,3,548.0,464.3848125503729,dry,0,0.3079
1883560027,ZM,Muchinga,-13.049537,31.632409,2018,7,15,2018-07-15T12:47,3,635.0,445.377131680175,dry,0,0.3079
1883559852,ZM,Muchinga,-13.102944,31.73067,2018,7,15,2018-07-15T07:38,3,525.0,447.84099332154244,dry,0,0.3079
1883559841,ZM,Muchinga,-13.092305,31.601624,2018,7,15,2018-07-15T08:48,3,697.0,439.59174856925546,dry,0,0.3079
1883559807,ZM,Eastern,-13.171456,31.612076,2018,7,15,2018-07-15T06:51,3,593.0,433.64261883334814,dry,0,0.3079
1880656685,BW,Chobe,-17.950317,25.057886,2018,6,28,2018-06-28T17:02,0,1032.0,84.60898916107836,dry,0,0.3079
1880656579,BW,Chobe,-17.912662,25.165744,2018,6,28,2018-06-28T16:55,0,1026.0,73.16844352417097,dry,0,0.3079
1880624959,BW,North-West,-18.34067,23.405556,2018,6,14,2018-06-14T10:51,0,954.0,73.98612669321722,dry,0,0.3079
1880574751,ZM,Lusaka,-15.581538,28.358798,2018,6,24,2018-06-24T14:47,0,1219.0,75.24930984214018,dry,0,0.3079
1880508227,ZM,Southern,-17.879637,25.828916,2018,6,17,2018-06-17T16:49:15,0,892.0,5.798342666121077,dry,0,0.3079
1850942973,BW,Chobe,-17.966268,25.140675,2016,4,6,2016-04-06T10:37,0,1042.0,75.94137151194347,wet,1,0.3079
1850942237,BW,Chobe,-17.774337,25.025202,2016,4,6,2016-04-06T02:28,0,931.0,89.62566579779782,wet,1,0.3079
1850941967,BW,Chobe,-17.848353,25.106481,2016,4,5,2016-04-05T09:39,0,964.0,79.88909311218582,wet,1,0.3079
1850936759,BW,Chobe,-17.674134,25.105182,2016,4,5,2016-04-05T20:09,0,927.0,84.33738856079086,wet,1,0.3079
1850936640,BW,Chobe,-17.65238,25.106959,2016,4,5,2016-04-05T21:01,0,929.0,84.99450798502416,wet,1,0.3079
1850936363,BW,Chobe,-17.737543,25.025147,2016,4,5,2016-04-05T23:11,0,930.0,90.49071805738025,wet,1,0.3079
1850936175,BW,Chobe,-17.810652,25.367723,2016,4,5,2016-04-05T18:27,0,925.0,53.321356521937794,wet,1,0.3079
1850935437,BW,Central,-19.739897,26.074917,2016,4,4,2016-04-04T14:35,0,939.0,91.12384916446779,wet,1,0.3079
1850935304,BW,Chobe,-17.872143,25.28817,2016,4,4,2016-04-04T18:03,0,987.0,60.48971404227931,wet,1,0.3079
1850935066,BW,Chobe,-17.629891,25.016583,2012,8,25,2012-08-25T15:51,0,930.0,94.8382617620923,dry,0,0.3079
1850934930,BW,North-West,-20.051039,24.662832,2016,4,3,2016-04-03T11:54,0,927.0,168.84655156691096,wet,1,0.3079
1850934814,BW,Chobe,-17.677943,25.043034,2016,4,4,2016-04-04T20:52,0,927.0,90.44487168694003,wet,1,0.3079
1850934764,BW,Chobe,-17.889157,25.209531,2016,4,4,2016-04-04T18:07,0,1008.0,68.64014554922512,wet,1,0.3079
1850934710,BW,Chobe,-17.849364,25.349525,2016,4,4,2016-04-04T17:58,0,957.0,54.36466889753564,wet,1,0.3079
1850923258,BW,North-West,-19.266268,23.019142,2016,4,3,2016-04-03T08:38,0,960.0,58.55256226582141,wet,1,0.3079
1850922260,BW,North-West,-19.984447,24.683326,2016,4,3,2016-04-03T14:18,0,934.0,165.43181972958533,wet,1,0.3079
1850910652,BW,Chobe,-17.915528,25.171422,2012,8,24,2012-08-24T16:54,0,1032.0,72.56222859054324,dry,0,0.3079
1850910623,BW,Chobe,-17.784405,25.181974,2012,8,23,2012-08-23T19:29,0,934.0,73.13900186179758,dry,0,0.3079
1850910548,BW,North-West,-19.609184,23.344932,2012,8,23,2012-08-23T08:22,0,945.0,69.66545955872988,dry,0,0.3079
1850909449,BW,North-West,-19.776486,23.34385,2012,8,22,2012-08-22T11:58,0,940.0,87.88099010216898,dry,0,0.3079
1850909442,BW,North-West,-19.717748,23.29635,2012,8,22,2012-08-22T13:51,0,944.0,82.61997736550788,dry,0,0.3079
1850909401,BW,North-West,-19.605564,23.2024,2012,8,21,2012-08-21T12:13,0,954.0,74.2258333999997,dry,0,0.3079
1850909324,BW,Chobe,-17.649849,25.136663,2012,8,25,2012-08-25T17:51,0,932.0,82.16746438660368,dry,0,0.3079
1850909305,BW,North-West,-19.655856,23.399616,2012,8,21,2012-08-21T13:17,0,943.0,73.684577801876,dry,0,0.3079
1850909245,BW,North-West,-19.708213,23.327279,2012,8,21,2012-08-21T15:17,0,944.0,80.80752174743643,dry,0,0.3079
1850909237,BW,Chobe,-17.79199,25.157842,2012,8,25,2012-08-25T17:45,0,939.0,75.46614342659343,dry,0,0.3079
1850909236,BW,Chobe,-17.646663,25.196131,2012,8,25,2012-08-25T17:38,0,937.0,76.50008242127265,dry,0,0.3079
1850909214,BW,North-West,-19.762969,23.300523,2012,8,21,2012-08-21T12:15,0,943.0,87.3803886296145,dry,0,0.3079
1850909213,BW,North-West,-19.665122,23.301277,2012,8,21,2012-08-21T12:24,0,948.0,76.84121207345741,dry,0,0.3079
1850909155,BW,North-West,-19.626038,23.378217,2012,8,21,2012-08-21T14:48,0,948.0,70.7755705760245,dry,0,0.3079
1850898445,ZW,Matabeleland North,-18.786836,26.862107,2016,4,1,2016-04-01,0,1073.0,74.8616855997947,wet,1,0.3079
1850897649,ZW,Matabeleland North,-18.677435,27.110015,2016,4,3,2016-04-03,0,1062.0,103.1284243092461,wet,1,0.3079
1847507996,MZ,Gaza,-23.354357,31.849802,2017,8,20,2017-08-20T01:08:55,11,234.0,490.7158552241985,dry,0,0.3079
1847488519,BW,North-West,-19.625962,23.801334,2017,7,7,2017-07-07T01:17,0,940.0,76.44984274621523,dry,0,0.3079
1847488493,BW,North-West,-19.340857,24.30001,2017,7,6,2017-07-06T16:53,0,961.0,92.17659848918153,dry,0,0.3079
1847484598,ZM,Lusaka,-15.680172,29.222021,2018,4,3,2018-04-03T14:19,0,983.0,55.00538924130085,wet,1,0.3079
1847472387,BW,North-West,-19.474878,23.990647,2017,7,13,2017-07-13T10:53,0,953.0,73.7674017880138,dry,0,0.3079
1847453809,ZM,Lusaka,-15.694779,29.307037,2018,4,3,2018-04-03T12:27,0,385.0,59.06056565487256,wet,1,0.3079
1847444052,ZM,Lusaka,-15.998796,29.085189,2018,4,3,2018-04-03T09:38,0,446.0,18.31222331424492,wet,1,0.3079
1847441975,ZM,Lusaka,-15.606831,29.099882,2018,4,3,2018-04-03T09:22,0,1100.0,57.13338564991626,wet,1,0.3079
1841249051,BW,North-West,-19.90459,24.692303,2017,8,14,2017-08-14,0,931.0,160.45121018280057,dry,0,0.3079
1839221571,ZM,Lusaka,-15.96562,28.959281,2018,4,4,2018-04-04T14:49,0,380.0,14.975257325442627,wet,1,0.3079
1838367286,BW,Central,-20.467643,24.538345,2014,10,18,2014-10-18,0,928.0,196.06733309269057,dry,0,0.3079
1838364855,ZW,Masvingo,-21.221872,31.974168,2014,9,28,2014-09-28,1,362.0,361.6809537710668,dry,0,0.3079
1838321948,BW,Central,-22.043045,29.395039,2011,12,21,2011-12-21,4,559.0,243.8366113729694,wet,1,0.3079
1838317048,BW,North-West,-19.545883,22.869939,2013,10,17,2013-10-17,0,960.0,89.76621888885904,dry,0,0.3079
1838316802,BW,Central,-21.151011,24.298375,2013,10,15,2013-10-15,0,950.0,253.29644545004578,dry,0,0.3079
1836630852,MZ,Maputo,-25.187271,32.096514,2018,2,23,2018-02-23T18:02,-1,115.0,579.4136701286665,wet,1,0.3079
1831195233,ZW,Masvingo,-21.389665,32.3778,2017,12,18,2017-12-18T18:59,1,283.0,387.9503234163679,wet,1,0.3079
1831178016,ZW,Masvingo,-20.249255,32.184055,2018,1,9,2018-01-09T16:07,1,502.0,260.22414397202965,wet,1,0.3079
1831090566,MZ,Maputo,-26.48296,32.633437,2018,2,15,2018-02-15T15:55,9,2.0,701.9107102925323,wet,1,0.3079
1807324547,BW,North-West,-18.89933,23.158835,2002,12,8,2002-12-08,0,960.0,37.585485431943525,wet,1,0.3079
1807324521,BW,North-West,-19.511908,23.232087,2002,12,10,2002-12-10,0,951.0,63.490261278497584,wet,1,0.3079
1807323305,BW,Chobe,-17.972446,25.185223,2002,12,2,2002-12-02,0,1047.0,71.28540376785504,wet,1,0.3079
1807323166,BW,Chobe,-18.764823,24.587247,2002,12,6,2002-12-06,0,960.0,117.3410371344916,wet,1,0.3079
1807311987,ZM,Lusaka,-15.749384,29.270694,2011,7,23,2011-07-23,0,370.0,51.92143426207773,dry,0,0.3079
1807298711,BW,North-West,-18.807465,22.453056,2008,6,13,2008-06-13T12:03,0,984.0,112.19721861757004,dry,0,0.3079
1806345595,BW,Chobe,-17.822793,25.13952,2011,9,16,2011-09-16T15:21,0,949.0,76.78485677129316,dry,0,0.3079
1806335506,ZM,Central,-15.114812,28.417616,2018,1,6,2018-01-06T10:58,0,1115.0,46.62429781072808,wet,1,0.3079
1805419296,ZM,Lusaka,-15.553805,28.221382,2008,8,21,2008-08-21T00:43,0,1208.0,66.0002602782383,dry,0,0.3079
1805411791,BW,North-West,-19.098854,23.303853,2018,1,3,2018-01-03T08:20,0,954.0,23.363450718511675,wet,1,0.3079
1805399178,ZM,Muchinga,-11.89163,32.014812,2006,7,9,2006-07-09T09:37,3,710.0,554.9111540403237,dry,0,0.3079
1805399137,ZM,Eastern,-12.814398,31.911307,2006,7,7,2006-07-07T17:10,3,538.0,484.88030231838246,dry,0,0.3079
1805399121,ZM,Eastern,-12.931859,31.97706,2006,7,8,2006-07-08T07:59,3,535.0,479.83908491071617,dry,0,0.3079
1805399017,ZM,Muchinga,-12.968741,31.942235,2006,7,2,2006-07-02T08:55,3,533.0,474.2658828297662,dry,0,0.3079
1805398876,ZM,Eastern,-12.989723,31.841285,2006,7,1,2006-07-01T11:58,3,537.0,465.2108858587539,dry,0,0.3079
1802772835,ZM,North-Western,-14.436912,26.156671,2011,9,9,2011-09-09T15:14,5,1099.0,207.89421936448693,dry,0,0.3079
1802772131,ZW,Mashonaland West,-15.948812,29.193711,2011,9,1,2011-09-01T09:41,0,415.0,31.000620091489584,dry,0,0.3079
1802772128,ZW,Mashonaland West,-15.962518,29.155869,2011,9,1,2011-09-01T07:04,0,435.0,26.791064550468082,dry,0,0.3079
1802769275,ZW,Matabeleland North,-19.092641,27.320743,2011,8,28,2011-08-28T13:14,0,1023.0,122.84466464442482,dry,0,0.3079
1802769267,ZW,Matabeleland North,-19.163872,27.241543,2011,8,28,2011-08-28T16:54,0,1015.0,116.15019120269568,dry,0,0.3079
1802769115,ZW,Matabeleland North,-19.143891,27.311654,2011,8,27,2011-08-27T16:18,0,1019.0,122.88310992035538,dry,0,0.3079
1802768870,ZW,Matabeleland North,-17.964937,25.988463,2011,8,26,2011-08-26T17:05,0,907.0,14.602480568126884,dry,0,0.3079
1802763330,ZW,Masvingo,-21.557478,32.179364,2017,8,5,2017-08-05T14:32,1,371.0,401.9070342641932,dry,0,0.3079
1802754423,MZ,Niassa,-12.209388,37.849935,2012,5,26,2012-05-26T16:06,10,372.0,937.4282838339475,dry,0,0.3079
1802754165,BW,Central,-22.335873,28.973053,2012,4,14,2012-04-14T09:41,4,601.0,193.88492641704994,wet,1,0.3079
1802753875,BW,North-West,-19.341625,23.391846,2012,3,27,2012-03-27T17:34,0,953.0,39.648980806375114,wet,1,0.3079
1802753863,BW,North-West,-19.18025,23.249442,2012,3,27,2012-03-27T13:41,0,957.0,33.0894341809392,wet,1,0.3079
1802753860,BW,North-West,-19.218398,23.530897,2012,3,27,2012-03-27T16:00,0,950.0,24.500762318585807,wet,1,0.3079
1802749977,BW,Chobe,-17.905342,25.038351,2017,12,29,2017-12-29T10:32:23,0,1031.0,86.66276516571834,wet,1,0.3079
1703159570,ZM,Central,-15.109935,25.91693,2017,10,28,2017-10-28T05:44,5,1104.0,224.0096208458616,dry,0,0.3079
1702488199,ZM,Southern,-17.979789,25.950662,2004,9,6,2004-09-06T11:56,0,918.0,11.653914695949442,dry,0,0.3079
1702488168,ZM,Southern,-17.839098,25.840834,2004,9,6,2004-09-06T11:12,0,942.0,9.631030207733787,dry,0,0.3079
1702487320,ZM,Eastern,-12.946068,31.836935,2017,10,14,2017-10-14T15:27,3,544.0,468.53981495279425,dry,0,0.3079
1702480702,ZM,Eastern,-12.860343,31.913194,2017,10,13,2017-10-13T05:50,3,541.0,481.1563858636965,dry,0,0.3079
1702472158,ZW,Matabeleland North,-17.939654,25.748549,2017,10,25,2017-10-25T14:00,0,1025.0,11.620656270572086,dry,0,0.3079
1702466613,ZW,Matabeleland North,-18.63745,26.378531,2017,10,24,2017-10-24T08:49,0,902.0,39.027838054594085,dry,0,0.3079
1702466529,ZW,Matabeleland North,-18.664809,26.257443,2017,10,24,2017-10-24T08:28,0,964.0,30.48728638007879,dry,0,0.3079
1702465771,ZW,Matabeleland North,-18.638103,26.021565,2017,10,23,2017-10-23T16:44,0,957.0,35.32075327103979,dry,0,0.3079
1702465380,ZW,Matabeleland North,-18.619366,26.184741,2017,10,23,2017-10-23T12:27,0,964.0,34.03230274916555,dry,0,0.3079
1699391540,ZW,Matabeleland North,-18.686956,26.262932,2017,10,22,2017-10-22T17:03,0,996.0,28.364848423324613,dry,0,0.3079
1699391299,ZW,Matabeleland North,-18.671257,26.052804,2017,10,22,2017-10-22T15:54,0,986.0,30.609333826156277,dry,0,0.3079
1699382922,ZW,Matabeleland North,-18.736372,26.207709,2017,10,21,2017-10-21T16:55,0,1033.0,21.42232761970615,dry,0,0.3079
1699382883,ZW,Matabeleland North,-18.613499,26.271406,2017,10,21,2017-10-21T16:23,0,928.0,36.367468869677516,dry,0,0.3079
1699378561,ZW,Matabeleland North,-18.692439,26.302248,2017,10,21,2017-10-21T14:57,0,961.0,29.57050083666766,dry,0,0.3079
1699378340,ZW,Matabeleland North,-18.794953,26.332364,2017,10,21,2017-10-21T14:22,0,1047.0,22.715011863631567,dry,0,0.3079
1699371095,ZM,Muchinga,-13.126498,31.752074,2004,8,27,2004-08-27T03:42,3,524.0,447.43328161082627,dry,0,0.3079
1677351002,ZM,Southern,-17.828732,25.848426,2003,7,26,2003-07-26,0,947.0,10.667165065810966,dry,0,0.3079
1677349602,ZM,Muchinga,-13.160081,31.796054,2003,12,6,2003-12-06,3,539.0,447.88651879450435,wet,1,0.3079
1677346562,ZM,Eastern,-13.128965,31.725996,2005,9,2,2005-09-02,3,526.0,445.34330688683593,dry,0,0.3079
1677346481,ZM,Southern,-17.914052,25.869156,2006,6,11,2006-06-11,0,900.0,1.7025378047896063,dry,0,0.3079
1677342551,ZW,Mashonaland West,-15.972765,28.862788,2006,4,25,2006-04-25T18:02,0,408.0,16.941905299519636,wet,1,0.3079
1677316669,BW,Chobe,-17.974022,25.157134,2017,10,14,2017-10-14T01:35,0,1044.0,74.26120975006464,dry,0,0.3079
1671724833,BW,North-West,-19.551965,23.283788,2016,8,22,2016-08-22T15:15,0,953.0,65.43687407719877,dry,0,0.3079
1671724759,BW,Chobe,-17.82775,25.153034,2016,8,17,2016-08-17T17:17,0,1000.0,75.28892670107483,dry,0,0.3079
1671724714,ZW,Matabeleland North,-18.968408,27.096327,2016,8,13,2016-08-13T16:16,0,1020.0,97.98340650284149,dry,0,0.3079
1668788402,MZ,Sofala,-17.274794,34.811391,2014,12,13,2014-12-13,-1,136.0,360.04061136245747,wet,1,0.3079
1640115867,BW,Chobe,-18.692875,24.161039,2017,8,12,2017-08-12T11:41:37,0,922.0,77.49404336202768,dry,0,0.3079
1621778011,BW,Chobe,-17.920249,24.968292,2010,5,24,2010-05-24T16:25,0,1026.0,94.04672279217175,dry,0,0.3079
1586949618,ZW,Masvingo,-21.339547,32.337967,2017,8,6,2017-08-06T15:26,1,173.0,381.56164002063525,dry,0,0.3079
1586949541,ZW,Masvingo,-21.366401,32.294726,2017,8,6,2017-08-06T09:20,1,210.0,383.4592007658605,dry,0,0.3079
1586114738,BW,Central,-22.385529,28.824235,2012,5,29,2012-05-29T08:21,4,699.0,177.84086786180112,dry,0,0.3079
1580504892,BW,Chobe,-18.701621,24.488825,2003,8,15,2003-08-15T13:58,0,934.0,109.21602357261429,dry,0,0.3079
1571095975,ZW,Masvingo,-21.262008,31.814829,2017,5,28,2017-05-28T17:03,1,335.0,364.213771723323,dry,0,0.3079
1571095954,ZW,Masvingo,-21.38866,31.94753,2017,5,28,2017-05-28T17:02,1,315.0,379.70229201710913,dry,0,0.3079
1571095225,ZW,Masvingo,-21.426582,32.126792,2017,5,28,2017-05-28T13:12,1,263.0,386.62409665010574,dry,0,0.3079
1571095061,ZW,Masvingo,-21.565803,32.068358,2017,5,28,2017-05-28T11:36,1,308.0,400.9321038857037,dry,0,0.3079
1571094979,ZW,Masvingo,-21.508713,32.161933,2017,5,28,2017-05-28T11:31,1,347.0,396.25042414515184,dry,0,0.3079
1571081267,BW,Central,-20.208421,24.406203,2017,3,12,2017-03-12T00:05,0,930.0,164.51588370075643,wet,1,0.3079
1571070974,ZW,Matabeleland North,-18.728067,26.21544,2017,4,21,2017-04-21T16:08:09,0,1045.0,22.501729269116332,wet,1,0.3079
1571068890,BW,Ghanzi,-21.287127,23.859858,2017,4,14,2017-04-14T09:53:52,0,959.0,257.0760529724332,wet,1,0.3079
1563447949,BW,North-West,-18.425292,23.542857,2017,3,18,2017-03-18T00:19,0,948.0,64.06381045129005,wet,1,0.3079
1563446263,BW,Chobe,-17.99088,25.199639,2017,5,27,2017-05-27T15:48:06,0,1053.0,69.94837870948706,dry,0,0.3079
1563435638,ZW,Masvingo,-21.335176,31.923427,2017,5,27,2017-05-27T15:35,1,310.0,373.49444275261556,dry,0,0.3079
1562952590,BW,Ghanzi,-22.225182,23.46943,2017,5,6,2017-05-06T17:31,0,1005.0,358.6379835614582,dry,0,0.3079
1562948398,BW,Kweneng,-23.570497,24.029612,2017,5,4,2017-05-04T17:21:09,-1,1075.0,331.8879427258627,dry,0,0.3079
1562938990,BW,North-West,-18.217867,22.038621,2014,6,8,2014-06-08T10:33:23,0,1023.0,176.86078212315962,dry,0,0.3079
1457590645,BW,North-West,-18.533698,23.550126,2017,3,31,2017-03-31T17:02:28,0,943.0,52.118296055267436,wet,1,0.3079
1455579719,MZ,Sofala,-18.831609,34.240637,2016,8,20,2016-08-20T03:37,7,85.0,303.5595805713718,dry,0,0.3079
1455579645,MZ,Sofala,-18.874165,34.364518,2016,8,20,2016-08-20T04:51,7,26.0,317.4133771893791,dry,0,0.3079
1453404901,MZ,Sofala,-18.821052,34.50139,2014,8,20,2014-08-20T16:04,7,25.0,329.54932546599775,dry,0,0.3079
1453404811,BW,Central,-20.511005,25.322388,2016,6,4,2016-06-04T13:49,0,904.0,197.2273913951135,dry,0,0.3079
1453391835,ZM,Muchinga,-11.636928,32.163451,2013,10,30,2013-10-30T12:50,3,884.0,585.4262688839956,dry,0,0.3079
1453368963,ZW,Masvingo,-21.477294,32.092771,2014,7,22,2014-07-22T08:37,1,362.0,391.6009927185032,dry,0,0.3079
1453351348,ZM,Central,-14.781171,26.303286,2016,9,10,2016-09-10T00:12,5,1109.0,183.9461769116991,dry,0,0.3079
1453205567,ZM,Central,-15.036985,25.967923,2016,9,7,2016-09-07T07:53:43,5,1119.0,218.2764529062808,dry,0,0.3079
1453198599,ZM,Southern,-15.823947,25.855919,2016,9,6,2016-09-06T12:24:57,5,1033.0,233.54863753423578,dry,0,0.3079
1453176914,ZM,Southern,-17.821924,25.978787,2016,9,3,2016-09-03T17:44:47,0,972.0,17.180150517575967,dry,0,0.3079
1453161103,BW,Chobe,-18.696743,24.45987,2015,6,16,2015-06-16T16:03,0,932.0,106.48901217976001,dry,0,0.3079
1453103776,BW,Chobe,-18.665345,24.451181,2011,5,22,2011-05-22T06:20:03,0,931.0,106.79673358768935,dry,0,0.3079
1453062120,ZM,Central,-14.94595,25.882785,2011,9,5,2011-09-05,5,1097.0,227.50894171968775,dry,0,0.3079
1315063079,BW,Chobe,-18.686504,24.427137,2008,8,24,2008-08-24T09:17,0,933.0,103.60777629605947,dry,0,0.3079
1305164789,BW,North-West,-19.395319,23.12186,2012,7,26,2012-07-26T11:15,0,956.0,59.237268324121764,dry,0,0.3079
1305152314,BW,Chobe,-17.940833,24.822379,2012,7,30,2012-07-30T11:10,0,1019.0,109.49213905103987,dry,0,0.3079
1305152079,ZM,Muchinga,-13.18425,31.74761,2012,8,5,2012-08-05T11:08,3,551.0,442.3562154804953,dry,0,0.3079
1305130117,BW,North-West,-19.813384,24.763462,2016,7,31,2016-07-31T15:27,0,930.0,160.43113796880405,dry,0,0.3079
1291135379,BW,North-West,-19.154535,23.662512,2015,3,25,2015-03-25T03:09:23,0,945.0,24.226691736552354,wet,1,0.3079
1269541626,ZM,Muchinga,-13.127194,31.441887,2015,6,30,2015-06-30,3,587.0,425.60478021215215,dry,0,0.3079
1253300703,ZW,Matabeleland North,-17.848577,25.912282,2008,7,31,2008-07-31,0,914.0,10.240684584406836,dry,0,0.3079
1143526718,BW,North-West,-19.611919,23.243716,2015,8,18,2015-08-18T10:17,0,948.0,73.16476503997805,dry,0,0.3079
1143526659,BW,North-West,-19.913086,23.329405,2015,8,18,2015-08-18T15:42,0,939.0,103.09388910009194,dry,0,0.3079
1143525992,BW,North-West,-19.293413,23.707448,2015,8,17,2015-08-17T14:44,0,941.0,39.23404481613254,dry,0,0.3079
1143525960,BW,North-West,-19.261564,23.747182,2015,8,17,2015-08-17T13:18,0,940.0,38.989999186269216,dry,0,0.3079
1143525935,BW,North-West,-19.005629,23.738878,2015,8,17,2015-08-17T11:35,0,943.0,25.12225664320365,dry,0,0.3079
1143525626,BW,North-West,-19.277993,22.663373,2015,8,26,2015-08-26T23:15:26,0,967.0,93.16402759906623,dry,0,0.3079
1143525094,BW,North-West,-19.403646,23.633423,2015,8,16,2015-08-16T09:49,0,943.0,47.01928932859827,dry,0,0.3079
1135527913,BW,North-West,-19.436188,23.597658,2015,8,16,2015-08-16T15:50,0,942.0,49.57394344499555,dry,0,0.3079
1135527055,BW,North-West,-19.53649,23.757347,2015,8,15,2015-08-15T10:43,0,941.0,65.48584530394743,dry,0,0.3079
1098894716,ZM,Central,-12.420364,30.216289,2014,12,10,2014-12-10,2,1190.0,373.6146157310936,wet,1,0.3079
1092891470,BW,Selibe Phikwe,-21.897053,27.853056,2011,10,20,2011-10-20,-1,814.0,112.91852017823078,dry,0,0.3079
1052605866,ZM,Central,-12.402958,30.329701,2014,12,10,2014-12-10,2,1209.0,383.0427950423788,wet,1,0.3079
1052605813,ZM,Central,-12.550137,30.290684,2014,12,7,2014-12-07,2,1199.0,367.96336958512575,wet,1,0.3079
